id_siniestro,valor_real,valor_predicho,probabilidad_fatal
LC-2022-0517979,0,0,0.002441910122304809
LC-2019-0496495,0,0,0.059842942672590826
LC-2024-0010569,0,0,0.23019939170806272
LC-2024-0147333,0,0,0.003928154198442172
LC-2019-0573464,0,0,0.081060982658158
LC-2024-0655208,0,0,0.052321501431704415
LC-2024-0458477,0,0,0.12874308276804589
LC-2025-0253615,0,0,0.04921457070937546
LC-2024-0376398,0,0,0.004916538143314712
LC-2024-0708105,0,0,0.11525665027856098
LC-2024-0588497,0,0,0.08799476873828399
LC-2019-0437398,0,0,0.0028383764219659293
LC-2019-0510827,0,0,0.016522161029393453
LC-2021-0096631,0,0,0.02052673456217015
LC-2022-0597491,0,0,0.007697999599915677
LC-2024-0598051,0,0,0.06609521322406438
LC-2022-0337472,0,0,0.14054082296041562
LC-2019-0158379,0,0,0.13963348504162199
LC-2023-0441644,0,0,0.3483828881672808
LC-2023-0120916,0,0,0.3209553313373022
LC-2022-0431014,0,0,0.0031202930804240083
LC-2024-0747757,0,0,0.004621157337313808
LC-2024-0046629,0,0,0.29862309805051357
LC-2023-0606733,0,0,0.00347069507602672
LC-2021-0328795,0,0,0.3886718517803227
LC-2023-0606807,0,0,0.2026055009682825
LC-2025-0684694,0,0,0.004079065874106296
LC-2022-0571186,0,0,0.021544852709776588
LC-2020-0624264,0,0,0.10216066900813138
LC-2025-0861073,0,0,0.10310687263639974
LC-2021-0260435,0,0,0.018127304627042474
LC-2022-0671374,0,0,0.11005962424402531
LC-2025-0686962,0,0,0.3223439291073536
LC-2020-0218937,0,0,0.1579116316706478
LC-2022-0464249,0,0,0.08119375360809418
LC-2025-0391777,0,0,0.0076580718205164645
LC-2025-0779447,0,0,0.02298860210489926
LC-2025-0904960,0,1,0.01698342790575901
LC-2019-0587276,0,0,0.007704084770918955
LC-2023-0597179,0,0,0.0002756423486435253
LC-2020-0492963,0,0,0.03459732816038022
LC-2020-0474976,0,1,0.6205232474844666
LC-2022-0634715,0,0,0.003998401025396205
LC-2023-0295166,0,0,0.3068665976358779
LC-2020-0505483,0,0,0.06173635869333946
LC-2025-0840561,0,1,0.01631262984665181
LC-2022-0439930,0,0,0.060959546406178164
LC-2020-0061625,0,0,0.1059479877548741
LC-2020-0586865,0,0,0.0049223245066282026
LC-2024-0376075,0,0,0.024536140500542297
LC-2023-0322803,0,0,0.003605672319959865
LC-2021-0467503,0,0,0.031564850105297464
LC-2019-0057033,0,0,0.07828950475257362
LC-2022-0185725,0,0,0.021502606838813446
LC-2025-0584159,0,0,0.01845592579359212
LC-2021-0540807,0,0,0.01854011821353526
LC-2022-0157289,0,0,0.2816695854791892
LC-2023-0409011,0,0,0.28066636574239184
LC-2022-0644998,0,0,0.003486987906901801
LC-2020-0646259,0,0,0.0028530508856649955
LC-2023-0251948,0,0,0.0004963634299968018
LC-2019-0359633,0,0,0.049665636725077615
LC-2024-0209303,0,0,0.0009140828300562965
LC-2022-0255410,0,0,0.1477560668454475
LC-2022-0512086,0,0,0.3055704397171462
LC-2025-0932818,0,0,0.25323217362357836
LC-2024-0618193,0,0,0.33702599768155084
LC-2022-0035359,0,0,0.016126567400138424
LC-2019-0341615,0,0,0.026759606014872813
LC-2022-0468868,0,0,0.05663794481415391
LC-2024-0707425,0,1,0.00830078069486034
LC-2022-0350792,0,0,0.6304254284734193
LC-2022-0432166,0,0,0.03335952348058633
LC-2021-0603941,0,0,0.1738494331893083
LC-2023-0728457,0,0,0.1271702202081823
LC-2019-0109241,0,0,0.08414354206946895
LC-2023-0477420,0,0,0.001081703704790743
LC-2022-0495376,0,0,0.028337481136405104
LC-2025-0677999,0,0,0.2779164818062083
LC-2021-0394229,0,0,0.0004963634299968018
LC-2025-0057602,0,0,0.161317154641115
LC-2021-0267010,0,0,0.005707485831479826
LC-2023-0662725,0,0,0.01770762686172148
LC-2020-0635234,0,0,0.001588765006391888
LC-2023-0601326,0,0,0.10949778526171977
LC-2023-0101932,0,0,0.15676643638396148
LC-2024-0307129,0,1,0.003821030205028229
LC-2023-0284776,0,0,0.008859273602001436
LC-2021-0127365,0,0,0.22994337849365565
LC-2019-0156062,0,0,0.17736737926777404
LC-2019-0216121,0,0,0.05281670099817206
LC-2019-0745345,0,0,0.00402178275904656
LC-2023-0626669,0,0,0.05166211434657451
LC-2022-0469865,0,0,0.20241472208992067
LC-2024-0318224,0,0,0.26762441200563847
LC-2022-0147531,0,0,0.06949581116979592
LC-2023-0639532,0,0,0.10643853248957265
LC-2024-0507925,0,0,0.06812106205697434
LC-2025-0879858,0,0,0.34613495387068044
LC-2019-0302566,0,0,0.013801874859656645
LC-2023-0616922,0,0,0.2352350885735156
LC-2024-0502227,0,0,0.05705447244653304
LC-2024-0298371,0,0,0.012721447578382616
LC-2019-0103271,0,0,0.004868576640170873
LC-2024-0225406,0,0,0.0669877129837222
LC-2020-0575546,0,0,0.04916969023630649
LC-2020-0559677,0,0,0.0002756423486435253
LC-2025-0457797,0,0,0.0883353645442447
HC-2022-0345869,1,0,0.23554722531368494
LC-2021-0401535,0,0,0.0027492534817419503
LC-2019-0624734,0,0,0.1261225558115979
LC-2019-0620920,0,0,0.15500532707675688
LC-2025-0926644,0,0,0.17073631096157943
LC-2025-0077373,0,0,0.10528251812644798
LC-2019-0238588,0,0,0.044958994796520615
LC-2025-0208420,0,0,0.19539015057566853
LC-2025-0880450,0,0,0.0031621351131940222
LC-2020-0508036,0,0,0.19460339544383004
LC-2020-0655333,0,0,0.13808446732274
LC-2019-0604992,0,0,0.05902446632249507
LC-2020-0487873,0,0,0.0771714594682504
LC-2019-0399141,0,0,0.06578016762000909
LC-2023-0031055,0,0,0.0009153679983132447
LC-2025-0288346,0,0,0.0030182486657290676
LC-2024-0538500,0,0,0.0014049701172736474
LC-2024-0101145,0,0,0.1120948089977427
LC-2022-0294209,0,0,0.10363329846558501
LC-2019-0420433,0,0,0.1210636365758982
LC-2019-0476829,0,0,0.024748013125079998
LC-2022-0107125,0,0,0.048390242384335806
LC-2021-0501166,0,0,0.1513683336875206
LC-2020-0560616,0,0,0.003618908885559761
LC-2024-0179183,0,0,0.08071211669139101
LC-2024-0097568,0,0,0.029060076116098763
LC-2021-0253403,0,0,0.1807407999790727
LC-2020-0633699,0,0,0.1452751826089567
LC-2022-0541397,0,0,0.1288357056152392
LC-2019-0756888,0,0,0.19264294364927084
LC-2022-0282764,0,0,0.12306959555736319
LC-2024-0382716,0,0,0.0002756423486435253
LC-2021-0041308,0,0,0.05855612656871566
LC-2019-0209211,0,0,0.021508472729405658
LC-2019-0451358,0,0,0.005231831910761603
HC-2023-0267237,1,0,0.4784333369739975
LC-2023-0166019,0,0,0.06773639311644754
LC-2023-0528891,0,0,0.06321050607295882
LC-2024-0358001,0,0,0.07333098842476983
LC-2025-0264111,0,0,0.006111864048689506
LC-2025-0200318,0,0,0.04915550232299552
LC-2022-0440480,0,0,0.09711159314362858
LC-2024-0168443,0,0,0.008660191419452196
LC-2020-0095074,0,0,0.009446628120290906
LC-2022-0505362,0,0,0.06010483944809155
LC-2022-0685774,0,0,0.12364446875692137
LC-2022-0299019,0,0,0.0
LC-2022-0398741,0,0,0.019064925130930107
LC-2020-0125989,0,0,0.037371879806884695
LC-2020-0463780,0,0,0.014345612572444546
LC-2021-0549780,0,0,0.0
LC-2019-0565386,0,0,0.0353447346025039
LC-2025-0412204,0,0,0.08311424963124313
LC-2023-0099906,0,0,0.10452781266472616
LC-2025-0663973,0,0,0.010945638584176418
LC-2021-0472725,0,0,0.00860680712764719
LC-2024-0352704,0,0,0.174354631094632
LC-2023-0374287,0,0,0.012296742566926868
LC-2020-0492533,0,0,0.026326120944567
LC-2022-0395866,0,0,0.02047984369286233
LC-2019-0113264,0,0,0.04422265680915602
LC-2022-0441446,0,0,0.04302904563666263
LC-2024-0341389,0,0,0.6063499566591618
LC-2025-0370679,0,0,0.1073701337553472
LC-2019-0114499,0,0,0.03686801653321883
LC-2019-0017460,0,0,0.04446363813853237
LC-2025-0652512,0,0,0.19976275114776654
LC-2023-0631959,0,0,0.18797468755775074
LC-2025-0455811,0,0,0.1857188069496754
LC-2021-0619416,0,0,0.004700513337525016
LC-2022-0052495,0,0,0.08543760550101005
LC-2021-0216071,0,0,0.16267516776722155
LC-2023-0251569,0,0,0.028920377759451568
LC-2025-0851016,0,0,0.042737169173246554
LC-2021-0388902,0,0,0.2040455169153238
LC-2024-0057982,0,0,0.08072947293603322
LC-2024-0252449,0,0,0.1765786353981088
LC-2023-0500798,0,0,0.16089090564830427
LC-2022-0356935,0,0,0.012580609877805467
LC-2025-0306158,0,0,0.01980087783907121
LC-2024-0730485,0,0,0.0045423550582054315
LC-2019-0680834,0,0,0.004972438342022316
LC-2025-0909994,0,0,0.10199418634302711
LC-2022-0258122,0,0,0.009838310079505632
LC-2024-0685606,0,0,0.04639790776135953
LC-2022-0013326,0,0,0.13153371680036932
LC-2019-0199211,0,0,0.07710460740822342
LC-2023-0523105,0,0,0.23166756504872685
LC-2024-0723493,0,0,0.12108288957091855
LC-2023-0033452,0,0,0.10804986393450687
LC-2019-0721255,0,0,0.011643259770306634
LC-2021-0134659,0,0,0.3614167964330213
LC-2024-0485139,0,0,0.014832589451608903
LC-2025-0385495,0,0,0.008620460674023207
LC-2024-0627268,0,0,0.10089871455133219
LC-2025-0540936,0,0,0.03397954122457601
LC-2025-0791543,0,0,0.017733865775136314
LC-2024-0277547,0,0,0.004684329487894982
LC-2019-0683207,0,0,0.05335011630075826
LC-2025-0746821,0,0,0.2981542197446337
HC-2019-0689068,1,0,0.5739575115532003
LC-2024-0754581,0,0,0.6829322316300283
LC-2019-0702044,0,0,0.05834540559400865
LC-2024-0002845,0,0,0.009298834986036954
LC-2019-0163130,0,0,0.011601244671440507
LC-2020-0135603,0,0,0.06209214481100802
LC-2021-0533053,0,1,0.0016073247417181585
LC-2025-0774913,0,0,0.04239221577583228
LC-2025-0355881,0,0,0.07291800919260762
LC-2025-0169696,0,0,0.03556676748383198
LC-2019-0685728,0,0,0.036944800832804436
LC-2024-0268898,0,0,0.43272830876509977
LC-2019-0114487,0,0,0.014845814695438412
LC-2022-0287007,0,0,0.3547860522387247
LC-2019-0262643,0,0,0.039704011461400485
LC-2021-0028599,0,0,0.1096922103315625
LC-2025-0264102,0,0,0.052274532159021704
LC-2025-0699136,0,0,0.006290268972742871
LC-2025-0778742,0,0,0.01796091542002752
LC-2024-0600552,0,0,0.0006384404814127712
LC-2025-0430965,0,0,0.024072140406337306
LC-2022-0609806,0,0,0.13913369446732
LC-2019-0499310,0,1,0.035985482136120496
LC-2025-0736737,0,0,0.0239320937425129
LC-2024-0125136,0,0,0.010393352971241505
LC-2020-0233617,0,0,0.1080258673433057
LC-2022-0156563,0,0,0.09283497248342126
LC-2025-0333124,0,0,0.27318166892674134
LC-2024-0122433,0,0,0.165517382858144
LC-2019-0209901,0,0,0.3699761294600556
LC-2025-0218586,0,0,0.0073665909503728534
LC-2021-0394824,0,0,0.10369529850437263
LC-2019-0020183,0,0,0.012115070779886328
LC-2021-0636510,0,0,0.0002756423486435253
LC-2025-0767861,0,0,0.19151807392004852
LC-2023-0728361,0,0,0.029841566899923202
LC-2021-0527697,0,0,0.34085699416717263
LC-2024-0182636,0,0,0.0314871325657925
LC-2025-0804938,0,0,0.01849723395228381
LC-2024-0336744,0,0,0.1493839970536241
LC-2024-0583225,0,0,0.09040884760749082
LC-2025-0192027,0,0,0.451970044422003
LC-2020-0153437,0,0,0.09899723533985899
LC-2021-0609514,0,0,0.2919880143961471
LC-2025-0835867,0,0,0.024627571839471174
LC-2022-0106147,0,0,0.12671804405751616
LC-2022-0348199,0,0,0.15426604593371884
LC-2022-0266492,0,0,0.08257458392948445
LC-2024-0766846,0,0,0.2005808879043223
LC-2025-0503208,0,0,0.04785176231401905
LC-2025-0011418,0,0,0.08830417104567541
LC-2020-0456535,0,0,0.3241772532178572
LC-2024-0326949,0,0,0.04635567659904485
LC-2023-0295963,0,0,0.045164929857918146
LC-2025-0945064,0,0,0.14376271129220464
LC-2022-0518182,0,0,0.01450133404694798
LC-2021-0624393,0,0,0.02045763484392032
LC-2020-0560678,0,0,0.0004974535177467124
LC-2025-0894424,0,0,0.21953237044389493
LC-2020-0642667,0,0,0.10997234097185611
LC-2019-0679470,0,0,0.012035423712999512
LC-2022-0221839,0,0,0.1153141615056067
LC-2019-0518724,0,0,0.04709264978314623
LC-2024-0214387,0,0,0.14935131863182247
LC-2021-0071837,0,0,0.0795262935044792
LC-2022-0685794,0,0,0.10642164292084708
LC-2023-0514570,0,0,0.05011903142417959
LC-2021-0542746,0,0,0.05076404040056846
LC-2024-0107904,0,0,0.0029280535011519783
LC-2025-0038198,0,0,0.057815536257389714
LC-2022-0050895,0,0,0.6187765633405733
LC-2022-0381638,0,0,0.10582074865812752
LC-2021-0607191,0,0,0.08816510309595145
LC-2024-0614733,0,0,0.0054552726706162315
LC-2024-0130716,0,0,0.2657319666112411
LC-2025-0748550,0,0,0.11032028561909145
LC-2023-0094995,0,0,0.014255756390658443
LC-2024-0491613,0,0,0.12610855193541667
LC-2019-0064484,0,0,0.029018085338970958
LC-2022-0469016,0,0,0.3011988384518944
LC-2019-0562321,0,0,0.01682778256369673
LC-2023-0581836,0,0,0.01799841983671467
LC-2021-0601261,0,0,0.17787811458053515
LC-2019-0434543,0,0,0.019725621785904642
LC-2022-0150579,0,0,0.007255621083969632
LC-2020-0029430,0,0,0.061415103786269576
LC-2024-0625564,0,0,0.0027928630034890784
LC-2019-0478243,0,0,0.027650754048352905
LC-2025-0002766,0,0,0.13924595075665086
LC-2021-0406174,0,0,0.04751385834034771
LC-2023-0381687,0,0,0.037078729609178955
LC-2024-0721735,0,0,0.06216089230802778
LC-2022-0094268,0,0,0.04912761573399373
LC-2019-0068985,0,0,0.024473155745954104
LC-2022-0633942,0,0,0.05052284287973273
LC-2020-0457367,0,0,0.04594764865295438
LC-2020-0573371,0,0,0.010411828464286614
LC-2021-0631524,0,0,0.005963803322156997
LC-2025-0745995,0,0,0.03710476488202723
LC-2023-0105839,0,0,0.39341884051684245
LC-2020-0551952,0,0,0.005907510761393801
LC-2021-0495970,0,0,0.16742141902339305
LC-2025-0788872,0,0,0.05971138239141182
LC-2023-0567001,0,0,0.2418374739894833
LC-2019-0449939,0,0,0.43307521036704943
LC-2025-0310322,0,0,0.01741765594406545
LC-2021-0384904,0,0,0.017697593694215162
LC-2021-0161058,0,0,0.5726545739866031
LC-2023-0409035,0,0,0.039207505998355416
LC-2022-0395132,0,0,0.043821940397014474
LC-2023-0250153,0,0,0.31945754276805954
LC-2024-0058820,0,0,0.0659961157823872
LC-2023-0712138,0,0,0.2701135162876462
LC-2025-0291712,0,0,0.4228788561958921
LC-2019-0713444,0,0,0.004395690615192521
LC-2021-0450332,0,0,0.1654198977654194
LC-2023-0398227,0,0,0.34209652524362855
LC-2025-0314084,0,0,0.1666176896798621
LC-2024-0433214,0,0,0.03431233178006082
LC-2019-0227819,0,0,0.0053712380348057455
LC-2020-0117173,0,0,0.0716789494239063
LC-2025-0720691,0,0,0.007772037834101977
LC-2024-0299111,0,0,0.07896674696262411
LC-2024-0602092,0,0,0.008416432708186407
LC-2021-0124387,0,0,0.07670366565796352
LC-2025-0529544,0,0,0.10084135888318135
LC-2021-0496808,0,0,0.06307723084304011
LC-2019-0633661,0,0,0.029399425497637143
LC-2021-0499157,0,0,0.0002756423486435253
LC-2024-0225924,0,0,0.005116388917800171
LC-2021-0039278,0,0,0.04347117545290428
LC-2019-0433553,0,0,0.040083095138678894
LC-2019-0213518,0,0,0.07018653959088055
LC-2019-0331046,0,0,0.004846249720961381
LC-2021-0614514,0,0,0.11882890136373238
LC-2020-0509674,0,0,0.09044352009734993
LC-2023-0730267,0,0,0.10758033584833053
LC-2025-0445605,0,0,0.11679581544890208
LC-2021-0038496,0,0,0.1511500210942259
LC-2025-0356378,0,0,0.14910073861871717
LC-2023-0504884,0,0,0.0004963634299968018
LC-2022-0002613,0,0,0.14618032768031874
LC-2025-0124624,0,0,0.1277734447172774
LC-2021-0539996,0,0,0.005889396476116317
LC-2023-0297819,0,0,0.057477076743111456
LC-2022-0634581,0,0,0.09957521597168706
LC-2021-0343787,0,0,0.04829083280560458
LC-2023-0416787,0,0,0.025231443053420906
LC-2019-0320626,0,0,0.10388016587553235
LC-2020-0052358,0,0,0.11785375806836353
LC-2020-0660892,0,0,0.12710624559738962
LC-2020-0483108,0,0,0.34802505573181713
LC-2020-0057129,0,0,0.073890019173136
LC-2022-0175007,0,1,0.004179158133963434
LC-2025-0202973,0,0,0.007357789683241351
LC-2019-0188020,0,1,0.027658939617346234
LC-2020-0684696,0,0,7.342177634956852e-05
LC-2019-0237028,0,0,0.020209698189331254
LC-2025-0084932,0,0,0.07015383282557165
LC-2021-0014489,0,0,0.09780594951681358
LC-2019-0760707,0,0,0.04257794701156674
LC-2025-0747802,0,0,0.27836239950981617
LC-2019-0661412,0,0,0.030856068387156932
LC-2024-0733470,0,0,0.10886144470744535
LC-2023-0305811,0,0,0.03417220983328298
LC-2021-0204704,0,0,0.005591507581543456
LC-2024-0396520,0,0,0.0002756423486435253
LC-2025-0403639,0,0,0.004837028234298695
LC-2024-0567134,0,0,0.01728199245862825
LC-2024-0087729,0,0,0.0016008887552406415
LC-2025-0568987,0,0,0.060412146155295735
LC-2025-0569555,0,0,0.0875733246648676
LC-2019-0474061,0,0,0.02019373574780325
LC-2019-0412470,0,0,0.022747641079936633
LC-2019-0095575,0,0,0.0
LC-2024-0331652,0,0,0.08478575923312484
LC-2020-0523202,0,0,0.04719992881263727
LC-2024-0205306,0,0,0.03710983974699783
LC-2022-0275796,0,0,0.6693531737775245
LC-2024-0333635,0,0,0.22544658360358885
LC-2021-0609586,0,0,0.1669136686626748
LC-2024-0385933,0,0,0.005600638581382807
LC-2022-0267670,0,0,0.493689036778429
LC-2020-0057450,0,0,0.15214008040110336
LC-2019-0171610,0,0,0.1880665466600421
LC-2025-0272405,0,0,0.09198475265674812
LC-2024-0626194,0,0,0.3174842466902436
LC-2020-0369819,0,0,0.13333205945550897
LC-2021-0396776,0,0,0.008365654513791706
LC-2019-0121022,0,0,0.07646629911032575
LC-2023-0436399,0,0,0.01079518209079547
LC-2023-0308258,0,0,0.005899838131417456
LC-2021-0057875,0,0,0.3561209023369607
LC-2019-0123572,0,0,0.004526747856954208
LC-2023-0648513,0,0,0.012786206693000712
LC-2019-0298365,0,0,0.0020259439019756826
LC-2022-0119916,0,0,0.0018563810325608022
LC-2022-0139414,0,0,0.09886832223507865
LC-2021-0599884,0,0,0.07639194505979617
LC-2020-0589394,0,0,0.0
LC-2023-0627096,0,0,0.01167837199638747
LC-2025-0743741,0,0,0.04998019514558185
LC-2020-0108881,0,0,0.18280521450095544
LC-2020-0026149,0,0,0.07440223084643022
LC-2019-0585482,0,0,0.03416191857165373
LC-2022-0304756,0,0,0.3479694935234528
LC-2019-0420616,0,0,0.004749218301499277
LC-2022-0351036,0,0,0.12649087554468613
LC-2023-0418200,0,0,0.006631699175118062
LC-2023-0464134,0,0,0.12351343685432288
LC-2022-0314302,0,0,0.012623766771105167
LC-2022-0221010,0,0,0.1865650234007856
LC-2025-0790056,0,0,0.07450740105649481
LC-2020-0485530,0,0,0.5688129140480066
LC-2019-0442447,0,0,0.031640042190476454
LC-2025-0810207,0,0,0.14395020427043334
LC-2025-0601569,0,0,0.07822597310112561
LC-2022-0011294,0,0,0.11859499720276062
LC-2021-0610039,0,0,0.03166581048526871
LC-2024-0092557,0,0,0.01953979913524027
LC-2022-0072472,0,0,0.12322455224827657
LC-2024-0319028,0,0,0.008949860825506964
LC-2025-0367763,0,0,0.08679954511524532
LC-2025-0376569,0,0,0.18855392215364858
LC-2019-0791703,0,0,0.024486636300185577
LC-2022-0338986,0,0,0.25974838244823084
LC-2023-0070653,0,0,0.42144296996769315
LC-2019-0487505,0,0,0.08205911422674025
LC-2024-0515967,0,0,0.3652486585721033
LC-2021-0551664,0,0,0.01608946994599661
LC-2025-0490811,0,0,0.09449650420549098
LC-2022-0208197,0,0,0.04879037903269591
LC-2022-0146819,0,0,0.1313116942818254
LC-2022-0671740,0,0,7.342177634956852e-05
LC-2020-0150125,0,0,0.7213649361560784
LC-2022-0125481,0,0,0.07917609964251592
LC-2024-0517804,0,0,0.04475663535700745
LC-2024-0593768,0,0,0.15023995074901184
LC-2025-0682656,0,0,0.008767342246937055
LC-2021-0443786,0,0,0.028390212779353018
LC-2024-0662888,0,0,0.3871190118233359
LC-2025-0436240,0,0,0.189160343375258
LC-2025-0259589,0,0,0.008990885795301148
LC-2020-0656273,0,0,0.012240240684787575
LC-2022-0699841,0,0,0.22024661692612754
LC-2024-0396508,0,0,0.06937232060456909
LC-2025-0937787,0,0,0.14342203505511208
HC-2023-0186788,1,0,0.14030418104154566
LC-2021-0288939,0,0,0.1718220451212811
LC-2019-0643575,0,0,0.0412996386671984
LC-2020-0165828,0,0,0.011358217257242873
LC-2025-0471901,0,0,0.09229663794937729
LC-2019-0496114,0,0,0.017884197812859444
LC-2021-0524022,0,1,0.00907130698913235
LC-2019-0152785,0,0,0.006270324374065711
LC-2023-0571374,0,0,0.002296583234287832
LC-2019-0039419,0,1,0.025184699728788812
LC-2021-0198494,0,0,0.09552794141792177
LC-2023-0504874,0,0,0.03404351371848863
LC-2024-0740845,0,0,0.07205175842674595
LC-2024-0008387,0,0,0.11885149362961084
LC-2020-0573048,0,0,0.1962161504797145
LC-2019-0064378,0,0,0.01847591229056346
LC-2022-0274163,0,0,0.03599882177704679
LC-2020-0067093,0,0,0.05429104097834338
LC-2025-0538810,0,0,0.0729313317671089
LC-2024-0598267,0,0,0.09089366450344953
LC-2024-0385742,0,0,0.07101843515409462
LC-2020-0076833,0,1,0.0032516038849031066
LC-2022-0176435,0,0,0.19392857607060546
LC-2021-0102114,0,0,0.142682111007697
LC-2023-0588878,0,0,0.1957170143023676
LC-2024-0358510,0,0,0.01632853379834247
LC-2021-0324362,0,0,0.18629816660721032
LC-2025-0502630,0,0,0.30181314432836887
LC-2022-0250611,0,0,0.12414723732150187
LC-2019-0225084,0,0,0.02740695310771146
LC-2024-0556510,0,0,0.0004974535177467124
LC-2021-0079643,0,0,0.14719666564372097
LC-2021-0182807,0,0,0.37061725863271205
LC-2025-0449917,0,0,0.004149149590898755
LC-2023-0221065,0,0,0.0014330753674875957
LC-2024-0689335,0,0,0.1366304741260517
LC-2021-0532910,0,0,0.4022065837748072
LC-2021-0345864,0,0,0.15642138058751243
LC-2021-0647410,0,0,0.0030127856754782125
LC-2021-0553445,0,0,0.08972763779421129
LC-2024-0251819,0,0,0.0006384404814127712
LC-2024-0596059,0,0,0.03040705058618809
LC-2023-0332750,0,0,0.03624503644500424
LC-2025-0254820,0,0,0.005591507581543456
LC-2022-0498047,0,0,0.003946096439583066
LC-2024-0623477,0,0,0.05349656885027405
LC-2023-0205362,0,0,0.05361420262966024
LC-2025-0526486,0,0,0.20240376524050877
LC-2025-0905854,0,0,0.3381230170548305
LC-2023-0580627,0,1,0.07944235551061761
LC-2025-0216942,0,0,0.17245789782846324
LC-2021-0637825,0,0,0.004102516993369767
LC-2019-0260243,0,0,0.056931732684968914
LC-2025-0609933,0,0,0.04353807357020479
LC-2020-0034507,0,0,0.15557815885730647
LC-2025-0129498,0,0,0.2516997421107894
LC-2025-0911752,0,0,0.1831395175788904
LC-2023-0292715,0,0,0.21685905016601137
LC-2021-0340114,0,0,0.1375257259865864
LC-2022-0034956,0,0,0.028134711923078703
LC-2022-0410235,0,0,0.5151845129921935
LC-2021-0374602,0,0,0.07616628698050477
LC-2024-0630030,0,0,0.01634368804020209
LC-2021-0095637,0,0,0.010859457997792785
LC-2023-0186268,0,0,0.01812987713196235
LC-2019-0377007,0,0,0.0004229416536472334
LC-2025-0935229,0,0,0.09140827552243952
LC-2025-0826564,0,0,0.008734808301998251
LC-2023-0653547,0,0,0.13952472381315167
LC-2025-0329334,0,0,0.06505937139102727
LC-2021-0228214,0,0,0.0006985840022907585
LC-2019-0448979,0,0,0.373227805784306
LC-2019-0450647,0,0,0.06261713617225087
LC-2021-0493601,0,0,0.08401388023645785
LC-2023-0395121,0,0,0.005509830334008859
LC-2022-0348234,0,0,0.25803852943403505
LC-2019-0551839,0,0,0.06328341839798463
LC-2025-0686910,0,0,0.008355534052013143
LC-2025-0581013,0,0,0.056751065909393994
LC-2022-0596474,0,0,0.16445208845026923
LC-2022-0471363,0,0,0.4334664953943344
LC-2021-0433548,0,0,0.008583758475615953
LC-2024-0307096,0,0,0.20262780961487759
LC-2022-0016906,0,0,0.2247979948615766
LC-2021-0123589,0,0,0.022642378794512464
LC-2019-0418095,0,0,0.025789922298667108
LC-2020-0103914,0,0,0.014136342774036748
LC-2025-0923914,0,0,0.5417495517446941
LC-2022-0100051,0,0,0.23704876430934757
LC-2023-0208005,0,0,0.12154102275098726
LC-2020-0504354,0,0,0.06307655784297614
LC-2022-0416294,0,0,0.0030127856754782125
LC-2023-0567064,0,0,0.005759323778138774
LC-2021-0337415,0,0,0.08239013167958968
LC-2022-0162289,0,0,0.2589737798530098
LC-2023-0146347,0,1,0.27711662121957026
LC-2025-0779430,0,0,0.20037476109722147
LC-2025-0119024,0,0,0.2274267190991453
LC-2023-0580931,0,0,0.12121900119485027
LC-2023-0373044,0,0,0.1565246220969279
LC-2022-0058599,0,0,0.06901191034701921
LC-2022-0554988,0,0,0.013025463024989296
LC-2024-0619387,0,0,0.2803371236870687
LC-2022-0064873,0,0,0.22374317691731277
LC-2025-0887610,0,1,0.02727650221369693
LC-2021-0590562,0,0,0.05915373989753575
LC-2025-0829824,0,0,0.027883430166777454
LC-2025-0741165,0,0,0.2303304375826222
LC-2023-0337009,0,0,0.3949393578833515
LC-2023-0434982,0,0,0.11912479886364173
LC-2023-0496739,0,0,0.15091824015158867
LC-2025-0097223,0,0,0.015111463890635758
LC-2022-0305659,0,0,0.04985324859356083
LC-2021-0248645,0,0,0.3458122652296575
LC-2019-0596971,0,0,0.029512378096013894
LC-2025-0703277,0,0,0.1546080626561252
LC-2024-0654917,0,0,0.1827592094166465
LC-2019-0569303,0,0,0.1073044868252187
LC-2023-0499282,0,0,0.050720441354233224
LC-2021-0435179,0,0,0.0002756423486435253
LC-2023-0083528,0,0,0.09975286928590861
LC-2023-0430613,0,0,0.19152274570905334
LC-2024-0092233,0,0,0.3444470840121972
LC-2020-0133911,0,0,0.09497410148507168
LC-2021-0480794,0,0,0.04023816135018812
LC-2022-0057823,0,0,0.03875206682577308
LC-2022-0441314,0,0,0.002016703633145297
LC-2022-0499090,0,0,0.13402986559040886
LC-2022-0198704,0,0,0.13917148970374332
LC-2019-0429789,0,0,0.12435710393545037
LC-2025-0188731,0,1,0.03914528071305687
LC-2025-0861780,0,0,0.038667971510043184
LC-2022-0642302,0,0,0.15079848856738365
LC-2021-0118813,0,0,0.16403501939678228
LC-2020-0605553,0,0,0.4162992015320294
LC-2022-0025676,0,0,0.11977734880611238
LC-2023-0241848,0,0,0.001803109327534598
LC-2021-0583338,0,0,0.6308722570521533
LC-2024-0495403,0,0,0.18836477977435398
LC-2021-0345254,0,0,0.33439582599945816
LC-2019-0148394,0,0,0.02134414033809862
LC-2021-0182928,0,0,0.09534424113944366
LC-2019-0591253,0,0,0.021679062164131672
LC-2024-0439962,0,0,0.0034009313389273704
LC-2024-0634284,0,0,0.05933358303689049
LC-2024-0692194,0,0,0.0961087823417932
LC-2025-0253914,0,0,0.011700105677296617
LC-2025-0635971,0,0,0.009706883099101001
LC-2024-0102854,0,0,0.20693471695087548
LC-2020-0499993,0,0,0.04459120346481078
LC-2023-0522418,0,0,0.06894168411380928
LC-2022-0132723,0,0,0.010667184407168753
LC-2024-0395104,0,0,0.04548860330647808
LC-2024-0359436,0,0,0.02301764513456404
LC-2022-0221137,0,0,0.0046980061070565834
LC-2023-0735689,0,0,0.008379060570056331
LC-2021-0503120,0,1,0.08702824561892025
LC-2020-0050886,0,0,0.0008419462219636762
LC-2022-0456716,0,0,0.0006985840022907585
LC-2022-0008795,0,0,0.14427761320609325
LC-2025-0771101,0,0,0.008120855690756107
LC-2022-0088668,0,0,0.1980968338638874
LC-2021-0573603,0,0,0.10018039307665047
LC-2019-0050175,0,0,0.074204427543718
LC-2023-0069262,0,0,0.0440144671837105
LC-2021-0087811,0,0,0.001803109327534598
LC-2025-0365506,0,0,0.0004963634299968018
LC-2021-0313607,0,0,0.08291049034868578
LC-2022-0576110,0,0,0.062815545312567
LC-2022-0370266,0,0,0.858471961259964
LC-2019-0576182,0,0,0.013420301415035156
LC-2020-0314605,0,0,0.08625451313740509
LC-2022-0463963,0,0,0.20251671508009317
LC-2022-0178887,0,0,0.05290590869793352
LC-2020-0565693,0,0,0.013424064980761494
LC-2022-0495507,0,0,0.010079292079461353
LC-2024-0669737,0,0,0.07483263531780872
LC-2021-0336019,0,0,0.618150164353006
LC-2022-0146251,0,0,0.07605246080055292
LC-2019-0201531,0,0,0.014927594825752389
LC-2021-0625130,0,0,0.005657131187888345
LC-2025-0857905,0,0,0.015281263532559701
LC-2024-0690044,0,0,0.41142806119101427
LC-2025-0472198,0,0,0.010998549757782708
LC-2023-0588369,0,0,0.025908313399012065
LC-2022-0226321,0,0,0.17750402006310362
LC-2023-0752699,0,0,0.15626904860961352
LC-2020-0039116,0,0,0.2449325090448909
LC-2022-0295049,0,0,0.06959306464080246
LC-2022-0554458,0,0,0.016476074923736442
LC-2019-0373219,0,0,0.029305106736214327
LC-2023-0466120,0,0,0.09116993775615581
LC-2022-0235688,0,0,0.09416468938286592
LC-2019-0330680,0,0,0.02220568044464721
LC-2020-0654327,0,0,0.20648599471473303
LC-2024-0417280,0,0,0.09691145886707414
LC-2019-0193271,0,0,0.05028366654290409
LC-2023-0411006,0,0,0.0031353075169924046
LC-2024-0334358,0,0,0.01992469330074283
LC-2023-0260698,0,0,0.16396623456306048
LC-2023-0728311,0,0,0.10346415439244572
LC-2025-0455807,0,0,0.01260839843153022
LC-2019-0591968,0,0,0.013401505367767283
LC-2022-0493762,0,0,0.03606198778529369
LC-2019-0061092,0,1,0.1488046755021561
LC-2023-0275036,0,0,0.03471480442958652
LC-2024-0717560,0,1,0.43914364691648083
LC-2022-0063866,0,0,0.0627457081982844
LC-2024-0547266,0,0,0.3114688000511864
LC-2020-0642451,0,0,0.12427734404514261
LC-2023-0658689,0,0,0.08716698059553803
LC-2024-0738219,0,0,0.005362279021774715
LC-2022-0602736,0,0,0.06351179307386148
LC-2024-0644015,0,0,0.20197379418856748
LC-2025-0827379,0,0,0.037138989119682136
LC-2019-0403938,0,0,0.22731592828681574
LC-2019-0042071,0,0,0.070874770721942
LC-2022-0224272,0,0,0.30137455608181596
LC-2021-0007869,0,0,0.010198418520126658
LC-2020-0641065,0,0,0.32174026114254445
LC-2022-0430174,0,0,0.040957766013913544
LC-2025-0448336,0,0,0.018435065825818178
LC-2023-0229480,0,0,0.02189105740078147
LC-2023-0635920,0,0,0.08877472154395978
LC-2023-0604773,0,0,0.053544031323114076
LC-2021-0227978,0,0,0.004366194551299534
LC-2021-0478733,0,0,0.31526440763313424
LC-2024-0561416,0,0,0.44926638733351765
LC-2019-0670163,0,0,0.026440355922804974
LC-2024-0175588,0,0,0.004987745397315659
LC-2021-0053312,0,1,0.20372627493013046
LC-2022-0091822,0,0,0.00623039826100725
LC-2022-0199229,0,0,0.15177874226914537
LC-2021-0334003,0,0,0.031072121245374822
LC-2021-0165044,0,0,0.06695160145505638
LC-2023-0373710,0,0,0.06694757419460518
LC-2020-0570491,0,0,0.00875559765937767
LC-2021-0276467,0,0,0.0564467010558291
LC-2025-0647010,0,0,0.044741254544255205
LC-2019-0507467,0,0,0.01846469379284986
LC-2025-0646123,0,0,0.025594342029912457
LC-2023-0721224,0,0,0.010232430403287448
LC-2025-0322958,0,0,0.015589256670083209
LC-2021-0604547,0,0,0.02831365770332601
LC-2025-0382747,0,0,0.0355297962468912
LC-2021-0138873,0,0,0.14679131981124827
LC-2025-0472932,0,0,0.032773804494513684
LC-2024-0313178,0,0,0.014568393695551627
LC-2020-0431004,0,0,0.021218705190951738
LC-2021-0260917,0,0,0.09462019177447328
LC-2022-0519179,0,0,0.019732362465997605
LC-2019-0710209,0,0,0.02013860500066713
LC-2023-0290995,0,0,0.001081703704790743
LC-2021-0642075,0,0,0.01147164624880962
LC-2025-0793007,0,0,0.1100715545972713
LC-2021-0264868,0,0,0.0707838488264462
LC-2021-0540498,0,0,0.07884369402012883
LC-2025-0950125,0,0,0.06098943932876863
LC-2024-0597282,0,0,0.00748757559854606
LC-2025-0915288,0,0,0.38239827649508923
LC-2024-0544205,0,0,0.0004229416536472334
LC-2023-0613697,0,0,0.04961413538216334
LC-2019-0323613,0,0,0.016442581981633134
LC-2024-0417712,0,0,0.26960939057418826
LC-2021-0415579,0,0,0.33009001135852273
LC-2025-0949224,0,0,0.32942833116349335
LC-2022-0522584,0,0,0.380949756672534
LC-2024-0179434,0,0,0.3325426537851336
LC-2019-0315451,0,0,0.021732726775457182
LC-2025-0585733,0,0,0.09786153902267579
LC-2023-0150674,0,0,0.0710285471839601
LC-2023-0331480,0,0,0.0006985840022907585
LC-2025-0880442,0,0,0.2105786976107899
LC-2019-0458699,0,0,0.042215691208612745
LC-2021-0401119,0,0,0.12234006583424019
LC-2019-0199955,0,0,0.0711894931389603
LC-2023-0431455,0,0,0.17317890199927113
LC-2023-0700075,0,0,0.1703027695129349
LC-2022-0174741,0,0,0.33133897872731793
LC-2024-0058189,0,0,0.05735090741176096
LC-2021-0480539,0,0,0.014304676102416267
LC-2025-0865302,0,0,0.012349315158506647
LC-2019-0148050,0,0,0.019463123438043475
LC-2023-0034891,0,0,0.16515485764768656
LC-2022-0593492,0,0,0.09493011912559296
HC-2022-0192434,1,0,0.8098744731368606
LC-2019-0323073,0,0,0.34576353629776435
LC-2019-0464558,0,0,0.01481018913238718
LC-2025-0939182,0,0,0.019013973900700133
LC-2019-0423360,0,0,0.07968893570077863
LC-2024-0367601,0,0,0.07623228233399475
LC-2025-0081925,0,0,0.25389559525292404
LC-2020-0123078,0,0,0.12110170185898939
LC-2023-0656183,0,0,0.0492142990259338
LC-2022-0122345,0,0,0.14830232241816677
LC-2023-0386721,0,0,0.031881492605702555
LC-2021-0585801,0,0,0.41148175319661123
LC-2023-0218140,0,0,0.012222955866357424
LC-2023-0035327,0,0,0.045434600900829555
LC-2025-0155171,0,0,0.0999716033754537
LC-2024-0657414,0,0,0.2730319214889489
LC-2023-0210871,0,0,0.013805026268915664
LC-2025-0509980,0,0,0.049693157751650834
LC-2024-0377562,0,0,0.06162732190883422
LC-2025-0251457,0,0,0.0004963634299968018
LC-2025-0965088,0,0,0.014601939687123422
LC-2022-0581050,0,0,0.22754989221477231
LC-2020-0634813,0,0,0.12187869462591795
LC-2019-0147362,0,0,0.050448188082525984
LC-2019-0602338,0,0,0.06124601974588497
LC-2022-0266978,0,0,0.10938277511360617
LC-2025-0403496,0,0,0.18470895240211133
LC-2025-0905152,0,0,0.14579836124223564
LC-2019-0216612,0,0,0.021267337250447178
LC-2021-0054167,0,0,0.14680195922837397
LC-2019-0253571,0,0,0.03754295506843281
LC-2019-0492221,0,0,0.022764664830410092
LC-2023-0163598,0,0,0.06324485730844842
LC-2022-0279509,0,1,0.09084265318658337
LC-2023-0152513,0,0,0.07346846105792124
LC-2019-0022348,0,0,0.22914955619156763
LC-2024-0174706,0,0,0.2551520387667572
LC-2022-0521999,0,0,0.13734274433937485
LC-2025-0905118,0,0,0.002090653690392752
LC-2025-0756595,0,0,0.025769214987803202
LC-2021-0564066,0,0,0.04231348183542741
LC-2025-0456662,0,0,0.016731620929409823
LC-2022-0226842,0,0,0.20674422608842924
LC-2021-0451673,0,0,0.06526391211612916
LC-2023-0100913,0,0,0.08654118887508683
LC-2021-0066520,0,0,0.22436646717896572
LC-2019-0806687,0,1,0.03503476053823856
LC-2025-0398405,0,0,0.11424372594706829
LC-2020-0088973,0,0,0.7263789332550131
LC-2020-0498592,0,0,0.11780014740556385
LC-2019-0192737,0,0,0.4142017679303334
LC-2020-0283343,0,0,0.07072510937269375
LC-2023-0382463,0,0,0.1180795337533492
LC-2020-0582396,0,0,0.0002756423486435253
LC-2025-0924221,0,0,0.31193562311453576
LC-2022-0206688,0,0,0.08649957292954659
LC-2022-0695525,0,0,0.07467002141852783
LC-2025-0414208,0,0,0.0460164092093797
LC-2021-0349571,0,0,0.008622884583306673
LC-2024-0556106,0,0,0.1029992031190101
LC-2019-0266960,0,0,0.04556062861866801
LC-2024-0048065,0,0,0.24214558678203024
LC-2019-0213821,0,0,0.021018728775413595
LC-2022-0181688,0,0,0.013690000103150112
LC-2019-0008238,0,0,0.0059329488752688335
LC-2025-0782753,0,0,0.01414902937837579
LC-2021-0493862,0,0,0.6065407049531572
LC-2019-0602273,0,0,0.0010957555923802218
LC-2025-0809446,0,0,0.49960585677524316
LC-2024-0614723,0,0,7.342177634956852e-05
LC-2022-0301923,0,0,0.1889986820816028
LC-2025-0485455,0,0,0.03607442574363343
LC-2025-0031755,0,0,0.05030431517455007
LC-2025-0864578,0,0,0.20132100629270078
LC-2020-0119188,0,0,0.05959696812528942
LC-2024-0223726,0,0,0.13150218479578396
LC-2024-0614132,0,0,0.18890704770361905
LC-2019-0117011,0,0,0.021594334124722604
LC-2020-0034471,0,0,0.4067731290290263
LC-2024-0447347,0,0,7.342177634956852e-05
LC-2022-0264330,0,0,0.17048811171927863
LC-2025-0296877,0,0,0.058805422234337754
LC-2021-0159023,0,0,7.342177634956852e-05
LC-2023-0032977,0,0,0.2847580936185367
LC-2021-0304416,0,0,0.14885366414509635
LC-2025-0307662,0,0,0.009530242106176496
LC-2019-0620554,0,0,0.0047629008922629446
LC-2023-0326142,0,0,0.1639397326959844
LC-2019-0395931,0,0,0.001909850006597949
LC-2024-0309887,0,0,0.12321835340844825
LC-2022-0701177,0,0,0.24195500888277816
LC-2025-0163975,0,0,0.28591486066593214
LC-2021-0147162,0,0,0.18883540567424478
LC-2025-0865042,0,0,0.03185261630893515
LC-2024-0580317,0,0,0.18363750884529176
LC-2023-0143045,0,0,0.15385739009623578
LC-2024-0633369,0,0,0.30113691703351114
LC-2024-0458551,0,0,0.4733919187704318
LC-2024-0205356,0,0,0.049198708319045145
LC-2019-0208599,0,0,0.041138723550317294
LC-2023-0451333,0,0,0.001081703704790743
LC-2019-0310819,0,0,0.07470081666236714
LC-2019-0034601,0,0,0.07054855689578013
LC-2025-0674169,0,0,0.016144208962401083
LC-2022-0444797,0,0,0.025318886822182782
LC-2019-0405961,0,0,0.034008849190301504
LC-2025-0414930,0,0,0.07500059906808902
LC-2025-0931052,0,0,0.18275815596987136
LC-2020-0673807,0,0,0.003502986108386147
LC-2025-0289477,0,0,0.003566695417642149
LC-2020-0117512,0,0,0.10466491301753102
LC-2023-0555627,0,0,0.005362279021774715
LC-2019-0461411,0,0,0.006879282240657128
LC-2023-0513858,0,0,0.0
LC-2025-0757392,0,1,0.19567884782840347
LC-2024-0250370,0,0,0.011891196604052493
LC-2024-0595905,0,0,0.015063228119090244
LC-2022-0306669,0,0,0.08816411714233822
LC-2025-0609221,0,0,0.0017201441862035145
LC-2022-0164730,0,0,0.10364414521689604
LC-2021-0528587,0,0,0.003815633108508727
LC-2024-0432354,0,0,0.05171160322361039
LC-2019-0814548,0,0,0.0011600821139442325
LC-2022-0574583,0,0,0.1815991305927391
LC-2024-0786779,0,0,0.06688680760318166
LC-2019-0333971,0,0,0.013875498739998422
LC-2019-0030793,0,0,0.023686937847087867
LC-2022-0205076,0,0,0.136522309694335
LC-2023-0571785,0,0,0.0254013511093266
LC-2021-0541225,0,0,0.01932432371779723
LC-2024-0191756,0,0,0.02072824721962882
LC-2021-0531610,0,0,0.057839170533002096
LC-2019-0352330,0,0,0.09786072968627244
LC-2021-0514798,0,0,0.05083805473104693
LC-2022-0267599,0,0,0.0009904891602002567
LC-2025-0191414,0,0,0.061852527287673355
LC-2025-0622681,0,0,0.1340627478532595
LC-2024-0197801,0,0,0.005339352797998081
LC-2020-0465628,0,0,0.05483263248533372
LC-2020-0441839,0,0,0.021611020326194125
LC-2024-0080955,0,0,0.013339862475147719
LC-2023-0598223,0,0,0.014020927775411285
LC-2022-0282490,0,0,0.34218437450984085
LC-2021-0123151,0,0,0.3858893480792905
LC-2025-0238817,0,0,0.06226385293321508
LC-2023-0268543,0,0,0.05086509890121404
LC-2025-0243299,0,0,0.06116039831949996
LC-2022-0671266,0,0,0.3657789127874223
LC-2023-0147869,0,0,0.3626874831887475
LC-2023-0642817,0,0,0.00039546628938875577
LC-2024-0252000,0,0,0.10792646924219251
LC-2024-0740355,0,0,0.16350296008992124
LC-2020-0594656,0,0,0.011152857840255022
LC-2024-0360540,0,0,0.32378322528429604
LC-2025-0374446,0,0,0.0292426737226665
LC-2022-0590149,0,0,0.010008858023821478
LC-2025-0791559,0,0,0.18831677661802343
LC-2019-0286440,0,0,0.01950323005021875
LC-2021-0590427,0,0,0.04443456302184974
LC-2024-0774759,0,0,0.11584566947912026
LC-2022-0414923,0,0,0.015064390015107511
LC-2019-0065296,0,0,0.04767358562921781
LC-2024-0580994,0,0,0.10786101018577743
LC-2025-0368684,0,0,0.011706494484720355
LC-2025-0232030,0,0,0.041930305504588546
LC-2019-0451705,0,0,0.038000285554323804
LC-2019-0036257,0,0,0.008409418336389682
LC-2024-0103283,0,0,0.0025407860161871616
LC-2024-0415852,0,0,0.001081703704790743
LC-2020-0458114,0,0,0.4654792288079424
LC-2019-0553953,0,0,0.021874088173920128
LC-2025-0226952,0,0,0.009933406504618391
LC-2019-0454217,0,0,0.0170409539461208
LC-2020-0110572,0,0,0.11590415204940334
LC-2021-0122010,0,0,0.12779598975184836
LC-2025-0922003,0,0,0.0010507078278492996
LC-2025-0105791,0,0,0.26659142497974386
LC-2023-0550889,0,0,0.006250887922020894
LC-2024-0201864,0,0,0.006369582849971245
LC-2021-0613977,0,0,0.00852666596116977
LC-2021-0136828,0,0,0.007082251899845703
LC-2024-0709549,0,0,0.06895077043814854
LC-2021-0278767,0,0,0.008108665382303006
LC-2021-0143898,0,0,0.48470388413003074
LC-2025-0933911,0,0,0.4040351314376135
LC-2024-0554972,0,0,0.02240354052595125
HC-2024-0134603,1,1,0.45035758685782
LC-2024-0100605,0,0,7.342177634956852e-05
LC-2023-0157442,0,0,0.05361369507383401
LC-2022-0246387,0,0,0.06863438510626528
LC-2024-0137891,0,0,0.03926378297935938
LC-2020-0099635,0,0,0.11672193794756121
LC-2024-0518649,0,0,0.02247224165356944
LC-2024-0522106,0,0,0.0011927097324942134
LC-2023-0567364,0,0,0.0805956176907146
LC-2021-0188335,0,0,0.004751917007903275
LC-2021-0262556,0,0,0.20680602399292522
LC-2024-0757991,0,0,0.15752371005506863
LC-2023-0229172,0,0,0.28622147082108185
LC-2019-0270198,0,0,0.023784723509971867
LC-2023-0522732,0,0,0.4534874586930445
LC-2025-0972691,0,0,0.1577999494421557
LC-2019-0294866,0,0,0.015159871607788571
LC-2019-0022275,0,0,0.030553295926020897
LC-2022-0523456,0,0,0.0946916538246984
LC-2024-0733684,0,0,0.11971963473117414
LC-2023-0741909,0,0,0.08501182842917249
LC-2022-0438804,0,0,0.1196549787265016
LC-2025-0789106,0,0,0.012960130471379531
LC-2025-0869947,0,0,0.010682429929152571
LC-2025-0188901,0,0,0.4088064564622276
LC-2024-0237145,0,0,0.05735079126609184
LC-2020-0591051,0,0,0.031722478694881255
LC-2023-0621748,0,0,0.012065063627231648
LC-2019-0367075,0,0,0.10505279485520941
LC-2025-0245364,0,0,0.07067874471457047
LC-2023-0188777,0,0,0.04050700112733308
LC-2023-0162872,0,0,0.18171605515500983
LC-2024-0460471,0,0,0.0002756423486435253
LC-2021-0599236,0,0,0.02930245695233445
LC-2025-0943824,0,0,0.13927077490497514
LC-2019-0198367,0,0,0.03511505389627836
LC-2023-0562911,0,0,0.009515422451266485
LC-2023-0344443,0,0,0.116924825105376
LC-2019-0653372,0,0,0.012142739183796268
LC-2024-0583966,0,0,0.07600691025792435
LC-2022-0351296,0,0,0.0002756423486435253
LC-2019-0237221,0,0,0.009047813247148732
LC-2025-0143310,0,0,0.0031731357011573415
LC-2023-0598204,0,0,0.20607961113041373
LC-2024-0650679,0,0,0.07947330653249067
LC-2019-0514010,0,0,0.20466725787467077
LC-2022-0487780,0,0,0.039118243100826726
LC-2025-0532895,0,0,0.06037719248788256
LC-2025-0939010,0,0,0.05955957273803905
LC-2024-0472869,0,0,0.3172449678272265
LC-2023-0044186,0,0,0.0009153679983132447
LC-2019-0639891,0,0,0.017324983986475504
LC-2025-0723114,0,1,0.18844667585354022
LC-2022-0286854,0,0,0.03256835711539458
LC-2023-0126641,0,0,0.10279363721352101
LC-2023-0431665,0,0,0.0002756423486435253
LC-2019-0186050,0,0,0.012889142710849366
LC-2021-0150805,0,0,0.17548347607359596
LC-2025-0419793,0,0,0.13512899142909301
LC-2025-0372241,0,0,0.22511319468947488
LC-2024-0623065,0,0,0.004011863592556331
LC-2022-0362923,0,0,0.07661882773520629
LC-2023-0379064,0,0,0.13329739172388913
LC-2019-0354255,0,0,0.035095285096578645
LC-2025-0105169,0,0,0.04796832067490075
LC-2025-0639456,0,0,0.04679461942527076
LC-2021-0584504,0,0,0.3878944433894664
LC-2019-0418405,0,0,0.020694749642169573
LC-2022-0091987,0,0,0.020489989260731246
LC-2024-0258473,0,0,0.284879782185683
LC-2025-0964874,0,0,0.011503717789521218
LC-2019-0128600,0,0,0.03521329428232104
LC-2022-0447975,0,0,0.07613379003134245
LC-2019-0353668,0,0,0.0
LC-2023-0502717,0,0,0.08796272245987241
LC-2024-0388152,0,0,0.13679024256207817
LC-2024-0135757,0,0,0.15438057069025965
LC-2025-0878958,0,0,0.14934364242735884
LC-2024-0021859,0,1,0.019988332782020182
LC-2024-0385216,0,0,0.28514593999287446
LC-2025-0340222,0,0,0.04445765851727792
LC-2022-0130653,0,1,0.11616129433659655
LC-2025-0513321,0,0,0.04219071891544559
LC-2021-0512609,0,0,0.22694918360758373
LC-2021-0134472,0,0,0.0482924336273956
LC-2019-0672643,0,0,0.04273279982937646
LC-2025-0554966,0,0,0.024369013391332305
LC-2022-0321543,0,0,0.09184533660117022
LC-2022-0139852,0,0,0.20563425582331277
LC-2023-0174427,0,0,0.0037700530928148003
LC-2023-0305240,0,0,0.00435069681271629
LC-2025-0848324,0,0,0.0004963634299968018
LC-2025-0649117,0,0,0.22232097767610687
LC-2022-0363632,0,0,0.00843499928819307
LC-2024-0578397,0,0,0.1344075858003971
LC-2020-0133585,0,0,0.10726349255562706
LC-2021-0401465,0,0,0.005256804662797316
LC-2024-0758306,0,0,0.10023469300042148
LC-2023-0660562,0,0,0.03302542933166237
LC-2023-0242681,0,0,0.1831035221730847
LC-2022-0297850,0,0,0.03696556597535709
LC-2019-0146149,0,0,0.03305911766330325
LC-2025-0038738,0,0,0.17593263413813823
LC-2023-0434368,0,0,0.17218001481368878
LC-2023-0090292,0,0,0.13966776628957034
LC-2022-0320556,0,0,0.08728132809514902
LC-2021-0107235,0,0,0.34765087215282386
LC-2025-0104319,0,0,0.20683145783751264
LC-2025-0230701,0,0,0.14903469222587573
LC-2023-0553270,0,0,0.016655831263647253
LC-2025-0377949,0,0,0.2554892196558575
LC-2021-0116624,0,0,0.16138158969636274
LC-2019-0509056,0,0,0.0585321075503221
LC-2022-0653222,0,0,0.14826596595622324
LC-2019-0800312,0,0,0.0533237275553524
LC-2025-0901077,0,0,0.002090653690392752
LC-2021-0474893,0,0,0.10170736927672903
LC-2025-0778857,0,0,0.4690505236789091
LC-2023-0132253,0,0,0.17594919177832918
LC-2022-0628875,0,0,0.024903287450361414
LC-2019-0688515,0,0,0.018541074848887278
LC-2023-0378464,0,0,0.14279480093779204
LC-2023-0580095,0,0,0.10617944538513045
HC-2024-0471286,1,0,0.06269550298917675
LC-2025-0157325,0,0,0.3493994444502023
LC-2021-0641799,0,0,0.021201644149082197
LC-2024-0487498,0,0,0.07179758785989587
LC-2024-0107593,0,0,0.07260019028817673
LC-2023-0283938,0,0,0.0002756423486435253
LC-2024-0626614,0,0,0.3043960248554861
HC-2019-0441285,1,0,0.5843090660305856
LC-2024-0619521,0,0,0.08593413624818863
LC-2021-0074907,0,0,0.08994662510761692
LC-2025-0587409,0,0,0.004074556353789208
LC-2022-0500425,0,0,0.03374078366088194
LC-2023-0435349,0,0,0.07277183348963809
LC-2025-0504847,0,0,0.2260423109851424
LC-2019-0799320,0,0,0.02931059068100016
LC-2023-0394631,0,0,0.20522895802013788
LC-2025-0675847,0,0,0.03674653188290401
LC-2025-0264971,0,0,0.004849521656575429
LC-2019-0434670,0,0,0.010797623958248214
LC-2023-0645971,0,0,0.3466198591118755
HC-2024-0571767,1,0,0.08192338382682736
LC-2025-0227212,0,0,0.1550026175474916
LC-2019-0445905,0,0,0.00846721128815498
LC-2020-0150977,0,0,0.11266382201714968
LC-2020-0245942,0,0,0.03191956749017916
LC-2025-0245419,0,0,0.09488544930564419
LC-2025-0274368,0,0,7.342177634956852e-05
LC-2019-0080949,0,0,0.06408905024559525
LC-2019-0224292,0,0,0.22014889725336637
LC-2025-0173206,0,0,0.4319534139906346
LC-2021-0397307,0,0,0.001954899224215204
LC-2021-0607721,0,0,0.16049368028876126
LC-2023-0397677,0,1,0.004214079110865374
LC-2024-0152378,0,0,0.019303615942482363
LC-2019-0535252,0,1,0.09784478782801025
LC-2023-0698772,0,0,0.022731164377467316
LC-2021-0342245,0,0,0.16039681948224313
LC-2024-0454468,0,0,0.0028953274426807875
LC-2022-0221032,0,0,0.007892857148148393
LC-2024-0444290,0,0,0.07221715203257927
LC-2025-0335082,0,0,0.04501043250650442
LC-2024-0618047,0,0,0.6658940720696056
LC-2021-0251533,0,0,0.3079708945329109
LC-2021-0022450,0,0,0.22265945669805143
LC-2021-0190253,0,0,0.0023105539980439373
LC-2019-0060161,0,0,0.008615547312278546
LC-2025-0218462,0,0,0.1078610802723741
LC-2019-0375805,0,0,0.02104182710034517
LC-2022-0405145,0,0,0.015257952704210377
LC-2024-0165058,0,0,0.21015353451754784
LC-2025-0542972,0,0,0.035671518162485816
LC-2025-0039738,0,0,0.08510580434080225
LC-2019-0060049,0,0,0.06160127289080032
LC-2023-0663404,0,0,0.26600015254057036
LC-2021-0589640,0,0,0.10588048365911346
LC-2020-0641842,0,0,0.12939998781029063
LC-2022-0533749,0,0,0.014426640552926221
LC-2025-0652907,0,0,0.016447849935396403
LC-2020-0479110,0,0,0.03843135174509424
LC-2025-0554495,0,0,0.06892509849805077
LC-2024-0673715,0,0,0.002296583234287832
LC-2019-0184700,0,0,0.0035136830179518003
LC-2020-0480351,0,0,0.0006985840022907585
LC-2022-0187523,0,0,0.06244018610637284
LC-2019-0543759,0,0,0.03998014218211561
LC-2022-0361162,0,0,0.35423537537815336
LC-2021-0289575,0,0,0.06237431085043643
LC-2021-0195903,0,0,0.026329163621106173
LC-2021-0063209,0,0,0.08248530165455562
LC-2022-0352146,0,0,0.02155571195382864
LC-2023-0307874,0,0,0.0004963634299968018
LC-2021-0425607,0,0,0.001201450863924036
LC-2021-0409005,0,0,0.006496017117103648
LC-2021-0464120,0,0,0.0020302663953653917
LC-2024-0500439,0,0,0.08246808679099006
LC-2021-0428168,0,0,0.07257068083323313
LC-2020-0654863,0,0,0.012167118232412417
LC-2023-0085202,0,0,0.07551306515138835
LC-2019-0623700,0,0,0.10922621138899846
LC-2023-0226420,0,0,0.03372663142210258
LC-2019-0577144,0,0,0.025716342877318533
LC-2024-0288796,0,0,0.032652686823765646
LC-2024-0337845,0,0,0.009083794778689501
LC-2019-0727029,0,0,0.03139692667345888
LC-2021-0061621,0,0,0.004271755303129054
LC-2020-0492561,0,0,0.01757109187551943
LC-2022-0646647,0,0,0.2815805854237699
LC-2025-0675261,0,0,0.0055673012712532935
LC-2025-0679169,0,0,0.5850157133692454
LC-2022-0425827,0,0,0.020178403066361553
LC-2023-0355524,0,0,0.026379258366205773
LC-2023-0218217,0,0,0.04792331706586494
LC-2024-0773614,0,0,0.30130866875133416
LC-2022-0412387,0,0,0.0004963634299968018
LC-2021-0210808,0,0,0.004517848844217216
LC-2022-0385987,0,0,0.24817851477477643
LC-2022-0250418,0,0,0.08738088850511039
LC-2025-0637079,0,0,0.00415876392006054
LC-2023-0640546,0,0,0.005317919663549846
LC-2024-0381242,0,0,0.3385851010801757
LC-2023-0072065,0,0,0.09197248547649402
LC-2023-0228213,0,0,0.009681920795668124
LC-2023-0205480,0,0,0.2739266787982368
LC-2024-0325359,0,0,0.07344672287033002
LC-2020-0178177,0,0,0.05753143655028541
LC-2024-0580831,0,0,0.016668470405537726
LC-2020-0066855,0,0,0.02091411409129882
LC-2023-0655608,0,0,0.0006985840022907585
LC-2021-0151896,0,0,0.11298445570513013
LC-2024-0224363,0,0,0.01984514457126869
LC-2024-0735315,0,0,0.1559781534330822
LC-2021-0276941,0,0,0.07637242465470194
LC-2024-0680683,0,0,0.20170398514107235
LC-2021-0622212,0,0,0.013435603819934305
LC-2023-0185524,0,0,0.030957417320959767
LC-2025-0888093,0,0,0.04387217767944787
LC-2023-0594209,0,0,0.1324112031124321
LC-2023-0598312,0,0,0.4478420753568124
LC-2021-0518208,0,0,0.39674761672091274
LC-2023-0576968,0,1,0.0379372772663433
LC-2019-0318394,0,0,0.019546402018449583
LC-2020-0385735,0,0,0.03675740092228428
LC-2025-0786130,0,0,0.05961777054845662
LC-2024-0328898,0,0,0.11680149626079799
LC-2024-0139736,0,0,0.0048575994143239785
LC-2024-0316869,0,0,0.0037555681561534477
LC-2025-0205909,0,0,0.012341834814153251
LC-2021-0031873,0,0,0.10902031667774346
LC-2023-0388579,0,0,0.0033886345289228788
LC-2024-0385777,0,0,0.46986532820019117
LC-2021-0617104,0,0,0.27002519048954154
LC-2019-0588679,0,0,0.08949113456364385
LC-2024-0703797,0,0,0.19791396267117495
LC-2024-0405543,0,0,0.0007118622577623397
LC-2019-0430783,0,0,0.10505010021980166
LC-2019-0424018,0,0,0.027744998033541336
LC-2020-0503960,0,0,0.08301976672800267
LC-2025-0129387,0,0,0.07417302078004823
LC-2025-0500357,0,0,0.014512201985761935
LC-2022-0412539,0,0,0.0004963634299968018
LC-2021-0121638,0,0,0.09792453683393264
LC-2020-0126314,0,0,0.05423468430891353
LC-2023-0516885,0,0,0.0006985840022907585
LC-2024-0150190,0,0,0.019279059685171473
LC-2021-0391734,0,0,0.01502316557873889
LC-2024-0486046,0,0,0.002296583234287832
LC-2022-0442362,0,0,0.037627078324817244
LC-2019-0539327,0,0,0.30771910643599926
LC-2021-0116894,0,0,0.04395840516557272
LC-2019-0658787,0,0,0.06889671761404717
LC-2020-0078862,0,0,0.196216207687245
LC-2023-0037104,0,0,0.06603481104766346
LC-2019-0343089,0,0,0.01281574400561648
LC-2025-0902407,0,0,0.046083685531157485
LC-2022-0003613,0,0,0.036221183796022446
LC-2022-0284272,0,0,0.0004229416536472334
LC-2025-0637171,0,0,0.006578956038602019
LC-2025-0909060,0,0,0.02674454404444706
LC-2022-0283020,0,0,0.28194232481207404
LC-2024-0570243,0,0,0.008081356442105144
LC-2025-0452471,0,0,0.27518918315362945
LC-2021-0277600,0,0,0.15021743955296668
LC-2019-0160842,0,0,0.01916598503480888
LC-2019-0164183,0,0,0.016784498801901374
LC-2022-0174157,0,0,0.025565028670833607
LC-2024-0022448,0,0,0.18345412308746287
LC-2019-0123315,0,0,0.04176021712045497
LC-2022-0619287,0,0,0.1124777500277499
LC-2024-0061567,0,0,0.11394094408217403
LC-2024-0387652,0,0,0.2592768738315588
LC-2024-0561584,0,0,0.003978850723550061
LC-2023-0557439,0,0,0.5257642162827395
LC-2019-0395102,0,0,0.052625024449248485
LC-2023-0205405,0,0,0.36277860271356394
LC-2021-0505381,0,0,0.03677888584096811
HC-2023-0608311,1,1,0.6401587465850264
LC-2022-0074581,0,0,0.1583431446998831
LC-2024-0305017,0,0,0.006121250938401808
LC-2021-0461899,0,0,0.11252966272906262
LC-2022-0229494,0,0,0.32750107828362673
LC-2025-0514677,0,0,0.02595064266553835
LC-2024-0412025,0,0,0.009610704495861622
LC-2019-0384096,0,0,0.020521286910718608
LC-2022-0039343,0,0,0.016659593532422988
LC-2022-0147144,0,0,0.11406902758637408
LC-2025-0077512,0,0,7.342177634956852e-05
LC-2019-0595743,0,0,0.23021125885547547
LC-2020-0222880,0,0,0.07473102623394876
LC-2019-0407193,0,0,0.007844300286491041
LC-2020-0525108,0,0,0.17827312062180461
LC-2025-0282833,0,0,0.0931115087387984
LC-2024-0046519,0,0,0.5764004790602223
HC-2024-0725295,1,0,0.44545071572777223
LC-2025-0322895,0,0,0.04727847086333421
LC-2025-0449274,0,0,0.008043349540903426
LC-2019-0824748,0,0,0.05159145533079568
LC-2023-0576024,0,0,0.1890097508818185
LC-2020-0633085,0,0,0.0919630257019806
LC-2025-0092040,0,0,0.2268777608972507
LC-2025-0159405,0,0,0.20184113986932126
LC-2022-0020902,0,0,0.01743566140733754
LC-2025-0513165,0,0,0.07314960098344309
LC-2022-0169516,0,0,0.28244033065123647
LC-2021-0429917,0,0,0.008731614834834776
LC-2025-0505463,0,0,0.07843002499059842
LC-2019-0303944,0,0,0.07154587701272351
LC-2025-0729578,0,0,0.02155642693743359
LC-2021-0312647,0,0,0.36386455771938075
LC-2023-0695262,0,1,0.02390598954480561
LC-2024-0220826,0,0,0.04479825415192371
LC-2019-0441408,0,0,0.010608925568780722
LC-2020-0632587,0,0,0.17463080417482962
LC-2023-0590069,0,0,0.008029106291934308
LC-2024-0462845,0,1,0.017186503371390598
LC-2023-0560874,0,0,0.01877486945320145
LC-2022-0319754,0,1,0.27164383501404477
LC-2019-0598651,0,0,0.051355991789516615
LC-2022-0683669,0,0,0.09495757021700553
LC-2025-0625467,0,0,0.08892962126132269
LC-2022-0598190,0,0,0.022386917628291387
LC-2023-0590862,0,0,0.004563946697027103
LC-2021-0219060,0,0,0.0015464131328419984
LC-2021-0497041,0,0,0.0
LC-2025-0567161,0,0,0.31554312565751647
LC-2023-0503913,0,0,0.11682339304241114
LC-2023-0145622,0,0,0.46599208499608574
LC-2019-0204470,0,0,0.04641297055663439
LC-2025-0334889,0,0,0.06777654275559011
LC-2023-0669546,0,0,0.08276394073062911
LC-2020-0515118,0,0,0.05581249014048171
LC-2022-0036622,0,0,0.01681865005154264
LC-2023-0643986,0,0,0.24015364534109668
LC-2021-0164936,0,0,0.0023999547598126092
LC-2023-0070011,0,0,0.2511434419037718
LC-2024-0011059,0,0,0.14004225272835916
LC-2023-0300878,0,0,0.18848902170711404
LC-2024-0019915,0,0,0.022116411044073813
LC-2024-0216903,0,0,0.05486031690247909
LC-2024-0723725,0,0,0.12169185863664732
LC-2025-0875078,0,0,0.12505644483837355
LC-2023-0739726,0,0,0.22897516625356432
LC-2019-0581776,0,0,0.07399584924586693
LC-2022-0619266,0,0,0.043816412573422274
LC-2020-0488694,0,0,0.1908161809149611
LC-2021-0310087,0,0,0.09209852383584265
LC-2022-0417832,0,0,0.15689243087126162
LC-2022-0155067,0,0,0.0023239318467639853
LC-2020-0049775,0,0,0.04922219120660721
LC-2019-0470560,0,0,0.002759919378974438
LC-2022-0039190,0,0,0.09192435441188332
LC-2025-0554288,0,0,0.032195632856313744
LC-2024-0525341,0,0,0.20688028188036672
LC-2022-0268102,0,0,0.05912471988413814
LC-2025-0900216,0,0,0.4719816825364911
LC-2025-0478025,0,0,0.025358614367202516
LC-2025-0909915,0,0,0.06355760942902627
LC-2021-0063597,0,0,0.1341865025935911
LC-2019-0093744,0,0,0.26299574014656035
LC-2019-0327955,0,0,0.014140435231778041
LC-2024-0058246,0,0,0.15409966028302968
LC-2024-0026250,0,0,0.12232945858179159
LC-2023-0531252,0,0,0.014865283413400075
LC-2025-0446462,0,0,0.061796500909635343
LC-2020-0272608,0,0,0.06454478747593596
LC-2024-0698320,0,0,0.06652595215554108
LC-2024-0615631,0,0,0.15516848023472188
LC-2019-0070879,0,0,0.024738063277651295
LC-2021-0028831,0,0,0.012630187641863144
LC-2021-0422106,0,0,0.004918744588754728
LC-2023-0164152,0,0,0.12482300993623534
LC-2020-0147688,0,0,0.13485178408639198
LC-2025-0217845,0,0,0.037852615894654495
LC-2023-0532938,0,0,0.12121128623370608
LC-2021-0072440,0,0,0.07482672356207701
LC-2024-0703362,0,0,0.1317509829475533
LC-2024-0181715,0,0,0.6276658064321983
LC-2025-0974124,0,0,0.08070104603867395
LC-2019-0210575,0,0,0.013483532939122612
LC-2025-0938516,0,0,0.26931364226602517
LC-2024-0692204,0,0,0.09613082311160338
LC-2025-0144392,0,0,0.1288567327851037
LC-2020-0449487,0,0,0.0464577674012148
LC-2024-0070820,0,0,0.46039361458184563
LC-2019-0375731,0,1,0.050600810257447115
LC-2025-0761967,0,0,0.008247047384714622
LC-2024-0467782,0,0,0.0036707938458461096
LC-2021-0050183,0,0,0.1345631816377803
LC-2021-0518753,0,0,0.07484951948506827
LC-2022-0015444,0,0,0.00348776340803813
LC-2021-0245039,0,0,0.10950662425786634
LC-2022-0214048,0,1,0.17080015978700624
LC-2023-0588358,0,0,0.06330449592928802
LC-2023-0271722,0,0,0.08522296189174877
LC-2019-0649956,0,0,0.06872355748649983
LC-2021-0009720,0,0,0.09578898691860614
LC-2019-0555326,0,0,0.012335567441470852
LC-2024-0484062,0,0,0.10428657017878101
LC-2025-0801406,0,0,0.12539375438736244
LC-2022-0543777,0,0,0.0002756423486435253
LC-2020-0146958,0,0,0.0004963634299968018
LC-2025-0238711,0,0,0.3779333427549222
LC-2022-0289791,0,0,0.22918771223434511
LC-2024-0234723,0,0,0.09020462040597088
LC-2020-0375656,0,0,0.08600500741837241
LC-2024-0656872,0,0,0.03902246768515537
LC-2022-0638311,0,0,0.11667636670738674
LC-2025-0755934,0,0,0.04819106354617239
LC-2022-0698454,0,0,0.05005000772006112
LC-2019-0062792,0,0,0.0652221434302433
LC-2020-0410429,0,0,0.12864664932570663
LC-2020-0484801,0,0,0.0446207220416271
HC-2021-0220400,1,0,0.5915084959438436
LC-2022-0633690,0,0,0.061447866389156426
LC-2019-0551653,0,0,0.03134619274280818
LC-2024-0602981,0,0,0.4952706253479324
LC-2024-0437430,0,0,0.10786543395594023
LC-2021-0396805,0,0,0.024301605018030022
LC-2025-0951183,0,0,0.021479591791226875
LC-2019-0556811,0,0,0.06626079066269443
LC-2019-0375393,0,0,0.004182491514963188
LC-2023-0630408,0,0,0.15482352608939004
LC-2025-0349097,0,0,0.046682633966867934
LC-2025-0605213,0,0,0.003132178815567349
LC-2025-0105983,0,0,0.08401681807569428
LC-2023-0132585,0,0,0.0683798808249311
LC-2024-0242188,0,0,0.004517587039022648
LC-2022-0225710,0,0,0.06231515556786114
LC-2022-0325638,0,0,0.048526324703156404
LC-2020-0020561,0,0,0.6727914861873222
LC-2024-0745074,0,0,0.012566605361029912
LC-2024-0375339,0,0,0.0
LC-2022-0652901,0,0,0.07420117519270587
LC-2021-0628167,0,0,0.23776732621587965
LC-2021-0580443,0,0,0.1209807655123464
LC-2020-0112349,0,0,0.10009692865090873
LC-2025-0036814,0,0,0.09394137998729596
LC-2025-0398210,0,0,0.14980271654952973
LC-2023-0547700,0,0,0.44050736859250783
LC-2022-0175893,0,0,0.15309902829824817
LC-2019-0341931,0,0,0.2403702353020245
LC-2022-0539361,0,0,0.013188494258533585
LC-2021-0458263,0,0,0.3026436172060499
LC-2025-0336928,0,0,0.024240877415592346
LC-2025-0336462,0,0,0.013262799987493494
LC-2022-0647365,0,0,0.08731094311544339
LC-2024-0497226,0,0,7.342177634956852e-05
LC-2024-0242101,0,0,0.041085949458585284
LC-2019-0455419,0,0,0.017539692998596958
LC-2023-0176600,0,0,0.003186413956628922
LC-2024-0784549,0,0,0.007000765393707266
LC-2022-0171436,0,0,0.33725303583391936
LC-2025-0499608,0,0,0.021145605847338635
LC-2019-0231921,0,0,0.17252199121857434
LC-2022-0407317,0,0,0.51304328274919
LC-2023-0420422,0,0,0.07802685181986113
LC-2022-0557112,0,0,0.23652198496158847
LC-2022-0096278,0,0,0.0074033899723607455
LC-2023-0322487,0,0,0.0904415818337777
LC-2025-0434701,0,0,7.342177634956852e-05
LC-2025-0297293,0,0,0.2985667218340661
LC-2020-0378480,0,0,0.08516629203281116
LC-2025-0437133,0,0,0.0007118622577623397
LC-2024-0581307,0,0,0.02000342919731486
LC-2023-0340605,0,0,0.05842792416796818
LC-2025-0449315,0,0,0.0
LC-2024-0201452,0,0,0.10830970135172463
LC-2022-0138500,0,0,0.055037491972665255
LC-2023-0600277,0,0,0.013940156262771333
LC-2022-0541285,0,0,0.049185009850765155
LC-2022-0101072,0,0,0.2882509711348032
LC-2025-0398505,0,0,0.07982017078462497
LC-2019-0370378,0,0,0.0356996407961282
LC-2019-0357712,0,0,0.05887899104308771
LC-2023-0297286,0,0,0.0009904891602002567
LC-2023-0552158,0,0,0.05952745216366751
LC-2025-0081647,0,0,0.024410520827916383
LC-2022-0030160,0,0,0.17990096976527042
LC-2019-0732257,0,0,0.007894100614513596
LC-2024-0582305,0,0,0.4214216597442884
LC-2025-0910010,0,0,0.15456979196185094
LC-2019-0162759,0,0,0.042935028248536754
LC-2022-0703856,0,0,0.001736064311395596
LC-2023-0582531,0,0,0.06247756621946562
LC-2023-0645958,0,0,0.12577040200454134
LC-2024-0488207,0,0,0.10912648666118746
LC-2019-0497291,0,0,0.022525393584573183
LC-2025-0460343,0,1,0.01732580772684742
LC-2023-0694775,0,0,0.01044892675812932
LC-2019-0086036,0,0,0.025640077348732332
LC-2022-0237748,0,0,0.001803109327534598
LC-2023-0439215,0,0,0.05389418326521788
LC-2024-0272482,0,0,0.30617366129793405
LC-2024-0440774,0,0,0.11654272934247718
LC-2019-0492099,0,0,0.006263632781070336
LC-2024-0571671,0,0,0.00709728896433483
LC-2021-0417820,0,1,0.08100307319987059
LC-2021-0001296,0,0,0.10074406397732823
LC-2025-0650848,0,0,0.5254917475298618
LC-2023-0524569,0,0,0.07206680457167464
LC-2025-0907199,0,0,0.08774459202143607
LC-2022-0325066,0,0,0.1361593307472415
LC-2019-0631468,0,0,0.010417363354789313
LC-2024-0138977,0,0,0.4746285858525093
LC-2022-0661598,0,0,0.06406079701282408
LC-2023-0084866,0,0,0.09919772955677875
LC-2019-0437464,0,0,0.014289668265936797
LC-2022-0578028,0,0,0.08510575531907222
HC-2024-0246602,1,0,0.33637478436380147
LC-2023-0523764,0,0,0.07426306089890092
LC-2025-0849154,0,0,0.03549993631476319
LC-2025-0404708,0,0,0.02614999865444602
LC-2024-0334735,0,0,0.0002756423486435253
LC-2022-0060674,0,0,0.012306234698216394
LC-2022-0543401,0,0,0.01791916176193137
LC-2025-0604974,0,0,0.010863532502496314
LC-2025-0273246,0,0,0.05034512398795005
LC-2020-0049883,0,0,0.3404597447841521
LC-2022-0493202,0,0,0.062711336944936
LC-2020-0491063,0,0,0.09086179449505036
LC-2023-0507701,0,0,0.1589604134581111
LC-2025-0381877,0,0,0.1471475549609077
LC-2023-0621978,0,0,0.012199102961672016
LC-2021-0139373,0,0,0.2772991936918033
LC-2024-0710518,0,0,0.15177394836193334
LC-2023-0295038,0,0,0.24862541126786408
LC-2023-0188192,0,1,0.02030796456197273
LC-2025-0713628,0,0,0.07549764974300538
LC-2021-0638528,0,0,0.015050424630686485
LC-2019-0637075,0,0,0.20466748542424923
LC-2020-0514596,0,0,0.006886205392499361
LC-2019-0089744,0,0,0.013640079883691415
LC-2023-0160677,0,0,0.0035426592078051846
LC-2024-0767951,0,0,7.342177634956852e-05
LC-2023-0096552,0,1,0.03380240447988284
LC-2021-0122659,0,0,0.08264846886680298
LC-2019-0010814,0,0,0.047718876546781815
LC-2019-0685861,0,0,0.03249124824796479
LC-2019-0328844,0,0,0.025552613765353914
LC-2022-0379425,0,0,0.06545444018394003
LC-2023-0521279,0,0,0.004937986737272356
LC-2025-0054355,0,0,0.1971534195867887
LC-2023-0063473,0,0,0.06171286990880542
LC-2025-0021733,0,0,0.07593501765889722
LC-2025-0031400,0,0,0.4151952814984478
LC-2019-0303235,0,0,0.12474989530879688
LC-2025-0649089,0,0,0.055749684920379974
LC-2024-0596271,0,0,0.2041932205016247
LC-2022-0407964,0,0,0.028704493517801407
LC-2025-0860890,0,0,0.014996685373441959
LC-2023-0589354,0,0,0.021828020215913183
LC-2025-0843982,0,0,0.2244262069311692
LC-2023-0455319,0,0,0.1735231647925594
LC-2021-0501861,0,0,0.13663067286106303
LC-2021-0016108,0,0,0.012646050396269124
LC-2019-0259534,0,0,0.05876703317888206
LC-2019-0345426,0,0,0.1442608721600892
LC-2024-0126035,0,0,0.1799991240150015
LC-2023-0288842,0,0,0.33250934385205627
LC-2022-0174074,0,0,0.042493991524804306
LC-2020-0562285,0,0,0.06890344745257042
LC-2019-0371485,0,0,0.023334536406834208
LC-2023-0528962,0,0,0.020862865087470102
LC-2021-0255523,0,0,0.07325323659813758
LC-2024-0566039,0,0,0.0009904891602002567
LC-2022-0180139,0,0,0.08512296970373544
LC-2025-0614989,0,0,0.26133841212954645
LC-2024-0220083,0,0,0.13727492818089546
LC-2025-0054063,0,0,0.13484092081824953
LC-2024-0206040,0,0,0.013396030992166252
LC-2020-0016378,0,0,0.1268108872758441
LC-2023-0214204,0,0,0.2855896068518339
LC-2024-0187480,0,0,0.005588593580217719
LC-2024-0194559,0,0,0.0004963634299968018
LC-2022-0665880,0,0,0.4265477192156868
LC-2019-0261008,0,0,0.0
LC-2021-0629439,0,0,0.06429898515139554
LC-2025-0925795,0,0,0.010116961839212154
LC-2019-0602053,0,0,0.07020849110535397
LC-2025-0908716,0,0,0.13147837119955455
LC-2025-0465393,0,0,0.1607044868763532
LC-2025-0496867,0,0,0.3722012723621632
LC-2023-0188388,0,0,0.10442399075844465
LC-2019-0108038,0,0,0.07433715446503934
LC-2022-0025580,0,0,0.11628435186781091
LC-2019-0138562,0,0,0.37647286662321255
LC-2024-0651767,0,0,0.007459212857702353
LC-2025-0788807,0,0,0.01027837596912514
LC-2019-0638037,0,0,0.017406490634272513
LC-2023-0043663,0,0,0.029540703320116542
LC-2025-0741986,0,0,0.1008893099977632
LC-2024-0192917,0,0,0.007288647061374872
LC-2023-0393418,0,0,0.05606831329865437
LC-2023-0120884,0,0,0.06957528040749505
LC-2025-0758727,0,0,0.130694175400853
LC-2025-0657248,0,0,0.015223644414954876
LC-2025-0554927,0,0,0.19942905418812196
LC-2025-0794162,0,0,0.5629578440948564
LC-2019-0618177,0,0,0.012993244212666333
LC-2024-0129157,0,0,0.2703931548536008
HC-2019-0506447,1,0,0.37494237369111016
LC-2023-0597817,0,0,0.0089817690848507
LC-2024-0180951,0,0,0.07780109410436471
LC-2021-0052650,0,0,0.21617842971100282
LC-2022-0348608,0,0,0.1721249205685455
LC-2021-0382853,0,0,0.0074924589943672435
LC-2023-0352361,0,0,0.1497043904559824
LC-2020-0036459,0,1,0.13950606430256582
LC-2019-0252900,0,0,0.024289744641605583
LC-2023-0684205,0,0,0.021805121200734967
LC-2025-0017094,0,0,0.2219423146127024
LC-2025-0203761,0,0,0.02165341758996031
LC-2025-0932799,0,0,0.019796848939110264
LC-2023-0044996,0,0,0.15955038837113064
LC-2022-0050543,0,0,0.0233735084478642
LC-2024-0501370,0,0,0.08118015348275028
LC-2022-0610926,0,0,0.2023494095719459
LC-2020-0233494,0,0,0.18112296672626713
LC-2024-0094310,0,0,0.00937862598793406
LC-2025-0482616,0,0,0.04457514363502165
LC-2024-0365433,0,0,0.20931433410769779
LC-2023-0539729,0,0,0.01082401046993737
LC-2025-0006782,0,0,0.12252255943062196
LC-2025-0856810,0,0,0.029618406231079097
LC-2025-0921144,0,0,0.07682375316468802
LC-2023-0260355,0,0,0.08668416011599411
LC-2025-0956035,0,0,0.07090864957967496
LC-2019-0342353,0,0,0.00965347488235343
LC-2022-0504079,0,0,0.03409661817551709
LC-2025-0845918,0,0,0.02116516614602316
LC-2019-0664661,0,0,0.04333799934844755
LC-2025-0325723,0,0,0.10936761890590498
LC-2021-0187968,0,0,0.18755336815599657
LC-2022-0545688,0,0,0.004918515711549121
LC-2023-0665249,0,0,0.01242889755211946
LC-2019-0414125,0,0,0.018641456483908976
LC-2022-0381514,0,0,0.0009140828300562965
LC-2023-0731711,0,0,0.031311248036425626
LC-2023-0710886,0,0,0.2605309647432608
LC-2025-0874883,0,0,0.07441557600990921
LC-2023-0672049,0,0,0.06053082421070473
LC-2022-0326022,0,0,0.12613584915760465
LC-2024-0399129,0,0,0.01171868890253438
LC-2025-0307668,0,0,0.28043877586595467
LC-2025-0808929,0,0,0.011417064522061956
LC-2024-0178266,0,0,0.1549692782482578
LC-2019-0163370,0,0,0.037350600441666416
LC-2023-0116366,0,0,0.07741174420919578
LC-2020-0509871,0,0,0.26236644933461817
LC-2020-0437272,0,0,0.4427175403726917
LC-2021-0022314,0,0,0.05408954191691102
LC-2024-0312779,0,0,0.13199600957051008
LC-2025-0417776,0,0,0.042775812749408726
LC-2023-0263175,0,0,0.35677390345194004
LC-2022-0539801,0,0,0.1599272408241248
LC-2021-0558506,0,0,0.15627313654500236
LC-2025-0251520,0,0,0.01205943514546192
LC-2025-0962642,0,0,0.10955604964583751
LC-2021-0250039,0,0,0.06781201950729182
LC-2022-0131200,0,0,0.07289042854002925
LC-2019-0068660,0,0,0.0004229416536472334
LC-2023-0739526,0,0,0.002935023715700603
LC-2021-0445016,0,0,0.002353346398537452
LC-2023-0474005,0,0,0.2916742843278618
LC-2022-0217825,0,0,0.009302972940831124
HC-2024-0190802,1,0,0.24278722504414926
LC-2022-0196518,0,0,0.22387303944683
LC-2024-0502808,0,0,0.04063490559537468
LC-2020-0220897,0,0,0.3226958332351096
LC-2023-0108516,0,0,0.05260729174557917
LC-2020-0262695,0,0,0.29529643432471786
LC-2021-0171223,0,0,0.15532577011169516
LC-2023-0390824,0,0,0.05311085913359477
LC-2021-0125167,0,0,0.29593043104913475
LC-2021-0231004,0,0,0.0013801676738873648
LC-2021-0466507,0,0,0.005573708856949475
LC-2024-0111101,0,0,0.04476637954089781
LC-2025-0428120,0,0,0.09642903249550551
LC-2019-0122617,0,0,0.2948243965606068
LC-2023-0126881,0,0,0.6568147270862894
LC-2020-0195226,0,0,0.3017621140436831
LC-2019-0081965,0,0,0.06250607907120043
LC-2025-0034051,0,0,0.1934647072729863
LC-2019-0555531,0,0,0.08765897673959039
LC-2025-0680632,0,0,0.42480997684534727
LC-2023-0097522,0,0,0.046008428577127135
LC-2024-0761029,0,0,0.16037364060443676
LC-2022-0326617,0,0,0.3459206113462829
LC-2025-0595611,0,0,0.14787956005096237
LC-2021-0123276,0,0,0.1260228100091408
LC-2019-0652744,0,0,0.04225138623791216
LC-2023-0377289,0,0,0.004726570887304151
LC-2020-0449357,0,0,0.2691276482034495
LC-2021-0199452,0,0,0.05482186057201581
LC-2023-0598287,0,0,0.05689278355393264
LC-2023-0170775,0,0,0.12061672039386967
LC-2025-0859896,0,0,0.06966993201379794
LC-2022-0176182,0,0,0.04154706876487555
LC-2023-0250005,0,0,0.07995113794618063
LC-2024-0222903,0,0,0.017804468452793407
LC-2021-0598431,0,0,0.020893985793858337
LC-2024-0012801,0,0,0.021310953806920174
LC-2020-0508640,0,0,0.023537193676249322
LC-2024-0368141,0,0,0.14281949090699445
LC-2024-0759831,0,0,0.010099198307677188
LC-2023-0672083,0,0,0.04445539789139307
LC-2023-0293086,0,0,0.0317564130078074
LC-2019-0270863,0,0,0.03516146761672847
LC-2019-0150904,0,0,0.0384472710840916
LC-2019-0719806,0,0,0.06187439980152278
LC-2022-0540889,0,0,0.07038112227973572
LC-2019-0015241,0,0,0.012725041165323685
LC-2021-0019631,0,0,0.08253490840788319
LC-2024-0601463,0,0,0.16644806534857412
LC-2021-0507824,0,0,0.5677722802840062
LC-2019-0226471,0,0,0.06903358020440263
LC-2023-0123402,0,0,0.07362390452530249
LC-2020-0584081,0,0,0.11847596712208999
LC-2022-0311248,0,0,0.06845278182763001
LC-2025-0412220,0,0,0.04841780153688078
LC-2023-0537542,0,0,0.06921961073774821
LC-2025-0146904,0,0,0.13715575841408842
LC-2021-0039277,0,0,0.028077742897558627
LC-2021-0313406,0,0,0.012921574973846526
LC-2021-0036820,0,0,0.017532948958557063
LC-2021-0044054,0,0,0.06576533764540794
LC-2025-0103537,0,0,0.029723903788209407
LC-2025-0601548,0,0,0.0018699326090394755
LC-2021-0185681,0,0,0.06974539152174615
LC-2025-0607904,0,0,0.008051949063937915
LC-2024-0505630,0,0,0.0027892787500585162
LC-2024-0441125,0,0,0.010997667474947343
LC-2019-0597072,0,0,0.010949241169478197
LC-2021-0054235,0,0,0.036535454329306265
LC-2022-0613221,0,0,0.08174506395070438
LC-2021-0178855,0,0,0.0024767864160127814
LC-2021-0624138,0,0,0.02284257593971515
LC-2019-0436240,0,0,0.015891571614019225
LC-2021-0029717,0,0,0.08328825170626025
LC-2023-0521447,0,0,0.036002841572748794
LC-2023-0570841,0,0,7.342177634956852e-05
LC-2021-0222437,0,0,7.342177634956852e-05
LC-2024-0536864,0,0,0.012596341358246041
LC-2022-0647992,0,0,0.026253816056302073
LC-2022-0107714,0,0,0.04411668741635322
LC-2023-0661233,0,0,0.015840962943363214
LC-2024-0403217,0,0,0.00887552273596956
LC-2022-0209694,0,0,0.17739718748937874
LC-2024-0171179,0,0,0.11338845138164513
LC-2022-0429981,0,0,0.025826264922477346
LC-2022-0030763,0,0,0.095146487158015
LC-2023-0581535,0,0,0.0009140828300562965
LC-2024-0164153,0,0,0.02815947503079856
LC-2022-0177495,0,0,0.3376117323602332
LC-2019-0561209,0,0,0.09498809410497483
LC-2019-0261622,0,0,0.08385916285038329
LC-2025-0177489,0,0,0.01191963137015778
LC-2020-0155739,0,0,0.18030190497783763
LC-2023-0433790,0,0,0.010784355498706153
LC-2025-0502752,0,0,0.012959218625345716
LC-2020-0556997,0,0,0.004738390235677449
LC-2025-0473244,0,0,0.027611406402116772
LC-2019-0430974,0,0,0.052142708582450965
LC-2024-0112173,0,0,0.014855786208451616
LC-2025-0295269,0,0,0.01688536773057833
LC-2020-0094507,0,0,0.09858156767865169
LC-2025-0586194,0,0,0.032324048207599994
LC-2024-0423277,0,0,0.292518153176091
LC-2024-0674904,0,0,0.48939477003473825
LC-2025-0249811,0,0,0.2036702745048013
LC-2023-0069723,0,0,0.10661263507891806
LC-2022-0391301,0,0,0.1373999094617745
LC-2024-0174123,0,0,0.11756745005455803
LC-2021-0269740,0,0,0.1660695411555883
LC-2019-0116731,0,0,0.04601265789469177
LC-2021-0087612,0,0,0.026502698809593966
LC-2023-0059685,0,0,0.2052598618330837
LC-2023-0011726,0,0,0.018724509324049184
LC-2019-0609858,0,0,0.03115124501162582
LC-2025-0670423,0,0,0.12664032157578098
LC-2020-0048965,0,0,0.21646585934347962
LC-2022-0633768,0,0,0.21687316337650508
LC-2024-0147988,0,0,0.41007440732464007
LC-2025-0928479,0,0,0.07423489296129732
LC-2024-0525025,0,0,0.18942088032100482
LC-2023-0462479,0,0,0.3531941635524365
LC-2024-0717731,0,0,0.180076343108996
LC-2024-0049787,0,0,0.012817767270661674
LC-2024-0119619,0,0,0.38936390583466385
LC-2020-0540276,0,0,0.20694294597805465
LC-2019-0786365,0,0,0.0315912218649534
LC-2019-0126286,0,0,0.010643554244367089
LC-2025-0645863,0,0,0.026532737907047178
LC-2019-0374858,0,0,0.019699543802762162
LC-2022-0222890,0,0,0.2543256538930102
LC-2023-0438808,0,0,0.06568048202395163
LC-2023-0510197,0,0,0.007253009375931197
LC-2023-0115760,0,0,0.01066922098430848
LC-2023-0722172,0,0,0.1372021871136844
LC-2023-0517274,0,0,0.0004963634299968018
LC-2019-0649839,0,0,0.042320664019462696
LC-2019-0076289,0,0,0.2480792557150466
LC-2019-0481480,0,0,0.0213191489091104
LC-2022-0432304,0,0,0.07402861977256726
LC-2023-0202763,0,0,0.36684443610360373
LC-2024-0472443,0,0,0.059653065917674455
LC-2019-0415368,0,0,0.08604821853331325
LC-2023-0608975,0,0,0.12836653385535338
LC-2024-0125070,0,0,0.3257115981045113
LC-2023-0339935,0,0,0.3746222433958055
LC-2024-0442567,0,0,0.0944925546512816
LC-2023-0009766,0,0,0.20360416326893818
HC-2021-0267231,1,0,0.8018301532654135
LC-2022-0485255,0,0,0.022060335238371344
LC-2024-0312896,0,0,0.009440803807270817
LC-2023-0577133,0,0,0.04248592427638251
LC-2021-0399762,0,0,0.00852192131864109
LC-2024-0384930,0,0,0.009035932260497884
LC-2021-0512457,0,0,0.0023625170232139552
LC-2025-0640118,0,0,0.09115515562064049
LC-2025-0137502,0,0,0.04853578708646383
LC-2022-0323698,0,0,0.09687511300377297
LC-2019-0637874,0,0,0.011641483397985888
LC-2021-0520935,0,0,0.2953189640598608
LC-2023-0675228,0,0,0.09784758325480546
LC-2019-0078828,0,0,0.029712452468555826
LC-2021-0239990,0,0,0.014295233253346907
LC-2023-0708259,0,0,0.05769188544684027
LC-2023-0493202,0,0,0.03239907103975967
LC-2023-0118903,0,0,0.024138712589458905
LC-2024-0424584,0,0,0.0009022373077909242
LC-2024-0226804,0,0,0.0002756423486435253
LC-2025-0189911,0,0,0.0904468308388377
LC-2022-0308615,0,0,0.0004229416536472334
LC-2023-0020544,0,0,0.0627220909648819
LC-2021-0437268,0,0,0.00020222057229395674
LC-2024-0358565,0,0,0.0890012566198213
LC-2025-0791775,0,0,0.010770261970351847
LC-2021-0313057,0,0,0.0
LC-2024-0370444,0,0,0.09198906531490132
LC-2022-0461746,0,0,0.0859514735838699
LC-2024-0556982,0,0,0.03334780252048231
LC-2021-0022841,0,1,0.233590979493227
LC-2019-0345476,0,0,0.2770805184060402
LC-2025-0105488,0,0,0.0104949800983246
LC-2025-0240285,0,0,0.029971120631501553
LC-2019-0417897,0,0,0.021761477923673042
LC-2024-0098018,0,0,0.09246288255377591
LC-2019-0138229,0,0,0.08192989514864754
LC-2025-0084083,0,0,0.0006985840022907585
LC-2025-0437428,0,0,0.01830396002128178
LC-2023-0289811,0,0,0.04313209077930489
LC-2022-0389319,0,0,0.044464171358942206
LC-2019-0287383,0,0,0.02183519253078026
LC-2022-0156199,0,0,0.031172298088744804
LC-2022-0610467,0,0,0.015862887253722143
LC-2022-0236948,0,0,0.8111026489962769
LC-2022-0641224,0,0,0.3851105264976154
LC-2019-0260119,0,0,0.02240441178715673
LC-2025-0856309,0,0,0.29173493531541783
LC-2019-0315516,0,0,0.23492970708312044
LC-2023-0637236,0,0,0.0004963634299968018
LC-2020-0595125,0,0,0.08408332787806855
LC-2024-0211013,0,0,0.0015464131328419984
LC-2019-0272124,0,0,0.03750860758535824
LC-2021-0417894,0,0,0.0806056966076698
LC-2025-0861764,0,0,0.23963478317959003
LC-2024-0496587,0,0,0.10621750941748172
LC-2019-0444337,0,0,0.024148165885224216
LC-2022-0539178,0,0,0.008420733438665944
LC-2019-0057661,0,0,0.08501451124848636
LC-2022-0488401,0,0,0.005768578418061332
LC-2019-0673125,0,0,0.022613898261787998
LC-2024-0252190,0,0,0.04787440001626466
LC-2023-0315080,0,0,0.13013760614799266
LC-2019-0527863,0,0,0.009800362838376351
LC-2019-0827385,0,0,0.00971813522361798
LC-2019-0276362,0,0,0.02372713755616739
LC-2024-0323631,0,0,0.004066735616014217
LC-2025-0596047,0,0,0.02054019127190116
LC-2021-0466694,0,0,0.081624325754653
LC-2022-0250753,0,0,0.12375028341243345
LC-2024-0593408,0,0,0.015985555787729512
LC-2025-0019368,0,0,0.15276447853133884
LC-2020-0512284,0,1,0.22282489508853692
LC-2019-0271854,0,0,0.10686005247447904
LC-2024-0765839,0,0,0.01734403694364129
LC-2023-0171085,0,0,0.2647599678922495
LC-2021-0026710,0,0,0.06956558565215515
LC-2024-0718174,0,0,0.006302058031908415
LC-2024-0432053,0,0,0.05335502429795573
LC-2024-0567752,0,0,0.0002756423486435253
LC-2023-0575804,0,0,0.0043303909028240654
LC-2025-0967688,0,0,0.13822281636949493
LC-2025-0970030,0,0,0.1268530293874469
LC-2025-0598347,0,0,0.08757073628147458
LC-2025-0260802,0,0,7.342177634956852e-05
LC-2023-0502311,0,0,0.010089347692533852
LC-2024-0717703,0,0,0.13631178226722862
LC-2024-0413495,0,0,0.0002756423486435253
LC-2024-0347080,0,0,0.09512887864598493
LC-2025-0398091,0,0,0.3408564884773936
LC-2019-0461387,0,0,0.02115851408099712
LC-2025-0365087,0,0,0.04197101452720195
LC-2023-0056459,0,0,0.04523657299522424
LC-2022-0417087,0,0,0.16420571809285664
LC-2022-0422418,0,0,0.18010023140137277
LC-2022-0372859,0,0,0.0009140828300562965
LC-2024-0650886,0,0,0.16914159942503118
LC-2021-0186372,0,0,0.07498826664770335
LC-2023-0038788,0,0,0.0013383096519604782
LC-2022-0526892,0,0,0.05962979651093058
LC-2019-0579360,0,0,0.013366512967862097
LC-2023-0706941,0,0,0.25968984760037384
LC-2023-0056846,0,0,0.20076296359851153
LC-2024-0218284,0,0,0.044657744819654385
LC-2022-0308927,0,0,0.05780437037924939
LC-2021-0303253,0,0,0.0051803349696928624
LC-2019-0143982,0,0,0.1451275396600467
LC-2022-0080085,0,0,0.24019931919065068
LC-2023-0259361,0,0,0.04316578425758073
LC-2025-0612889,0,0,0.013955867703560752
LC-2020-0601663,0,0,0.07031792825771137
LC-2020-0116853,0,0,0.19488856006585045
LC-2023-0382039,0,0,0.002123575342625862
LC-2025-0116635,0,0,0.07336762669797428
LC-2024-0548724,0,0,0.032826026741011184
LC-2025-0887431,0,0,0.02668887474585961
LC-2022-0093799,0,0,0.1798788957195401
LC-2025-0813337,0,0,0.222276557117922
LC-2025-0061075,0,0,0.0336167061008833
LC-2022-0607646,0,0,0.11043953179857761
LC-2020-0622356,0,0,0.1338237905026671
LC-2025-0937338,0,0,0.009529190683465635
LC-2019-0661657,0,0,0.02059213880063991
LC-2023-0577888,0,0,0.2053211921337142
LC-2022-0252487,0,0,0.08719080105101101
LC-2024-0703126,0,0,0.004933304586430422
LC-2024-0728238,0,0,0.01094600389931596
LC-2025-0038085,0,0,0.038387290042207256
LC-2025-0121419,0,0,0.0021113409309034526
LC-2025-0445291,0,0,0.025664208635993634
LC-2022-0110500,0,0,0.05562119671658381
LC-2025-0398993,0,0,0.07984689014710065
LC-2024-0552643,0,0,0.0029398147148993457
LC-2019-0032487,0,0,0.010534706635573732
LC-2024-0117219,0,0,0.01661974041723608
LC-2019-0207104,0,0,0.052827178834772795
LC-2024-0724856,0,0,0.08241171023336426
LC-2023-0223002,0,0,0.13427420178496158
LC-2023-0033084,0,0,0.004899179265533925
LC-2024-0590532,0,0,0.35052072988129984
LC-2025-0127672,0,0,0.06830764581315732
LC-2023-0421552,0,0,0.14077549380844234
LC-2020-0006701,0,0,0.1476288380510997
LC-2020-0208361,0,0,0.2108334317570585
LC-2019-0079104,0,0,0.05864983416997093
LC-2022-0042037,0,0,0.013311216881563006
LC-2021-0581912,0,0,0.12439108429665197
LC-2025-0489814,0,0,0.022827332263835865
LC-2022-0206731,0,0,0.06374856774248056
LC-2023-0421649,0,0,0.07590339478966887
LC-2022-0015661,0,0,0.13848832521676716
LC-2020-0541512,0,0,0.175417478909401
LC-2024-0224724,0,0,0.008690571051989499
LC-2025-0662420,0,0,0.013801201510499477
LC-2022-0375782,0,0,0.16296368530762656
LC-2022-0519720,0,0,0.0034585033812651973
LC-2022-0557126,0,0,0.14483135292352914
LC-2024-0474546,0,0,0.010747779537060029
LC-2020-0539989,0,0,0.14643893296220317
LC-2019-0313018,0,0,0.05423847568010982
LC-2021-0034041,0,0,0.0012648878756109094
LC-2022-0510228,0,0,0.5986836712250989
LC-2024-0113166,0,0,0.0
LC-2024-0533218,0,0,0.08192675068766633
LC-2021-0086415,0,0,0.18611318826591233
LC-2021-0564407,0,0,0.014338642318660035
LC-2025-0365181,0,0,0.04003131462589552
LC-2022-0459837,0,0,0.2619992916477401
LC-2021-0175615,0,0,0.003304916493818701
LC-2025-0427154,0,0,0.020910700122326348
LC-2024-0180671,0,0,0.010524944406479584
LC-2025-0166928,0,0,0.052193383125822834
LC-2019-0344108,0,0,0.0013328386059979977
LC-2021-0586117,0,0,0.27760256474131073
LC-2022-0640435,0,0,0.12374944288524452
LC-2024-0203425,0,0,0.03571619155817582
LC-2024-0785648,0,0,0.025738719422560976
LC-2019-0104869,0,0,0.033661668805631574
LC-2019-0583642,0,0,0.024123696255207987
LC-2025-0481740,0,0,0.004034444753711737
LC-2019-0686092,0,0,0.011514270945388807
LC-2025-0230336,0,0,0.010585812289401277
LC-2022-0156030,0,0,0.02072816606489778
LC-2022-0413027,0,0,0.37837698441495926
LC-2020-0038299,0,0,0.1250758626960273
LC-2025-0079310,0,0,0.13918151480907182
LC-2020-0540704,0,0,0.14720671043742142
LC-2025-0649162,0,0,0.022557093406726226
HC-2023-0418516,1,0,0.4389751427568483
LC-2022-0307099,0,0,7.342177634956852e-05
LC-2025-0303263,0,0,0.030517592912184192
LC-2020-0555611,0,0,0.0028530508856649955
LC-2021-0190661,0,0,0.06816659154938026
LC-2023-0536625,0,0,0.18871596774383145
LC-2024-0322183,0,0,0.002042500261790578
LC-2019-0293591,0,0,0.015556082179830379
LC-2024-0083800,0,0,0.061974571139392046
LC-2023-0583938,0,0,0.0038036317538756247
LC-2023-0106151,0,0,0.18065462899373766
LC-2024-0534645,0,0,0.009288827645997666
LC-2025-0707861,0,0,0.025601080926757037
LC-2021-0426393,0,0,0.14838330676407765
LC-2021-0464789,0,0,0.08936846222590362
LC-2019-0100313,0,0,0.0155833386427814
LC-2021-0093728,0,0,0.010375030556050036
LC-2022-0566524,0,0,0.09464419245629019
LC-2023-0645913,0,0,0.0002756423486435253
LC-2022-0178352,0,0,0.14505226783397748
LC-2019-0356563,0,0,0.036630484962369786
LC-2020-0053548,0,0,0.03045604675853139
LC-2024-0362280,0,0,0.015617606818916914
LC-2022-0326070,0,0,0.06784123874110137
LC-2021-0611734,0,0,0.0983015496404722
LC-2021-0651466,0,0,0.005937307414300423
LC-2021-0633935,0,1,0.13021799312561078
LC-2025-0932729,0,0,0.259186614161165
LC-2021-0584339,0,0,0.2698132199875667
LC-2024-0062128,0,0,0.0002756423486435253
LC-2020-0202436,0,0,0.03704600801719338
LC-2022-0490829,0,0,0.07260206149819334
LC-2024-0667509,0,0,0.011185980372511442
LC-2023-0538265,0,0,0.34085521799148016
LC-2023-0129313,0,0,0.05205542733078817
LC-2024-0718698,0,0,0.004328413757021015
LC-2024-0247318,0,0,0.18532304283249001
LC-2024-0504437,0,0,0.05219774329152371
LC-2025-0860501,0,0,0.010106618258970928
LC-2024-0564908,0,0,0.06426773734833309
LC-2022-0615926,0,0,0.07717738525370466
LC-2022-0174433,0,0,0.0884717193118539
LC-2019-0290189,0,0,0.035309882258954525
LC-2024-0544918,0,0,0.005337842766051399
LC-2019-0614446,0,0,0.1395398125524123
LC-2025-0902300,0,0,0.06816919997390736
LC-2024-0569119,0,0,0.04314044636932225
LC-2024-0252143,0,0,0.017240072141806582
LC-2023-0633836,0,0,0.3137291693588201
LC-2024-0124977,0,0,0.5727770346557878
LC-2023-0080054,0,0,0.1047770629897769
LC-2022-0160528,0,0,0.11813957303598757
LC-2025-0080257,0,0,0.023762395948081085
LC-2025-0303131,0,0,0.0034217820429022954
LC-2024-0180533,0,0,0.02346050952514646
LC-2024-0180384,0,0,0.11331054763670087
LC-2024-0168782,0,0,0.12809736660800058
LC-2019-0052593,0,0,0.3509891348654412
LC-2021-0260619,0,0,0.04621865872782945
LC-2022-0094025,0,0,0.010263271074094152
LC-2025-0051126,0,0,0.0013383096519604782
LC-2023-0076270,0,0,0.005954148917247377
LC-2022-0153419,0,0,0.005234028374875105
LC-2025-0660010,0,0,0.0002756423486435253
LC-2025-0293225,0,0,0.2477736848644465
LC-2024-0076541,0,0,0.023677053571975852
LC-2024-0134854,0,0,0.460488079995119
LC-2022-0331623,0,0,0.047759286574735736
LC-2020-0665272,0,0,0.008477472417657332
LC-2019-0492235,0,0,0.0192893406750092
LC-2025-0609257,0,1,0.10742147613579604
LC-2019-0244555,0,0,0.011427622014233516
LC-2020-0291121,0,0,0.09460585048213986
LC-2022-0088439,0,1,0.004179158133963434
LC-2019-0296132,0,0,0.009049438081420282
LC-2023-0176561,0,0,0.017670197225805467
LC-2023-0340303,0,0,0.016393397722263215
LC-2021-0139675,0,0,0.04818373163908076
LC-2025-0573131,0,0,0.005987313812861645
LC-2022-0552692,0,0,0.08693085285913861
LC-2025-0746788,0,0,0.011516684403960422
LC-2025-0889143,0,0,0.08453590929093181
LC-2020-0387439,0,0,0.4216755678503359
LC-2025-0240004,0,0,0.014424111530368213
LC-2022-0389061,0,0,0.04281096080800273
LC-2019-0708753,0,0,0.07012389833922841
LC-2019-0612993,0,0,0.08315313811573483
LC-2021-0537189,0,0,0.05707010427557723
LC-2024-0139599,0,0,0.44120025900128207
LC-2023-0132369,0,0,0.14292271950548097
LC-2023-0048858,0,0,0.1132429986644167
LC-2021-0617352,0,0,0.1533322465103179
LC-2025-0319185,0,0,0.19271374806285127
LC-2024-0660656,0,0,0.09590415192338417
LC-2021-0259449,0,0,0.05858178095917565
LC-2023-0709378,0,0,0.009232303769607344
LC-2023-0665223,0,0,0.014823044421924192
LC-2022-0657198,0,0,0.04988930810482595
LC-2020-0526649,0,0,0.0004229416536472334
LC-2021-0483808,0,0,0.016896168827831487
LC-2019-0400436,0,0,0.031932163441225965
LC-2019-0050670,0,0,0.10679695236400728
LC-2021-0073817,0,0,0.1033431012676379
LC-2023-0022509,0,0,0.03489372409626531
LC-2019-0462167,0,0,0.025434367703698696
LC-2024-0763330,0,0,0.23249266244754818
LC-2019-0690560,0,0,0.018313140392485213
LC-2025-0055496,0,0,0.2838572009619975
LC-2023-0227683,0,0,0.09491490681245046
LC-2024-0538823,0,0,0.2374678798606703
LC-2025-0753319,0,0,0.012980956559530275
LC-2022-0084955,0,0,0.003360491323529419
LC-2024-0440545,0,0,0.12201330247365666
LC-2019-0394022,0,0,0.007760602208419259
LC-2024-0374007,0,1,0.07375198962446335
LC-2021-0534691,0,0,0.004500289349352634
LC-2024-0781234,0,0,0.059420902324078206
LC-2022-0451065,0,0,0.13614364704573628
LC-2022-0396641,0,0,0.032245080408561624
LC-2022-0162587,0,0,0.04662427292493277
LC-2024-0755073,0,0,0.08454684967458036
LC-2024-0517228,0,0,0.16645632857500586
LC-2024-0030716,0,0,0.010018271470514449
LC-2025-0900467,0,0,0.29190699186395647
LC-2022-0675205,0,0,0.27422871351501144
LC-2025-0760811,0,0,0.6460517535835705
LC-2025-0652781,0,0,0.07275732973637615
LC-2022-0056440,0,0,0.04550734409079208
LC-2025-0090342,0,0,0.23356085596237836
LC-2022-0652250,0,0,0.12482429789069566
LC-2023-0479809,0,0,0.0008829333784221536
LC-2024-0041650,0,1,0.0610066225711804
LC-2023-0385888,0,0,0.010489845288575859
LC-2022-0488488,0,0,0.040277467299989975
LC-2021-0494369,0,0,0.11203403677444829
LC-2019-0341178,0,0,0.012349425789412283
LC-2021-0393469,0,0,0.0
LC-2019-0287256,0,0,0.07948064529831386
LC-2024-0211671,0,0,0.13058123684974185
LC-2021-0408821,0,0,0.0008288155314413557
LC-2025-0882971,0,0,0.01389462379865987
LC-2025-0497158,0,0,0.03528131395258695
LC-2021-0007456,0,0,0.18781497292360314
LC-2022-0056573,0,0,0.0004963634299968018
LC-2023-0322530,0,0,7.342177634956852e-05
LC-2021-0145336,0,0,0.0061243492766217475
LC-2021-0268767,0,0,0.0006985840022907585
LC-2025-0349243,0,0,0.0006985840022907585
LC-2023-0238335,0,0,0.11433431878696096
LC-2025-0921735,0,0,0.19331443089618475
LC-2024-0138822,0,0,0.14015262957039776
LC-2023-0378942,0,0,0.004332995897949439
LC-2022-0601337,0,0,0.14512535632244497
LC-2019-0667630,0,0,0.019322771606740997
LC-2022-0146304,0,0,0.017829896382344224
LC-2025-0131289,0,0,0.03763566055650261
LC-2025-0592489,0,0,0.03801543803146284
LC-2022-0229519,0,0,0.21428300295646996
LC-2024-0702626,0,0,0.32623155988798386
LC-2023-0042337,0,0,0.0030651076799019395
LC-2019-0327610,0,0,0.07739585164915005
LC-2021-0260879,0,0,0.49861035819678134
LC-2019-0439018,0,0,0.09631287973057688
LC-2019-0599226,0,0,0.0706975220150971
LC-2023-0338119,0,0,0.38249062054901095
LC-2024-0080305,0,0,0.18782955055460662
LC-2021-0005044,0,0,0.02589953163879231
LC-2025-0965961,0,0,0.1203688065846988
LC-2025-0511342,0,0,0.13683440095043636
LC-2025-0742126,0,0,0.02763705874926494
LC-2022-0515770,0,0,0.059552488363237045
LC-2025-0428208,0,0,0.1820116061897622
LC-2021-0261345,0,0,0.048290654184816505
HC-2024-0477513,1,0,0.11618735143454886
LC-2023-0632073,0,0,0.009126468260708386
LC-2021-0160037,0,0,0.039821203468714435
LC-2024-0563235,0,0,0.013457322472766996
LC-2025-0745820,0,0,0.03964747157456833
LC-2022-0546276,0,0,0.18529402882481974
LC-2025-0515478,0,0,0.004508378537976931
LC-2019-0585871,0,0,0.1066200244874149
LC-2023-0391289,0,0,0.10746064722738974
LC-2024-0397713,0,0,0.07406402009292985
LC-2025-0725745,0,0,0.6277745743324786
LC-2023-0070634,0,0,0.02677772576771594
LC-2022-0465515,0,0,0.2608369645039257
LC-2025-0059923,0,0,0.04233160914191884
LC-2020-0379613,0,0,0.0748433714946859
LC-2022-0409651,0,0,0.06893453728309958
LC-2019-0233249,0,0,0.06443621386567909
LC-2019-0730365,0,0,0.02250874379710047
LC-2025-0683874,0,0,0.14437814170870522
LC-2025-0791552,0,0,0.35761982527290487
LC-2025-0508118,0,0,0.02994941311510238
LC-2023-0101186,0,0,0.2392679333452457
LC-2021-0131058,0,0,0.5908816577258235
LC-2023-0501963,0,0,0.7588941367771663
LC-2025-0692821,0,0,0.1261555073779303
LC-2020-0203017,0,0,0.007517508308673236
LC-2021-0255854,0,0,0.1145336703096025
LC-2021-0079723,0,0,0.0030389914583594862
LC-2025-0860355,0,0,0.03461681773995761
LC-2021-0542114,0,0,0.016581619414893885
LC-2021-0499416,0,0,0.03984452672396297
LC-2019-0410536,0,0,0.0185071700686575
LC-2025-0854355,0,0,0.6361874613374725
LC-2024-0121870,0,0,0.011154366696556355
LC-2023-0102615,0,0,0.007721054881649838
LC-2023-0753993,0,0,0.0020117066600391213
LC-2021-0524595,0,0,0.15517675714724954
LC-2025-0625787,0,0,0.07753972466842632
LC-2024-0317271,0,0,0.018846018696474395
LC-2020-0148797,0,0,0.16706495744754593
LC-2023-0311753,0,0,0.002693325218885
LC-2025-0394195,0,0,0.15181831491938955
LC-2025-0345021,0,0,0.018165654181922185
LC-2024-0420559,0,0,0.004011863592556331
LC-2023-0222339,0,0,0.05579684642772827
LC-2019-0081956,0,0,0.11904904031303877
LC-2022-0649399,0,0,0.08141472300681427
LC-2021-0568242,0,0,0.07766757182177333
LC-2021-0141683,0,0,0.10507357555547191
LC-2025-0072733,0,0,0.003576285530273707
LC-2023-0246168,0,0,0.003595629971834882
LC-2021-0514877,0,0,0.001081703704790743
LC-2025-0337883,0,0,0.041679255487662284
LC-2023-0435837,0,0,0.08725712052229846
LC-2020-0087811,0,0,0.10630678007816942
LC-2025-0935437,0,0,0.09126043407328834
LC-2024-0758585,0,0,0.0974263267625717
LC-2020-0615488,0,0,0.1278590937523517
LC-2019-0067783,0,0,0.09414873408702412
LC-2025-0734584,0,0,0.0053591029108989744
LC-2023-0161300,0,0,0.05315072035998769
LC-2025-0493527,0,0,0.25705530960367967
LC-2024-0445141,0,0,0.3322834431305754
LC-2023-0556906,0,0,0.5721516048875606
LC-2022-0637837,0,0,0.012339411584392699
LC-2021-0542667,0,0,0.01360185519397855
LC-2022-0483643,0,0,0.007374500884988766
LC-2023-0567249,0,0,0.102508840247667
LC-2022-0317387,0,0,0.0006985840022907585
LC-2023-0333074,0,0,0.003567354018486305
LC-2024-0486748,0,0,0.5242034790502256
LC-2019-0568038,0,0,0.02178157983657553
LC-2025-0709767,0,0,0.01466428803447681
LC-2024-0280943,0,0,0.08516735125025841
LC-2022-0582960,0,0,0.08453648758334081
LC-2024-0432670,0,0,0.07356785861395172
LC-2022-0025788,0,0,0.4669672427352626
LC-2025-0776832,0,0,0.0038121753591041445
LC-2024-0386826,0,0,0.1043773696387555
LC-2021-0461350,0,0,0.009571120771037257
LC-2024-0334243,0,0,0.13663654412558388
HC-2022-0088934,1,0,0.10045106588771692
LC-2022-0638306,0,0,0.01492597994753732
LC-2021-0518069,0,0,0.7188628972524147
LC-2021-0231014,0,0,0.0034369252338003063
LC-2020-0277873,0,0,0.11007197980731576
LC-2022-0409414,0,0,0.06928572947328694
LC-2023-0342429,0,1,0.24206232505817496
LC-2022-0184137,0,0,0.035541631305291095
LC-2020-0296224,0,0,0.24762276606404973
LC-2023-0568864,0,0,0.409714924912827
LC-2022-0366340,0,0,0.17868835427196383
LC-2025-0076828,0,0,0.0425872143419512
LC-2023-0388353,0,0,0.02507834087144217
LC-2023-0581257,0,0,0.12202711934079712
LC-2019-0129939,0,0,0.27464747661563765
LC-2022-0244739,0,0,0.05571026016853826
LC-2023-0451781,0,0,0.19338533198698601
LC-2019-0456198,0,0,0.09303130595238131
LC-2023-0656416,0,0,0.06084960701058355
LC-2025-0670354,0,0,0.051951180189650295
LC-2025-0492040,0,0,0.10323127117017711
LC-2025-0939333,0,0,0.022838812524492623
LC-2020-0664393,0,0,0.0002756423486435253
LC-2019-0412758,0,0,0.029013541325000183
LC-2023-0750769,0,0,0.007879455771465262
LC-2022-0114295,0,0,0.001803109327534598
LC-2022-0415447,0,0,0.03885496743541655
LC-2025-0482818,0,0,0.026410911282860407
LC-2025-0799773,0,0,0.010714343162240719
LC-2023-0524645,0,0,0.01616648121607686
LC-2022-0555442,0,0,0.007648262260487707
LC-2021-0384250,0,0,0.404794429531427
LC-2022-0335730,0,0,0.20929965746208012
LC-2020-0591619,0,0,0.33588171864303584
LC-2023-0326094,0,0,0.009710286511338526
LC-2022-0693321,0,0,0.10048089126446634
LC-2020-0527130,0,0,0.15474427298254878
LC-2023-0434557,0,0,0.022434008285768546
LC-2020-0640805,0,0,0.012026282751969979
LC-2022-0192931,0,0,0.06929702216519397
LC-2021-0478870,0,0,0.007363204317122427
LC-2025-0828018,0,0,0.32384602905023546
LC-2019-0251530,0,0,0.010587133274950804
LC-2020-0067026,0,0,0.09958130586280366
LC-2024-0119855,0,0,0.008476156501509876
LC-2019-0808297,0,0,0.03076695504168804
LC-2023-0676503,0,0,0.13694067247664626
LC-2022-0261041,0,0,0.013795934046248211
LC-2022-0576525,0,0,0.0015185079658600433
LC-2019-0729798,0,0,0.10694569314895518
LC-2022-0576850,0,0,0.08750027764448554
LC-2025-0646498,0,0,0.32317650727704594
LC-2023-0700345,0,0,0.01587874287294956
LC-2019-0083637,0,0,0.03164034944366786
LC-2025-0953823,0,0,0.06960892967452437
LC-2023-0611313,0,0,0.45975447941851455
LC-2025-0675778,0,0,0.4862054724275277
LC-2019-0326188,0,0,0.3371416424340669
LC-2024-0452587,0,0,0.22358716983214386
LC-2022-0062003,0,0,0.0004229416536472334
LC-2022-0482882,0,0,0.03281428566256332
LC-2024-0267441,0,0,0.16509165766779085
LC-2025-0723222,0,0,0.02330616358031642
LC-2021-0529475,0,0,0.009616538136144678
LC-2024-0249138,0,0,0.2645253559827983
LC-2025-0941240,0,0,0.022996074717578533
LC-2019-0582768,0,0,0.0
LC-2025-0006488,0,0,0.2071681083818258
LC-2020-0370696,0,0,0.018036505772567636
LC-2022-0507304,0,0,0.003999717589319583
LC-2021-0334400,0,0,0.0553424954298854
LC-2020-0521911,0,0,0.11069347528337291
LC-2023-0371212,0,0,0.05553806850008102
LC-2020-0137380,0,0,0.18107906835079488
LC-2024-0503309,0,0,0.13291390423434235
LC-2024-0564192,0,0,0.25048773156387955
LC-2024-0501285,0,0,0.03317225791525694
LC-2021-0088419,0,0,0.0937367504973841
LC-2025-0846854,0,0,0.09990841419187374
LC-2023-0724471,0,0,0.1803066805698557
LC-2024-0108524,0,0,0.018713474482170072
LC-2024-0698870,0,0,0.10225162085896361
LC-2020-0459300,0,0,0.008951317252190488
LC-2019-0202841,0,0,0.18110063098301116
LC-2025-0031074,0,0,0.007517029970142502
LC-2025-0415027,0,0,0.14420565759410875
LC-2021-0566117,0,0,0.5363163037258637
LC-2024-0483749,0,0,0.07301972231087925
LC-2022-0574321,0,0,0.04435324537451141
LC-2024-0257914,0,0,0.28644550174352534
LC-2022-0160279,0,0,0.09485501375112822
LC-2021-0335356,0,0,0.11757531460830009
LC-2022-0262598,0,0,0.15779235904183497
LC-2024-0699776,0,0,0.2079120489730081
LC-2022-0647503,0,0,0.0033886345289228788
LC-2024-0610023,0,0,0.11194050769073596
LC-2024-0651613,0,0,0.13760112060451543
LC-2024-0013835,0,0,0.11509658549139594
LC-2023-0264031,0,0,0.006549968800416773
LC-2024-0424316,0,0,0.23478368476408243
LC-2019-0374796,0,0,0.11518302256087214
LC-2025-0606617,0,0,0.05639094469993606
LC-2019-0213939,0,0,0.015880165285874805
LC-2019-0322141,0,0,0.11938193673616697
LC-2024-0605175,0,0,0.06231796627983572
LC-2023-0635362,0,0,0.08522734591642253
LC-2023-0087000,0,0,0.13863193167731838
LC-2023-0386907,0,0,0.05819295584354935
LC-2022-0329349,0,0,0.03551037832080326
LC-2025-0716533,0,0,0.10070991763002199
LC-2020-0385685,0,0,0.00473128923665493
LC-2021-0030207,0,0,0.07458368446224388
LC-2021-0533972,0,0,0.00029523294545275567
LC-2021-0529840,0,0,0.01734117649031802
LC-2024-0309045,0,0,0.013114342202513925
LC-2020-0012051,0,0,0.23216210612211086
LC-2024-0139980,0,0,0.0038758807468132366
LC-2024-0438154,0,0,0.0963937870424445
LC-2022-0333603,0,0,0.2854790400283405
LC-2021-0502012,0,0,0.18970380648466859
LC-2022-0292435,0,0,0.25596816550332807
LC-2024-0103996,0,0,0.00880769612795338
LC-2019-0294187,0,0,0.025587352219213808
LC-2022-0106087,0,0,0.01260663590811499
LC-2021-0094116,0,0,0.3994223754892831
LC-2020-0053782,0,0,0.1460231733255616
LC-2022-0131697,0,0,0.1906532185217004
LC-2021-0557706,0,0,0.07774052742332996
LC-2024-0594753,0,0,0.013736862757910931
LC-2019-0403362,0,0,0.22637340384378335
LC-2022-0422015,0,0,0.05022940930578435
LC-2024-0699629,0,0,0.005573708856949475
LC-2024-0563621,0,0,0.3559402441367515
LC-2022-0030615,0,0,0.2683879771563481
LC-2021-0058229,0,0,0.1251912688823715
LC-2019-0653487,0,0,0.015532626188725475
LC-2025-0898748,0,0,0.08618918075768313
LC-2019-0377620,0,0,0.06682066111519644
LC-2021-0098917,0,0,0.08022754228612353
LC-2023-0344126,0,0,0.0002756423486435253
LC-2022-0701062,0,0,0.13783014977981847
LC-2023-0216203,0,1,0.16090838835947985
LC-2023-0535077,0,0,0.16988906966671682
LC-2022-0605806,0,0,0.021729102360044644
LC-2025-0882609,0,0,0.02399640400100587
LC-2021-0382165,0,0,0.0004229416536472334
LC-2025-0063410,0,0,0.07827914594240346
LC-2019-0638579,0,0,0.08635829896469299
LC-2022-0695808,0,0,0.17947179561929816
LC-2022-0405617,0,0,0.13907691667756888
LC-2020-0490332,0,0,0.3869650923129104
LC-2019-0193804,0,0,0.004526747856954208
LC-2024-0108308,0,0,0.2606889276914746
LC-2023-0692086,0,0,0.1180078111638272
LC-2025-0930779,0,1,0.09640382617663622
LC-2019-0096846,0,0,0.08968739717944718
LC-2022-0470343,0,0,0.1497385408157834
LC-2024-0613275,0,0,0.0034726189983488266
LC-2024-0019218,0,0,0.07387310115780388
LC-2025-0650381,0,0,0.1640283930695153
LC-2022-0626512,0,0,0.07628051963307375
LC-2020-0560345,0,0,0.0118794711498564
LC-2025-0379540,0,0,0.10622629263332083
LC-2020-0152097,0,0,0.06941438357523319
LC-2019-0285592,0,0,0.015371439231216056
LC-2023-0343767,0,0,0.0994633212463132
LC-2021-0251182,0,0,0.08397467028537933
LC-2022-0413258,0,0,0.2261404343519472
LC-2021-0056052,0,0,0.08294531162583657
LC-2024-0524141,0,0,0.005131921707419515
LC-2021-0535852,0,0,0.06325326036925402
LC-2021-0040834,0,0,0.39835992355140887
LC-2024-0340940,0,0,0.025147956103475363
LC-2025-0215106,0,0,0.04609538042231263
LC-2024-0155605,0,0,0.08842289340180524
LC-2025-0031925,0,0,0.003360491323529419
LC-2022-0082723,0,0,0.0014330753674875957
LC-2024-0123869,0,0,0.3076305648908631
LC-2022-0429123,0,0,0.005791692386929788
LC-2024-0108330,0,1,0.12986082512139668
LC-2021-0323471,0,0,0.13584039833989628
LC-2019-0225650,0,0,0.10577564863692897
LC-2025-0741417,0,0,0.013145814716693304
LC-2024-0686191,0,0,0.054354728411694836
HC-2025-0731555,1,0,0.6748720492745243
LC-2025-0802742,0,0,0.06361823436042706
LC-2024-0615923,0,0,0.023346338041964197
LC-2020-0109875,0,0,0.0950111154795316
LC-2025-0736805,0,0,0.10422638734487673
LC-2022-0195936,0,0,0.13498433369288437
LC-2024-0197730,0,0,0.0004963634299968018
LC-2023-0223003,0,0,0.19563242273361237
LC-2021-0599167,0,1,0.022311220523871054
LC-2023-0594569,0,0,0.035210620911916034
LC-2024-0681213,0,1,0.04781891132506473
LC-2023-0645862,0,0,0.07920501496080154
LC-2019-0445918,0,0,0.01656053420402044
LC-2019-0357962,0,0,0.006759016407023605
LC-2022-0165215,0,0,0.12903371525698615
LC-2025-0693385,0,0,0.04747870732415948
LC-2020-0369925,0,0,0.12164241984911225
LC-2020-0092041,0,0,0.021132714563976526
LC-2019-0010621,0,0,0.01792047828668351
LC-2022-0146338,0,0,0.027769764121759757
LC-2021-0106923,0,0,0.05860790546539547
LC-2019-0126039,0,0,0.01252166190373963
LC-2025-0832010,0,0,0.195897924607008
LC-2021-0639844,0,0,0.026456617740459952
LC-2023-0738598,0,0,0.0002756423486435253
LC-2019-0382292,0,0,0.066419161320928
LC-2025-0972713,0,0,0.010509081764990533
LC-2022-0042558,0,1,0.03709657124789961
LC-2024-0434989,0,0,0.04080129516282737
LC-2019-0082237,0,0,0.028026707971147327
LC-2021-0064835,0,0,0.21543731844436734
LC-2025-0732221,0,0,0.2920159837239942
LC-2020-0113356,0,0,0.08077423426405612
LC-2023-0519131,0,0,0.16000846336936836
LC-2021-0319747,0,0,0.0002756423486435253
LC-2019-0428862,0,0,0.17380779134383492
LC-2019-0428561,0,0,0.008993141851210152
LC-2024-0720007,0,0,0.06713540746226052
LC-2025-0140277,0,0,0.2204248322387016
LC-2022-0401274,0,0,0.22172470753891185
LC-2024-0401753,0,0,0.21472834796490695
LC-2022-0314274,0,0,0.42877182906354677
LC-2023-0643992,0,0,0.0006985840022907585
LC-2025-0300770,0,0,0.012336072346031589
LC-2025-0947525,0,0,0.0024909987340645946
LC-2019-0566029,0,0,0.013697654082437023
LC-2019-0360007,0,0,0.08814406619655367
LC-2021-0083006,0,0,0.07367116188522077
LC-2022-0150594,0,0,0.11196706124373534
LC-2023-0046396,0,0,0.09904731710630778
LC-2024-0517760,0,0,0.009969059297820245
LC-2023-0560156,0,0,0.01957998737251735
LC-2019-0257739,0,0,0.06093765003192875
LC-2021-0349125,0,0,0.08527205396462902
LC-2025-0399279,0,0,0.16656817003001026
LC-2019-0188265,0,0,0.026901441182350095
LC-2024-0164572,0,0,0.029055332976501758
LC-2019-0275288,0,0,0.04194988198396065
LC-2024-0065312,0,0,0.20443241858260017
LC-2020-0028941,0,0,0.038408833847096646
LC-2025-0825344,0,0,0.03748021215097528
LC-2021-0345477,0,0,0.18010430947534461
LC-2023-0449091,0,0,0.053193904092933904
LC-2019-0304903,0,0,0.00022181116910318716
LC-2022-0262549,0,0,0.065408087970955
LC-2024-0310679,0,0,0.04153598654914921
LC-2019-0784903,0,0,0.0
LC-2019-0331072,0,0,0.1734791246054208
LC-2025-0775398,0,0,0.08925929544328735
LC-2025-0447839,0,0,0.10546382202078151
LC-2020-0507865,0,0,0.06064811785414603
LC-2022-0550457,0,0,0.11672862643021455
LC-2024-0230872,0,0,0.04399579049163684
LC-2021-0494480,0,0,0.007133126604518468
HC-2024-0238852,1,0,0.10946971085023299
LC-2022-0531021,0,0,0.08504519198894175
LC-2021-0344724,0,0,0.06424739135987596
LC-2020-0036134,0,0,0.0774639686723229
LC-2022-0514573,0,0,0.11124677581511541
LC-2022-0456667,0,0,0.022082043555945854
LC-2025-0368735,0,0,7.342177634956852e-05
LC-2019-0161658,0,0,0.0867312391409336
LC-2019-0709206,0,0,0.015546282423070094
LC-2022-0109106,0,0,0.10443002892928728
LC-2021-0528592,0,0,0.3957508772911526
LC-2022-0046443,0,0,0.0121522871250094
LC-2019-0511505,0,0,0.15670913731138053
LC-2024-0560988,0,0,0.10623992630590219
LC-2020-0263007,0,0,0.5054739399794833
LC-2023-0644866,0,0,0.011874292828961845
LC-2021-0598589,0,0,0.015951293403072952
LC-2024-0448909,0,0,0.06988180966633228
LC-2022-0535357,0,0,0.025558462540853748
LC-2019-0262925,0,0,0.2530022338039273
LC-2022-0346037,0,0,0.00020222057229395674
LC-2022-0362801,0,0,0.11203344063797584
LC-2023-0604306,0,0,0.0002756423486435253
LC-2020-0558300,0,0,0.07726958686151936
LC-2024-0712322,0,0,0.09002963722124234
LC-2025-0762517,0,0,0.016692458489420692
LC-2023-0096053,0,0,0.004204170061493653
LC-2024-0209411,0,0,0.060032019396118484
LC-2020-0077059,0,1,0.04757546806801034
LC-2023-0213773,0,0,0.08472644041418938
LC-2020-0618956,0,0,0.09892903477275651
LC-2020-0447102,0,0,0.079530841564184
LC-2025-0908534,0,0,0.1923534090255169
LC-2019-0798637,0,0,0.0034259412456043043
LC-2025-0923103,0,0,0.4591935917295992
LC-2020-0590736,0,0,0.6189488965984692
LC-2019-0240472,0,0,0.001909850006597949
LC-2023-0206776,0,0,0.08331480632830209
LC-2025-0930377,0,0,0.002296583234287832
LC-2022-0688485,0,0,0.447997770636255
LC-2019-0138274,0,0,0.02576270685733692
LC-2022-0488034,0,0,0.16035969351617763
LC-2023-0448696,0,0,0.22861747627539628
LC-2021-0090343,0,0,0.05922488512949011
LC-2019-0419261,0,0,0.1425068075881035
LC-2020-0090466,0,0,0.12752592584816716
LC-2024-0500412,0,0,0.08452203311314914
LC-2021-0246972,0,0,0.04256910003910311
LC-2021-0570827,0,0,0.18468428109074822
LC-2024-0608364,0,0,0.19857715075414667
LC-2020-0109564,0,0,0.20153504185799542
LC-2024-0584474,0,0,0.0844398840721928
LC-2023-0229617,0,0,0.07413701550119761
LC-2023-0698278,0,0,0.0002756423486435253
LC-2021-0122096,0,0,0.06674141015467462
LC-2025-0939211,0,0,0.1255475524726413
LC-2023-0385859,0,0,0.001081703704790743
LC-2022-0452034,0,0,0.14390518095976845
LC-2025-0036261,0,0,0.0009153679983132447
LC-2021-0318296,0,0,0.10043795442851781
LC-2024-0593582,0,0,0.07279042154757753
LC-2025-0489830,0,0,0.01714301336003349
LC-2024-0445677,0,0,0.06916418576479388
LC-2022-0683537,0,0,0.13011809401053465
LC-2024-0334446,0,0,0.17718628917399534
LC-2025-0021415,0,0,0.06168003300713845
LC-2020-0613836,0,0,0.09878838044016018
LC-2024-0239238,0,0,0.037559580332264836
LC-2024-0174841,0,0,0.13261499675558566
LC-2025-0329666,0,0,0.036420682884889574
LC-2019-0790486,0,0,0.044799669883648766
LC-2020-0361823,0,0,0.0875532853639657
LC-2022-0372512,0,0,0.06419508445001429
LC-2022-0611190,0,0,0.016362158117307967
LC-2024-0081193,0,0,0.21782292716873278
LC-2022-0150921,0,0,0.09437303230652719
LC-2025-0569110,0,1,0.006071181190011021
LC-2022-0641856,0,0,0.03904440977055668
LC-2024-0255478,0,1,0.0006985840022907585
LC-2019-0461662,0,1,0.02328830662150928
LC-2025-0693651,0,0,0.14019793436776548
LC-2021-0493235,0,0,0.0073389281889536685
LC-2023-0466173,0,0,0.1769448301169029
LC-2021-0193355,0,0,0.09700491532159974
LC-2025-0486696,0,0,0.06088991298007015
LC-2025-0100789,0,0,0.06932036175367916
LC-2020-0561338,0,0,0.0035349928931927162
LC-2020-0655486,0,0,0.08846110671068534
LC-2020-0660293,0,0,0.11632437689320595
LC-2025-0946243,0,0,0.13250292624100823
LC-2024-0671922,0,0,0.2969925170840311
HC-2019-0484747,1,0,0.5615522374248402
LC-2023-0653714,0,0,0.1253922386092448
LC-2024-0426706,0,0,0.0024654419154378116
LC-2024-0726186,0,0,0.24172543797512777
LC-2024-0266171,0,0,0.04940334774808817
LC-2022-0501286,0,0,0.018595571262848772
LC-2021-0538319,0,0,0.003426391893595062
LC-2025-0213299,0,0,0.07334293743827748
LC-2022-0506791,0,0,0.011709254371035347
LC-2022-0487727,0,0,0.015573902010043264
LC-2023-0535626,0,0,0.04801660348410352
LC-2023-0447904,0,0,0.04712669796608057
LC-2023-0292467,0,0,0.28918997011761827
LC-2022-0552478,0,0,0.02536020600877336
LC-2022-0334703,0,0,0.07069158059684129
LC-2025-0524360,0,0,0.042427595351742384
LC-2022-0412396,0,0,0.006184724640219107
LC-2024-0405220,0,0,0.16689676189228966
LC-2025-0077683,0,0,0.009050151110157003
LC-2023-0134834,0,0,0.26724693508224373
LC-2021-0457881,0,0,0.16561136125062823
LC-2024-0641619,0,0,0.06564641467267085
LC-2025-0712172,0,0,0.015993162020160264
LC-2021-0443589,0,0,0.41355720116034106
LC-2022-0258899,0,0,0.001803109327534598
LC-2021-0592639,0,0,0.15941708548967917
LC-2022-0264864,0,0,0.018475868029325083
LC-2019-0010884,0,0,0.040482252680936366
LC-2021-0527646,0,0,0.018299094151980652
LC-2023-0707208,0,0,0.02443797649025914
LC-2025-0051538,0,0,0.012316626548280443
LC-2023-0045366,0,0,0.30011091400891027
LC-2022-0632138,0,0,0.11310331639592823
LC-2022-0640319,0,0,0.03767023617717584
LC-2023-0541399,0,0,0.09024591125982433
LC-2025-0558520,0,0,0.1947638564883804
LC-2022-0623877,0,0,0.036250501200836824
LC-2025-0319157,0,0,0.05564627812966076
LC-2022-0265557,0,0,0.10709838910155088
LC-2019-0669592,0,0,0.01769758995321512
LC-2023-0545738,0,0,0.04259231503408376
LC-2023-0353241,0,0,0.018993125744437848
LC-2022-0156913,0,0,0.008376909214166162
LC-2019-0012580,0,0,0.037353384421439005
LC-2024-0306982,0,0,0.052520099086394864
LC-2022-0198872,0,0,0.0016008887552406415
LC-2023-0190468,0,0,0.11563022437662175
LC-2025-0599763,0,0,0.02511790499637275
LC-2021-0614668,0,0,0.009848465043130085
LC-2019-0376320,0,0,0.0
LC-2024-0281974,0,0,0.3375905497986818
LC-2021-0027816,0,0,0.16785084416303545
LC-2022-0692604,0,0,0.153221603934213
LC-2025-0624875,0,0,0.04612184314127699
LC-2024-0673324,0,0,0.16254128542036772
LC-2025-0106668,0,0,0.05824746956750714
LC-2022-0603056,0,0,0.10786325462873744
LC-2024-0673444,0,0,0.2106073729799639
LC-2021-0631003,0,0,0.045393499969180996
LC-2020-0589163,0,0,0.0931485287643304
LC-2021-0428020,0,0,0.1036959298475999
LC-2025-0337044,0,0,0.008528838352667236
LC-2019-0357257,0,0,0.00670449359227526
LC-2024-0574522,0,0,0.39163679004350027
LC-2019-0732923,0,0,0.0446809072461526
LC-2025-0962592,0,0,0.10967162227193467
LC-2023-0236047,0,0,0.04952597810047507
LC-2025-0827219,0,0,0.12853803172543576
LC-2022-0074269,0,0,0.1426279215946896
LC-2022-0342988,0,0,0.17916821895504803
LC-2019-0796664,0,0,0.07966934500032612
LC-2019-0134003,0,0,0.01507037280447352
LC-2021-0551210,0,0,0.02116218064849338
LC-2025-0968509,0,0,0.12939796397652634
LC-2022-0442318,0,0,0.23749046331498314
LC-2024-0682871,0,0,0.09181032584093259
HC-2022-0636890,1,0,0.6446633675711222
LC-2023-0570074,0,0,0.1347211693327508
LC-2023-0233561,0,0,0.034684116307520566
LC-2019-0664989,0,0,0.10852834766486891
LC-2023-0620535,0,0,0.183937478314635
HC-2025-0134511,1,0,0.20694203459821395
LC-2019-0384242,0,0,0.10883045784566273
LC-2024-0205172,0,0,0.031489857726205626
LC-2020-0564070,0,0,0.0012517571850885892
LC-2024-0371500,0,0,0.006360779663955754
LC-2025-0727395,0,0,0.0823911513100703
LC-2022-0305845,0,0,0.12700201473278594
LC-2021-0189652,0,0,0.10906490521944075
LC-2024-0005078,0,0,0.12026464358971976
LC-2022-0612346,0,0,0.007386855504098294
LC-2025-0698043,0,0,0.0249941837295869
LC-2024-0630842,0,0,0.013535013253468075
LC-2022-0597335,0,0,0.16371243822774273
LC-2020-0440620,0,0,0.11270413107015759
LC-2025-0846871,0,0,0.07825610700865512
LC-2019-0659864,0,0,0.04084572710180466
LC-2022-0498160,0,0,0.08896610394948702
LC-2022-0614623,0,0,0.14948982389358034
LC-2024-0180341,0,0,0.19516475347527443
LC-2024-0024069,0,0,0.042254578197646754
LC-2021-0242208,0,0,0.10995874655146771
LC-2024-0498561,0,0,0.08420416152818457
LC-2024-0692949,0,0,0.17191551305685127
LC-2022-0539579,0,0,0.082847125481694
LC-2023-0135632,0,0,0.18013886248290065
LC-2021-0323776,0,0,0.39654973190044857
LC-2024-0780942,0,0,0.010728891747557787
LC-2019-0359936,0,0,0.07368100782294364
LC-2024-0557104,0,0,0.004931036124683816
LC-2024-0105317,0,0,0.00924291789093624
LC-2020-0524792,0,0,0.07813216535622995
LC-2020-0039977,0,0,0.20893386971775776
LC-2022-0409969,0,0,0.05009546255767763
LC-2024-0048836,0,0,0.011679549934422329
LC-2023-0678367,0,0,0.031065664998639445
LC-2021-0014915,0,0,0.0126266348326211
LC-2021-0142751,0,0,0.511261934681562
HC-2022-0406264,1,0,0.26789326164576793
LC-2021-0453082,0,0,0.009572125760775863
HC-2022-0263340,1,0,0.6058539347762144
LC-2025-0552122,0,0,0.19550268102904586
LC-2020-0523442,0,0,0.029097293837972934
LC-2025-0799660,0,0,0.043843095735900596
LC-2024-0252403,0,0,0.015282640657516881
LC-2025-0233227,0,0,0.05187370864950685
LC-2024-0291730,0,0,0.04599191199099064
LC-2024-0036262,0,0,0.10659390246453242
LC-2022-0510619,0,0,0.0006985840022907585
LC-2025-0859030,0,0,0.0256179037583074
LC-2025-0337514,0,0,0.09771090991104586
LC-2024-0470547,0,0,0.2578667203677645
LC-2025-0130442,0,0,0.24518789159181284
LC-2022-0052258,0,0,0.0006985840022907585
LC-2024-0705403,0,0,0.23968347977595747
LC-2021-0639066,0,0,0.10589033073171922
LC-2025-0402748,0,0,0.002090653690392752
LC-2025-0766181,0,0,0.1296709602491664
LC-2019-0018207,0,0,0.012094098520892507
LC-2019-0327996,0,0,0.029205792324695688
LC-2022-0443132,0,0,0.22333846591196885
LC-2023-0227442,0,0,0.07563406545757495
LC-2023-0676947,0,0,0.0023007208430306813
LC-2021-0627683,0,0,0.157497490504853
LC-2020-0612275,0,0,0.027952251313651613
LC-2021-0259064,0,0,0.009272739835271422
LC-2022-0566780,0,0,0.14645549308912964
LC-2024-0105703,0,0,0.12157129597310376
LC-2023-0104097,0,0,0.1673220115877406
LC-2019-0499111,0,0,0.08234142782291098
LC-2025-0439431,0,0,0.08255700034918956
LC-2025-0303544,0,0,0.4805597804317276
LC-2019-0185774,0,0,0.05313135668763273
LC-2025-0650615,0,0,0.006370552486062737
LC-2023-0565803,0,0,0.031101015511014803
LC-2023-0155167,0,0,0.44054850597988626
LC-2024-0493747,0,0,0.09502376927637675
LC-2023-0047779,0,0,0.1983248828113207
LC-2025-0793637,0,0,0.14263441738041155
LC-2024-0207534,0,0,0.0006985840022907585
LC-2021-0575961,0,0,0.20652005448516408
LC-2021-0383219,0,0,0.0
LC-2022-0054811,0,0,0.12214495111653546
LC-2023-0630154,0,0,0.27177375316413327
LC-2023-0455499,0,0,0.059560630357842
LC-2025-0944661,0,0,0.06615481300294863
LC-2022-0481107,0,0,0.010016687171564233
LC-2020-0549627,0,0,0.09604612756471177
LC-2020-0184577,0,0,0.019309896096998232
LC-2019-0032607,0,0,0.023629305285275817
LC-2025-0041450,0,0,0.08839757694544775
LC-2025-0957907,0,0,0.04029314463476169
LC-2024-0331796,0,0,0.010766055349866242
LC-2024-0719336,0,0,0.05830573066676686
LC-2021-0191331,0,0,0.08039375004045564
LC-2020-0612613,0,0,0.15514052463689965
LC-2023-0296431,0,0,0.023757075608704433
LC-2019-0205253,0,0,0.02714995968365502
LC-2023-0265483,0,0,0.13717216914536948
LC-2021-0063320,0,0,0.01951838302475794
LC-2023-0263405,0,0,0.02910825944366973
LC-2022-0673324,0,0,0.08503786183668147
LC-2019-0120955,0,0,0.02618939111857859
LC-2022-0263456,0,0,0.0004963634299968018
LC-2024-0778181,0,0,0.03165261924332106
LC-2019-0203216,0,0,0.027525929563204897
LC-2023-0265800,0,0,0.020112567926174565
LC-2021-0378689,0,0,0.10499855487053657
LC-2025-0502628,0,0,0.2133971354698492
LC-2025-0483173,0,0,0.018111287245736216
LC-2020-0466187,0,0,0.1664180510984652
LC-2020-0258985,0,0,0.17720529587355077
LC-2020-0243054,0,0,0.10723434151058017
LC-2022-0111293,0,0,0.20897962990451383
LC-2022-0068484,0,0,0.00729516623790449
LC-2020-0614327,0,0,0.3340081328192631
LC-2022-0337887,0,0,0.10902836526149631
LC-2023-0573686,0,0,0.02549318596933083
LC-2022-0608139,0,0,0.0027833365920069235
LC-2021-0061930,0,0,0.10423591768442901
LC-2023-0009498,0,0,0.14848983281954234
LC-2019-0113140,0,0,0.4157881857462728
LC-2022-0690745,0,0,0.0019515631391611337
LC-2022-0398796,0,0,0.04472592958219031
LC-2020-0188149,0,0,0.08345827228590239
LC-2024-0175187,0,0,0.382926256044409
LC-2022-0576278,0,0,0.11726890059765362
LC-2019-0065968,0,0,0.058883684676119756
LC-2023-0712954,0,0,0.004838557470887336
LC-2024-0478778,0,0,0.019098406282037773
LC-2025-0087439,0,0,0.14104443962648425
LC-2020-0428529,0,0,0.1056663339305107
LC-2022-0541062,0,0,0.05928440074149132
LC-2024-0693449,0,0,0.0590577804854156
LC-2025-0627857,0,0,0.024415924329047507
LC-2022-0617878,0,0,0.24880829481780187
LC-2025-0751782,0,0,0.3474699574281771
LC-2020-0273183,0,0,0.15699259884017042
LC-2023-0421929,0,0,0.19130958178945603
LC-2019-0427672,0,0,0.0048507570526203385
LC-2025-0334620,0,0,0.30229157683410135
LC-2025-0469812,0,0,0.01722895952806039
LC-2024-0214266,0,0,0.0966370716271739
LC-2022-0090439,0,0,0.04352887883757019
LC-2023-0030163,0,0,0.005951033822949774
LC-2023-0707481,0,1,0.5262870914940543
LC-2025-0312329,0,0,0.05583270797758783
LC-2022-0330060,0,0,0.57140557773711
LC-2024-0177972,0,0,0.02328666869351725
LC-2019-0105628,0,0,0.046588459919435665
LC-2020-0087074,0,0,0.20348281406142749
LC-2019-0075622,0,0,0.17792256976009516
LC-2022-0085528,0,0,0.03169365588421758
LC-2019-0565217,0,0,0.01842879758186039
LC-2019-0492987,0,0,0.062343527937734816
LC-2020-0665063,0,0,0.017865687252533863
LC-2023-0636895,0,0,0.014774815402972812
LC-2024-0418962,0,0,0.040957834565189054
LC-2019-0272705,0,1,0.0404153600266398
LC-2022-0125973,0,0,0.09810715165381137
LC-2025-0622171,0,0,0.1668536559305422
LC-2019-0377230,0,0,0.0070637702648975575
LC-2025-0465075,0,0,0.3401375184069921
LC-2024-0688101,0,0,0.014938499212928504
LC-2022-0110339,0,0,0.30361949469830274
LC-2022-0588116,0,0,0.003858427013327609
LC-2021-0167764,0,0,0.10838789417924584
LC-2019-0182543,0,0,0.029222597639008908
LC-2020-0179363,0,0,0.1263387554067658
LC-2022-0646892,0,0,0.11653099141491674
LC-2022-0098735,0,0,0.06008796696774894
LC-2025-0087189,0,0,0.017421912277622808
LC-2025-0007708,0,0,0.03615792899042291
LC-2025-0201928,0,0,0.034464726628662776
LC-2021-0559712,0,0,0.05601848680362569
LC-2025-0902927,0,0,0.0665746893761881
LC-2025-0276444,0,0,0.04459324705162892
LC-2022-0273504,0,0,0.07006540765855805
LC-2021-0598901,0,0,0.1522758739322384
LC-2025-0349157,0,0,0.025507907296442592
LC-2022-0521113,0,0,0.009641470281684123
LC-2025-0533128,0,0,0.10594727653245388
LC-2021-0244238,0,0,0.0292819767692188
LC-2023-0353323,0,0,0.14830875476059574
LC-2020-0506628,0,0,0.12300311018570738
LC-2019-0286562,0,0,0.03171667839391453
LC-2024-0440655,0,0,0.05092852587843331
LC-2023-0013710,0,0,0.0325492308655547
LC-2021-0016261,0,0,0.1168837516397464
LC-2024-0763501,0,0,0.11137910116793544
LC-2025-0913017,0,0,0.008710765822349155
LC-2025-0063720,0,0,0.2171044147463833
LC-2022-0626133,0,0,0.03500722839577826
LC-2024-0712029,0,0,0.10725043581206593
LC-2019-0806998,0,0,0.0004229416536472334
LC-2025-0829551,0,0,0.05655363932225476
LC-2020-0102127,0,0,0.35805928359319117
LC-2024-0662222,0,0,0.15653834663136418
LC-2023-0739481,0,0,0.12760833450724898
LC-2019-0304750,0,0,0.017709819090536906
LC-2022-0342828,0,0,0.09848332107206222
LC-2025-0788874,0,0,0.014217056040279287
LC-2022-0692022,0,0,0.10719599460157431
LC-2023-0167166,0,0,0.058486411193896394
LC-2023-0636248,0,1,0.011218229262650899
LC-2023-0456119,0,0,0.6909328250534371
LC-2021-0324672,0,0,0.028004451270453527
LC-2025-0393188,0,0,0.15248133528496305
LC-2025-0059367,0,0,0.20423795125391112
LC-2025-0573255,0,0,0.01604089112199304
LC-2025-0731963,0,0,0.14504170882046702
LC-2024-0138382,0,0,0.0006985840022907585
LC-2019-0450793,0,0,0.05317229507620178
LC-2022-0691712,0,0,0.4507720531450001
LC-2025-0814847,0,0,0.016077012361871944
LC-2025-0028463,0,0,0.06299220541621263
LC-2025-0192075,0,0,0.0028970506495479015
LC-2025-0723109,0,0,0.08520003405117077
LC-2019-0311229,0,0,0.0006457064439692961
LC-2023-0597584,0,0,0.00455226579342146
LC-2024-0560974,0,0,0.04375466590992566
LC-2025-0288167,0,0,0.038930561827215396
LC-2019-0707216,0,0,0.016205083728925915
LC-2022-0314564,0,0,0.02420409563650504
LC-2020-0165953,0,0,0.16878294767794264
LC-2023-0368959,0,0,0.0028333411553240068
LC-2025-0819267,0,0,0.009879886907272333
LC-2021-0290834,0,0,0.05876175742223243
LC-2019-0578752,0,0,0.012769978451786363
LC-2024-0538861,0,0,0.013563053471240533
LC-2025-0145083,0,0,0.012404316971511214
LC-2022-0063586,0,0,0.09360404585626919
LC-2019-0035598,0,0,0.028348783363517017
LC-2023-0033493,0,0,0.013232418793967374
LC-2022-0630905,0,0,0.22742833741959792
LC-2024-0443347,0,0,0.0038841628526085723
LC-2019-0008283,0,0,0.0071681661527357365
LC-2023-0493896,0,0,0.20184083680910483
LC-2022-0171511,0,0,0.0002756423486435253
LC-2019-0513417,0,0,0.0994925447472802
LC-2020-0613561,0,0,0.12338703248678005
LC-2025-0093412,0,0,0.09783522322511871
LC-2020-0454661,0,0,0.06634212497021698
LC-2020-0171654,0,0,0.09454769927388267
LC-2025-0849794,0,0,0.19498037437689553
LC-2025-0536902,0,0,0.62947516554991
LC-2025-0910009,0,0,0.012358434590423927
LC-2024-0671131,0,0,0.2899900548072187
LC-2023-0585301,0,0,0.31103447162465586
LC-2023-0070887,0,0,0.0002756423486435253
LC-2020-0616664,0,0,0.007905784522266068
LC-2023-0720064,0,0,0.043745147231120426
LC-2022-0624094,0,1,0.005815328881564499
LC-2025-0678125,0,0,0.044381244765265844
LC-2021-0437447,0,0,0.009718647338692567
LC-2025-0728618,0,0,0.11099225053511227
LC-2022-0062491,0,0,0.10901803941775334
LC-2020-0405146,0,0,0.1445695229361487
LC-2020-0528420,0,0,0.1039791081012653
LC-2025-0219159,0,0,0.0008389582702674857
LC-2024-0578622,0,0,0.011965316126628227
LC-2023-0652662,0,0,0.08340933407825497
LC-2022-0155058,0,0,0.18336447743757892
LC-2019-0317698,0,0,0.011996951316526156
LC-2021-0236718,0,0,0.009593560239937534
LC-2020-0444431,0,0,0.050343441136151
LC-2022-0084291,0,0,0.12323487657988483
LC-2022-0512666,0,0,0.029623766671327063
LC-2023-0359306,0,0,0.40672397393589976
LC-2021-0490860,0,0,0.007442384752331981
LC-2022-0571535,0,0,0.0639131325696851
LC-2022-0362402,0,0,0.002353346398537452
LC-2023-0453229,0,0,0.11575549691559814
LC-2021-0631921,0,0,0.10527563629954231
LC-2025-0201653,0,0,0.03456381578760839
LC-2025-0930505,0,0,0.15619302250656886
LC-2019-0280967,0,0,0.14147954716817848
LC-2020-0037697,0,0,0.3159704293667745
LC-2024-0662956,0,0,0.22911602329491246
LC-2019-0791729,0,0,0.01867304400928286
LC-2019-0432041,0,0,0.06349938141006266
LC-2019-0413857,0,0,0.01945304532926499
LC-2025-0875466,0,0,0.00813102196260748
LC-2024-0561503,0,0,0.0450067396531639
LC-2019-0466372,0,0,0.20162637113282206
LC-2025-0113863,0,0,0.01296656121039132
LC-2024-0540281,0,0,0.4496960182104289
LC-2024-0338956,0,0,0.0004229416536472334
LC-2023-0450953,0,0,0.06894472385658855
LC-2024-0145573,0,0,0.06722827896132706
LC-2024-0031928,0,0,0.6068051773938763
LC-2024-0322647,0,0,0.02959388499119875
LC-2023-0063082,0,0,0.4279282716335245
LC-2021-0647761,0,0,0.036483555384897885
LC-2019-0654621,0,0,0.010599744831683218
LC-2025-0931649,0,0,0.06266113528131201
LC-2022-0166581,0,0,0.046214612354613355
LC-2025-0802208,0,0,0.07454112677361335
LC-2020-0681449,0,0,0.02176171975169361
LC-2020-0113214,0,0,0.015485010878263698
LC-2023-0612351,0,0,0.011848914100377594
LC-2025-0034231,0,0,0.024001520722173195
LC-2024-0681218,0,0,0.011871915744035497
LC-2020-0410450,0,0,0.16384205753166975
LC-2025-0621163,0,0,0.09066426164847555
LC-2020-0496896,0,0,0.4482220936691689
LC-2019-0310763,0,0,0.04242923900903233
LC-2022-0673668,0,0,0.07831583681494
LC-2025-0751455,0,0,0.12998206413160443
LC-2020-0527361,0,0,0.05231173643306621
LC-2025-0732101,0,0,7.342177634956852e-05
LC-2025-0931696,0,0,0.14578836084399016
LC-2025-0328057,0,0,0.04079497966664945
LC-2023-0077048,0,1,0.017892571007638174
LC-2025-0469847,0,0,0.28301419147935336
LC-2019-0434267,0,0,0.027617899139200545
LC-2022-0395648,0,0,0.06960371456155233
LC-2022-0569793,0,0,0.05304229586210032
LC-2025-0527731,0,0,0.0047169214319965755
LC-2023-0179788,0,0,0.057781993824723286
LC-2021-0366700,0,0,0.23494530772067573
LC-2023-0426748,0,0,0.0015464131328419984
LC-2024-0339465,0,0,0.006266420072103347
LC-2023-0223246,0,0,0.3963892766623539
HC-2019-0230958,1,0,0.5326389685677398
LC-2024-0329413,0,0,0.03926354740666971
LC-2025-0236532,0,0,0.09044992009373676
LC-2019-0421944,0,0,0.028131022516881234
LC-2021-0442280,0,0,0.01637763404009303
LC-2023-0226507,0,0,0.12044135335182443
LC-2022-0690110,0,1,0.14551224903392831
LC-2022-0300990,0,0,0.07132598307122577
LC-2023-0497739,0,0,0.021327760303281932
LC-2021-0098651,0,0,0.4660660055413717
LC-2025-0045767,0,0,0.005861078083657353
LC-2022-0286096,0,0,0.1910001055110741
LC-2020-0641869,0,0,0.0713171994796762
LC-2025-0235631,0,0,0.025793586308650817
LC-2025-0829122,0,0,0.1523154227209632
LC-2022-0588671,0,0,0.09126422120993573
LC-2020-0603823,0,0,0.014890178238256049
LC-2019-0355001,0,0,0.01709277591950509
LC-2023-0163979,0,1,0.07021985804946045
LC-2023-0414576,0,0,0.16569289670024936
LC-2025-0227149,0,0,0.013468385222804625
LC-2024-0378685,0,0,0.012596840485622578
LC-2025-0224054,0,0,0.01359730649766798
LC-2022-0065208,0,0,0.0064197478940725295
LC-2025-0036809,0,0,0.06308327576640389
LC-2021-0633619,0,0,0.06632498225091185
LC-2020-0192965,0,0,0.09549757022420183
LC-2023-0394653,0,0,0.13271108086971942
LC-2023-0307980,0,0,0.0006985840022907585
LC-2025-0936324,0,0,0.017478975179918806
LC-2020-0047263,0,0,0.16627328285656462
LC-2021-0532422,0,0,0.24405494068835826
LC-2025-0112276,0,0,0.2286546703372859
LC-2021-0406319,0,0,0.021091015523920856
LC-2022-0164856,0,0,0.027072415106636053
LC-2021-0497737,0,0,0.004693200895111188
LC-2022-0249025,0,0,0.04457142475813563
LC-2025-0833299,0,0,0.0739850726243906
LC-2021-0098770,0,0,0.1694242866415081
LC-2021-0560231,0,0,0.0668797802736471
LC-2025-0946289,0,0,0.003284767334607844
LC-2024-0737926,0,0,0.015414121274258466
LC-2023-0372874,0,0,0.001081703704790743
LC-2019-0355477,0,0,0.01948012350482874
LC-2022-0491267,0,0,0.0113822641307211
LC-2020-0163384,0,0,0.11488062407115683
LC-2024-0474882,0,0,0.08231911978135749
LC-2021-0248577,0,0,0.15976554358110892
LC-2019-0538671,0,0,0.010454628905970481
LC-2022-0246372,0,0,0.12851565545357255
LC-2023-0576677,0,0,0.041531159565683276
LC-2024-0563785,0,0,0.0015662014815320286
LC-2022-0614740,0,0,0.0368530820206739
LC-2023-0350624,0,0,0.010663880146520184
LC-2025-0960265,0,0,0.011784089820777966
LC-2024-0784325,0,0,0.12231468390640146
LC-2019-0668781,0,0,0.2357143822568018
LC-2024-0581021,0,0,0.11107561652503022
LC-2020-0542534,0,0,0.06086772872912196
LC-2022-0011701,0,0,0.009310663981875286
LC-2024-0203283,0,0,0.029654473744406024
LC-2023-0463467,0,0,0.0963758746045069
LC-2025-0872596,0,0,0.08081037467998053
LC-2025-0515990,0,0,0.5395164655332658
LC-2023-0508771,0,0,0.18916419817752178
LC-2024-0424085,0,0,0.07742884750629181
LC-2019-0670770,0,0,0.07411626995470343
LC-2022-0470691,0,0,0.002991966217218322
LC-2019-0535835,0,0,0.023907573078847926
LC-2020-0497002,0,0,0.08232445822984225
LC-2023-0151682,0,0,0.10007276765433425
LC-2024-0612452,0,0,0.2946794340429617
LC-2021-0004477,0,0,0.012249571179343863
LC-2019-0039585,0,0,0.04384736661147144
LC-2021-0635702,0,0,0.002586955151958138
LC-2022-0422492,0,0,0.11038644556057545
LC-2022-0328780,0,0,0.0004229416536472334
LC-2021-0624850,0,0,0.0027492534817419503
LC-2019-0022606,0,0,0.05408665914331167
LC-2023-0710578,0,0,0.020341734580460354
LC-2022-0556760,0,0,0.015099552583573823
LC-2019-0620560,0,0,0.03220437088935961
LC-2019-0657922,0,0,0.01572630169971738
LC-2019-0122695,0,0,0.03433103632780234
LC-2025-0775422,0,0,0.047778571938262
LC-2025-0592423,0,0,0.11492770628877766
LC-2025-0054883,0,0,0.1174042188135768
LC-2023-0280767,0,0,0.005533218955907963
LC-2022-0057899,0,0,0.137751024572425
LC-2024-0283760,0,0,0.008757392882669938
LC-2022-0084488,0,0,0.05654545558530574
LC-2021-0588865,0,0,0.2104716730204303
LC-2019-0243353,0,0,0.04731510789751711
LC-2022-0081155,0,0,0.026760925064412362
LC-2022-0703988,0,0,0.05172738590125405
LC-2025-0825086,0,0,0.05079452885451832
LC-2022-0135667,0,0,0.08997668530835204
LC-2019-0659559,0,0,0.017524435240880386
LC-2021-0308468,0,0,0.0780446026843515
LC-2022-0069907,0,0,0.12491673289590464
LC-2025-0386423,0,0,0.0968635551332046
LC-2025-0027353,0,0,0.005919028377733758
LC-2021-0384234,0,0,0.013806074821564629
LC-2022-0318123,0,0,0.518848887156471
LC-2022-0157433,0,0,0.12362254668650538
LC-2025-0325662,0,0,7.342177634956852e-05
LC-2025-0761421,0,0,0.05803488993052335
LC-2023-0478400,0,0,0.022773319592283677
LC-2023-0435265,0,0,0.1308341120188136
LC-2024-0286366,0,0,0.05366465220383128
LC-2025-0383362,0,0,0.0002756423486435253
LC-2020-0091145,0,0,0.1306918290564937
LC-2021-0035172,0,0,0.07717490547248163
LC-2024-0114975,0,0,0.018459861479833327
LC-2021-0403485,0,0,0.0587316811520743
LC-2024-0724076,0,0,0.2178673140290299
LC-2021-0562116,0,0,0.3988400308637513
LC-2024-0656705,0,0,0.12987830577397871
LC-2021-0431680,0,0,0.05015907551087115
LC-2024-0360942,0,0,0.006444136828757647
LC-2021-0277156,0,0,0.09872399844008317
LC-2024-0378858,0,0,0.006158559091661797
LC-2022-0685678,0,0,0.03081132839505698
LC-2020-0034521,0,0,0.1662270647021723
LC-2020-0502022,0,0,0.11949106956068146
LC-2019-0351362,0,0,0.0498022361442621
LC-2024-0123641,0,0,0.007431930382039951
LC-2023-0587618,0,0,0.017979586489100568
LC-2024-0771781,0,0,0.07815192240678222
LC-2019-0450336,0,0,0.017965527475483113
LC-2019-0242042,0,0,0.05447470043687583
LC-2022-0573978,0,0,0.0043303909028240654
LC-2019-0383906,0,1,0.01007913493376001
LC-2024-0275287,0,0,0.015699640544343335
LC-2019-0112414,0,0,0.0074342290464610074
LC-2023-0190126,0,0,0.5605116163487266
LC-2019-0706368,0,0,0.026080638893874814
LC-2019-0341157,0,0,0.0
LC-2021-0492890,0,0,0.031230843694060997
LC-2023-0641840,0,0,0.10254315282879052
LC-2019-0231017,0,0,0.007826971699588974
LC-2025-0637672,0,0,0.003946096439583066
LC-2023-0157033,0,0,0.015618468943432271
LC-2023-0627797,0,1,0.23600396335511684
LC-2023-0421976,0,0,0.028611964034438248
LC-2021-0390432,0,0,0.0048079501098802
LC-2023-0226417,0,0,0.0460375541817592
LC-2023-0558419,0,0,0.04264465825481579
LC-2025-0152314,0,0,0.07643503616823383
LC-2024-0568626,0,0,0.1399766465480337
LC-2022-0089035,0,0,0.014526916233918163
LC-2023-0587485,0,0,0.5018393022040618
LC-2019-0459170,0,0,0.013116049509527024
LC-2019-0605701,0,0,0.04049876566837284
LC-2021-0398175,0,0,0.4221635707556215
LC-2022-0398962,0,0,0.08860972670816179
LC-2023-0574598,0,0,0.1288259561490703
HC-2022-0269390,1,0,0.342494256247132
LC-2022-0402411,0,0,0.11484230562852132
LC-2023-0606243,0,0,0.006213405027748376
LC-2022-0589583,0,0,0.052015654153770255
LC-2023-0649606,0,0,0.019324786423964454
LC-2021-0329776,0,0,0.04027655117552415
LC-2023-0522839,0,0,0.004450870245625691
LC-2025-0896081,0,0,0.24389711634458316
LC-2022-0515683,0,0,0.1228100199431776
LC-2019-0315749,0,0,0.04069935434742975
LC-2023-0658675,0,0,0.05888151182413396
LC-2021-0239635,0,0,0.0002756423486435253
LC-2020-0562459,0,0,0.018901103789619105
LC-2019-0042790,0,0,0.09433975533742514
LC-2019-0545285,0,0,0.05390278479817142
LC-2025-0754518,0,0,0.03363797079319255
LC-2019-0094735,0,0,0.08276296756593939
LC-2024-0661592,0,0,0.4173375347539273
LC-2019-0412917,0,0,0.037008496101521716
LC-2023-0157043,0,0,0.4357195670061639
LC-2019-0775885,0,0,0.07826940510115243
LC-2021-0437070,0,0,0.5066791479067669
LC-2022-0267450,0,0,0.23346741102455798
LC-2024-0358115,0,0,0.1197928204051918
LC-2022-0639972,0,0,0.19260358768194755
LC-2025-0878965,0,0,0.06719000909522715
LC-2019-0216648,0,0,0.023085593009606636
LC-2022-0501947,0,0,0.05576569816310201
LC-2020-0291320,0,0,0.054071944713525166
LC-2025-0119656,0,0,0.07476622853694707
LC-2023-0336322,0,0,0.543883279859558
LC-2025-0962995,0,0,0.11181703353871358
LC-2023-0454112,0,0,0.004241498015076121
LC-2020-0577955,0,0,0.015326532448055622
LC-2025-0261418,0,0,0.14926306174209694
LC-2019-0254645,0,0,0.048353814704691314
LC-2021-0098874,0,0,0.1305005391160661
LC-2022-0088182,0,0,0.004102917584222211
LC-2025-0661996,0,0,0.24197673025504385
LC-2021-0325561,0,0,0.002750194047510108
LC-2021-0257528,0,0,0.018192283148623
LC-2022-0631035,0,0,0.09087072676700178
LC-2021-0497592,0,0,0.005861744621162981
LC-2019-0036508,0,1,0.012039401833526095
LC-2023-0131028,0,0,0.12721076973425752
LC-2019-0707219,0,0,0.017313494169922748
LC-2019-0750907,0,0,0.05241291123696403
LC-2019-0100006,0,0,0.030836046383664297
LC-2025-0149580,0,0,0.06725949581102184
LC-2024-0507154,0,0,0.007276248442624775
LC-2025-0705384,0,0,0.1587588391799963
LC-2022-0631208,0,0,0.4232232282030574
LC-2023-0270545,0,0,0.4731247552283989
LC-2023-0388683,0,0,0.15705843113890539
LC-2025-0777658,0,0,0.14720183459724714
LC-2020-0544489,0,0,0.1833210428219327
LC-2023-0185222,0,0,0.009348631405137036
LC-2022-0151289,0,0,0.16225857693729345
LC-2022-0110356,0,0,0.07449139523856708
LC-2021-0110752,0,0,0.013701352527735215
LC-2025-0932040,0,0,0.02594780992312405
LC-2025-0622877,0,0,0.13577614921669354
LC-2024-0251822,0,0,0.1788662640912666
LC-2022-0151802,0,0,0.1493084346231368
LC-2023-0733434,0,0,0.1481262049815279
LC-2024-0052992,0,0,0.1978670958377272
LC-2025-0166118,0,0,0.09430116575071688
LC-2020-0130596,0,0,0.7022903391759893
LC-2023-0384567,0,0,0.03655151548229941
LC-2024-0100599,0,0,0.13522510746245925
LC-2025-0319675,0,0,0.1502108619557942
LC-2025-0116572,0,0,0.11385487981638522
LC-2022-0335040,0,0,0.042343819178042634
LC-2019-0239787,0,0,0.037889960808247095
LC-2023-0078312,0,0,0.2437618994784005
LC-2023-0121571,0,0,0.14767360990779405
LC-2019-0049690,0,0,0.0511307833555785
LC-2021-0085797,0,0,0.6001947062628674
LC-2025-0878205,0,0,0.352175300374191
LC-2024-0039066,0,0,0.4193298337069475
LC-2022-0240147,0,0,0.0781219708851561
LC-2025-0726820,0,0,0.17464236606881564
LC-2019-0205994,0,0,0.0792675136247907
LC-2024-0198657,0,0,0.0025470221374189073
HC-2021-0380952,1,0,0.11307092960448252
LC-2023-0590892,0,0,0.010739743897647909
LC-2022-0303370,0,0,0.20728544331595475
LC-2024-0340870,0,0,0.005219328828105949
LC-2022-0467120,0,0,0.18671380311722374
LC-2021-0585008,0,0,0.05088770962336074
LC-2020-0107013,0,0,0.018841507963517336
LC-2024-0599816,0,0,0.20643659521896784
LC-2020-0623725,0,0,0.11190969288537504
LC-2024-0662859,0,0,0.0865226800492095
LC-2021-0531699,0,0,0.040749605530266575
LC-2024-0314990,0,0,0.007708355507344528
LC-2023-0393780,0,0,0.06649762558776094
LC-2022-0170072,0,0,0.05893629842323069
LC-2022-0649692,0,0,0.06855312352772985
LC-2020-0664304,0,0,0.03764014552407696
LC-2023-0625034,0,0,0.20131308587287255
LC-2022-0661084,0,0,0.13700968303348834
LC-2021-0474532,0,0,0.1507683064366686
LC-2019-0332699,0,0,0.17778053624919338
LC-2020-0579817,0,0,0.005518454624773754
LC-2025-0942019,0,0,0.09115519522220561
LC-2025-0732118,0,0,0.23828863946358875
LC-2024-0291739,0,0,0.15094535300964454
LC-2024-0455470,0,0,0.06480470945868164
LC-2025-0639301,0,0,0.0016814871319920093
LC-2021-0378296,0,1,0.17259880463339997
LC-2022-0173956,0,0,0.10438302289362968
LC-2019-0645775,0,0,0.004121172494996099
LC-2023-0414098,0,0,0.02657076248077252
LC-2019-0623235,0,0,0.02497825424658984
LC-2019-0302737,0,0,0.06156720064881827
LC-2019-0069875,0,0,0.12192624633794415
LC-2022-0675909,0,0,0.2151513624969512
LC-2022-0633566,0,0,0.02770869787988204
LC-2020-0527154,0,0,0.09899668688261055
LC-2023-0252338,0,0,0.040996040327139244
LC-2025-0596728,0,0,0.0024038018624685355
LC-2019-0614578,0,0,0.04261914465667953
LC-2024-0223735,0,0,0.012714438608912559
LC-2025-0030472,0,0,0.3462136576692819
LC-2025-0182508,0,0,0.02773362013648722
LC-2019-0201326,0,0,0.40602524058464534
LC-2022-0309446,0,0,7.342177634956852e-05
LC-2022-0433783,0,0,0.07722067552061648
LC-2024-0640814,0,0,0.03436594306302759
LC-2025-0335380,0,0,0.07646105449547493
LC-2020-0642293,0,0,0.014794912522669243
LC-2024-0133640,0,1,0.001081703704790743
LC-2024-0060909,0,0,0.26296285840734973
LC-2021-0098980,0,0,0.010060562032106606
LC-2022-0632295,0,0,0.007993958006795733
LC-2021-0039082,0,0,0.21799861524555095
LC-2023-0600984,0,0,0.0004963634299968018
LC-2021-0475816,0,0,0.009996858645483792
LC-2019-0744106,0,0,0.004619509359271917
LC-2019-0085621,0,0,0.033579511236092145
LC-2021-0185768,0,0,0.49305643866386684
LC-2022-0515503,0,0,0.007598738350327646
LC-2020-0376477,0,0,0.06789804940195408
LC-2019-0276754,0,0,0.04078926245160952
LC-2023-0274555,0,0,0.47470698039588405
LC-2021-0332624,0,0,0.02527021598212288
LC-2023-0226236,0,0,0.00493666762031581
LC-2025-0427989,0,0,0.03410460139651608
LC-2023-0393284,0,0,0.0073202758292413815
LC-2023-0596328,0,0,0.01327591217951652
LC-2019-0145904,0,0,0.22869701407176507
LC-2023-0626760,0,0,0.19614037566719747
LC-2022-0543683,0,0,0.12812161769265099
LC-2021-0182627,0,0,0.01952869050657012
LC-2025-0409648,0,0,0.0016677120367455188
LC-2024-0136034,0,0,0.004392043350543819
LC-2025-0947407,0,0,0.024843250625136683
HC-2024-0637510,1,0,0.38254060634238124
LC-2021-0504150,0,0,0.14797861961387926
LC-2019-0205227,0,0,0.034033049432486764
LC-2021-0456754,0,0,0.0004229416536472334
LC-2025-0719834,0,0,0.026506404206657442
LC-2023-0119275,0,0,0.067886625676338
LC-2022-0539582,0,0,0.0761079052443809
LC-2020-0043116,0,0,0.20853452806935752
LC-2022-0527155,0,0,0.04000511799277362
LC-2019-0529949,0,0,0.021766553926408395
LC-2021-0175548,0,0,0.09507783691942903
LC-2022-0062137,0,0,0.15028823904407845
LC-2020-0254982,0,0,0.06982231094141754
LC-2024-0317027,0,0,0.08458098970211417
LC-2025-0039740,0,0,0.15386933251266185
LC-2019-0068151,0,0,0.1294263478408087
LC-2022-0207492,0,0,0.0009140828300562965
LC-2025-0636711,0,0,0.011579038370320892
LC-2023-0249351,0,0,0.030248192226748224
LC-2024-0751171,0,0,0.007558179571141921
LC-2024-0227071,0,0,0.006198184236576725
LC-2025-0555017,0,0,0.06180904906486221
LC-2025-0415457,0,0,0.13525354068171416
LC-2025-0554867,0,0,0.048047464008113314
LC-2019-0810886,0,0,0.026850444162450207
LC-2023-0182787,0,0,0.12834046064288063
LC-2024-0128732,0,0,0.011262470316172219
LC-2023-0520829,0,0,0.007779680089118062
LC-2025-0274449,0,0,0.013450015294715964
LC-2022-0664712,0,0,0.5561734992442339
HC-2019-0047871,1,1,0.3270220019284578
LC-2021-0317553,0,0,0.4720230047029998
LC-2022-0657952,0,0,0.056894315701383265
LC-2021-0192761,0,0,0.09672725837339687
LC-2019-0704983,0,0,0.019267786795431438
LC-2025-0837577,0,0,0.01957351685089151
LC-2024-0432423,0,0,0.15020111958834045
LC-2020-0541441,0,0,0.02152037480922381
LC-2024-0331319,0,0,0.17901553309969462
LC-2022-0322025,0,0,0.16420973312847686
LC-2025-0251496,0,0,0.17972639263370419
LC-2019-0090310,0,0,0.0519269994661163
LC-2020-0445059,0,0,0.05053089018649477
LC-2020-0105929,0,0,0.20708269800604953
LC-2022-0147657,0,0,0.0278898240350972
LC-2024-0517601,0,0,0.009969059297820245
LC-2025-0878142,0,0,0.16162830876465548
LC-2023-0063759,0,0,0.48630016042054897
LC-2024-0569118,0,0,0.38366997007923503
LC-2022-0357164,0,0,0.0011927097324942134
LC-2024-0762473,0,0,0.1543403803986025
LC-2025-0762770,0,0,0.015823305072041473
LC-2020-0621732,0,0,0.009576849918283042
LC-2020-0099346,0,0,0.3878372729876966
LC-2020-0615766,0,0,0.122708019280516
LC-2022-0395438,0,0,0.1174704891798774
LC-2023-0579846,0,0,0.11273987206258873
LC-2023-0298372,0,0,0.07851596256709413
LC-2019-0082976,0,0,0.06563079648231612
LC-2019-0359609,0,0,0.0872605202551444
LC-2025-0884107,0,0,0.5113233765476921
LC-2022-0113713,0,0,0.05117447642385042
LC-2024-0227666,0,0,0.001177947101593408
LC-2024-0200527,0,0,0.20818237436992879
LC-2021-0475988,0,0,0.0024292024736309965
LC-2023-0514748,0,0,0.006221093984795395
LC-2023-0251207,0,0,0.08799963066126583
LC-2022-0579586,0,0,0.01111478242440914
LC-2023-0578933,0,0,0.12726867233094682
LC-2022-0230349,0,0,0.47061749307861667
LC-2024-0453617,0,0,0.19010410390286456
LC-2024-0612230,0,0,0.2149763961162801
LC-2019-0622405,0,0,0.05472991733710093
LC-2022-0430041,0,0,0.06147138528896803
LC-2023-0065524,0,0,0.14168974711333734
LC-2019-0207574,0,0,0.06887313313899132
LC-2021-0326312,0,0,0.5374504095453332
LC-2020-0549468,0,0,0.08532572515576804
LC-2022-0033543,0,0,0.2515413522603458
LC-2023-0536097,0,1,0.32044120464945614
LC-2024-0538879,0,0,0.05855986478160156
LC-2019-0369807,0,0,0.01798101642139391
LC-2020-0610965,0,0,0.12952019604663886
LC-2023-0705617,0,0,0.002296583234287832
LC-2025-0068815,0,0,0.031638533780719305
LC-2025-0438647,0,0,0.07711579344242206
LC-2024-0435336,0,0,0.061108857454037366
LC-2025-0520658,0,0,0.2010808948942476
LC-2022-0441594,0,0,0.1755280715876448
LC-2025-0458189,0,0,0.13646506324861007
LC-2019-0702822,0,0,0.035804904655476276
LC-2022-0286351,0,0,0.031208498304911892
LC-2025-0617837,0,0,0.04083963255335163
LC-2022-0313843,0,0,0.023788763576244182
LC-2023-0431580,0,0,0.4915918426596826
LC-2019-0523224,0,0,0.028316624447822507
LC-2019-0427423,0,1,0.02303613357177345
LC-2019-0304826,0,0,0.028694820136703245
LC-2020-0204899,0,0,0.021100788293571898
LC-2019-0713003,0,0,0.026511515084558825
LC-2019-0534541,0,0,0.05631454314703294
LC-2022-0474591,0,0,0.019587380767701078
LC-2020-0465087,0,0,0.11363335948502896
LC-2025-0940394,0,0,0.30324280509577817
LC-2019-0142202,0,0,0.007913963327648309
LC-2024-0692503,0,0,0.10065045909240465
LC-2019-0572000,0,0,0.03674852658926546
LC-2020-0223831,0,0,0.13320632993935064
LC-2019-0354887,0,0,0.039900433914917224
LC-2022-0191901,0,0,0.0961057799715887
LC-2023-0399615,0,0,0.08131211276521955
LC-2023-0161289,0,0,0.13070945878559626
LC-2021-0150740,0,0,0.2549129195136876
LC-2025-0359191,0,0,0.03771408751621103
LC-2023-0315167,0,0,0.0004963634299968018
LC-2019-0534615,0,0,0.0388238659796859
LC-2025-0875132,0,0,0.2859175425639147
LC-2019-0122941,0,0,0.010004086066776403
LC-2019-0538888,0,0,0.018772552352971095
HC-2019-0691221,1,0,0.49245338859446236
LC-2021-0212038,0,0,0.0077139449290867974
LC-2020-0438086,0,0,0.08844575116979302
LC-2025-0497028,0,0,0.06899238995313149
LC-2023-0452765,0,0,0.0006384404814127712
LC-2024-0266918,0,0,0.1717225166721643
LC-2023-0331798,0,0,0.22977867247107828
LC-2022-0059132,0,0,0.0145610373974036
LC-2025-0241548,0,0,0.0144941035362593
LC-2024-0602447,0,0,0.10139659443776176
LC-2025-0365225,0,0,0.09348919007107614
LC-2023-0241205,0,0,0.04036735592520953
LC-2022-0385243,0,0,0.002441910122304809
LC-2025-0264934,0,0,0.12078176840125453
LC-2023-0298338,0,0,0.14279599822092465
LC-2025-0564701,0,0,0.0002756423486435253
LC-2021-0094264,0,0,0.0640636137239185
LC-2022-0501265,0,0,0.23479316870722358
LC-2020-0084657,0,0,0.7090647924273913
LC-2019-0420712,0,0,0.05860091276810993
LC-2023-0269337,0,0,0.4037023878469059
LC-2024-0703196,0,1,0.2473103599303138
LC-2021-0188001,0,0,0.07284120752479521
LC-2019-0296622,0,0,0.014288771825678146
LC-2020-0609217,0,0,0.28599671897221524
LC-2019-0685909,0,0,0.003182861032621672
LC-2024-0412662,0,0,0.10591865597390605
LC-2024-0137307,0,0,0.12409214953818536
LC-2023-0656004,0,0,0.014015882048182738
LC-2020-0498591,0,0,0.12540802015392663
LC-2020-0530060,0,0,0.013091196492565158
LC-2025-0236243,0,0,0.18946749475260521
LC-2024-0127996,0,0,0.23240160290777734
LC-2025-0513251,0,0,0.18010283661718238
LC-2025-0905809,0,0,0.0049773153620528985
LC-2024-0015512,0,0,0.49643344372216647
LC-2024-0009399,0,1,0.006119220144277206
LC-2024-0479229,0,0,0.07945086825347447
LC-2023-0697030,0,0,0.044060884350788206
LC-2022-0574686,0,0,0.044115111627076986
LC-2020-0054119,0,0,0.12286211211831442
LC-2021-0014643,0,0,0.144733395916475
LC-2019-0591595,0,0,0.020622879484124213
LC-2022-0433298,0,0,0.12016093948793871
LC-2022-0305230,0,0,0.04776586321161495
LC-2019-0279660,0,0,0.049039259158375176
LC-2025-0177385,0,0,0.04262628548031712
LC-2021-0193138,0,0,0.24418600480597344
LC-2022-0696070,0,0,7.342177634956852e-05
LC-2025-0566519,0,0,0.30922295381713044
LC-2022-0047481,0,0,0.06729086388662783
LC-2019-0406764,0,0,0.03954709760494044
LC-2021-0183502,0,0,0.1541975698549104
LC-2024-0734120,0,0,0.16194746058814263
LC-2024-0651329,0,0,0.0002756423486435253
LC-2023-0547333,0,0,0.01766068178105545
LC-2020-0516385,0,0,0.18288460814138024
LC-2023-0257371,0,0,0.027859239201837718
LC-2025-0356584,0,0,0.18969029331169993
LC-2019-0810294,0,0,0.034670606209421334
LC-2019-0051524,0,0,0.040567703191806415
LC-2024-0728190,0,0,0.014016880275649051
LC-2020-0173611,0,0,0.022799610040007287
LC-2022-0017421,0,0,0.07627519336709614
LC-2020-0170356,0,0,0.24480230154558918
LC-2025-0914782,0,0,0.006247930802111948
LC-2022-0563516,0,0,0.09867204140267363
LC-2024-0133630,0,0,0.07028535040886276
LC-2022-0295666,0,0,0.10664517001048551
LC-2025-0612970,0,0,0.01926680687857257
LC-2019-0720532,0,0,0.11374083421838271
LC-2025-0345367,0,0,0.0006985840022907585
LC-2025-0015428,0,0,0.06592444245130337
LC-2023-0230409,0,0,0.0002756423486435253
LC-2022-0080290,0,0,0.20679972434697289
LC-2019-0221630,0,0,0.0268072744809187
LC-2024-0119574,0,0,0.007284607407793666
LC-2021-0326351,0,0,0.17613674149428607
LC-2025-0068625,0,0,0.05713127348269538
LC-2019-0383645,0,0,0.015805298794498056
LC-2022-0304416,0,0,0.0616403501593605
LC-2023-0114384,0,0,0.07056643232582277
LC-2022-0168048,0,0,0.0929425073297935
LC-2022-0665812,0,0,0.08094916448896057
LC-2022-0261311,0,0,0.10218556270533932
LC-2023-0449262,0,0,0.034351344311195076
LC-2023-0089494,0,0,0.05538999412135867
LC-2023-0679433,0,0,0.04040340149456508
LC-2025-0440939,0,0,0.1603181084701656
LC-2019-0350656,0,0,0.11210535434951495
LC-2025-0960257,0,0,0.04553944208476216
LC-2022-0650799,0,0,0.1255629787734256
LC-2024-0281038,0,0,0.004715179968109592
LC-2021-0172369,0,0,0.021181244796897748
LC-2024-0598621,0,0,0.07412004468589889
LC-2021-0256954,0,0,0.0002756423486435253
LC-2025-0645882,0,0,0.017686104319927506
LC-2019-0324707,0,0,0.11719276736512432
HC-2022-0703056,1,0,0.40580637817520426
LC-2022-0416652,0,0,0.0006985840022907585
LC-2023-0416449,0,0,0.11162393133777578
LC-2019-0290000,0,0,0.3533913294992599
LC-2022-0668263,0,0,0.05547879768637582
LC-2021-0198444,0,0,0.17654884250695801
LC-2023-0112139,0,0,0.09289098030761254
LC-2021-0632861,0,0,0.0019300546981439075
LC-2022-0607673,0,0,0.1929786033890102
LC-2019-0170428,0,0,0.05777495063712013
LC-2022-0515997,0,0,0.2839265297488938
LC-2021-0621317,0,0,0.005469590183626611
LC-2021-0300154,0,0,0.12618068951047254
LC-2019-0560595,0,0,0.011698630322227533
LC-2021-0528922,0,0,0.10872635953214452
LC-2022-0557551,0,0,0.002261562167675849
LC-2023-0521492,0,0,0.12051261252603186
LC-2023-0664597,0,0,0.0004963634299968018
LC-2022-0574004,0,0,0.0002756423486435253
LC-2024-0040955,0,0,0.3434952467659576
LC-2025-0011372,0,0,0.15997189777776458
LC-2021-0568786,0,0,0.11468287991401555
LC-2024-0458073,0,0,0.2971908411686332
LC-2021-0536059,0,0,0.08652403697900814
LC-2019-0665790,0,0,0.02768462542119281
LC-2025-0822302,0,0,0.06711153717713779
LC-2025-0782578,0,0,0.06051891484299747
LC-2023-0425433,0,0,0.0002756423486435253
LC-2025-0456147,0,0,0.03492603187490396
LC-2022-0581546,0,0,0.03427927094164962
LC-2020-0643509,0,0,0.0
LC-2025-0962382,0,0,0.08636746682297725
LC-2023-0463555,0,0,0.21072337256085671
LC-2019-0403206,0,0,0.015005089071521925
LC-2025-0183299,0,0,0.10960485521757896
LC-2024-0349626,0,0,0.002296583234287832
LC-2020-0538385,0,0,0.37227377930992583
LC-2021-0435775,0,0,0.0
LC-2019-0003432,0,0,0.03643624887283913
LC-2020-0493569,0,0,0.4233648288462472
LC-2023-0025563,0,0,0.04744099573266523
LC-2025-0670320,0,0,0.07002793656030447
LC-2025-0278444,0,0,0.09411780669064744
LC-2022-0076001,0,0,0.12031761462311297
LC-2024-0631823,0,0,0.1671428542635867
LC-2025-0637705,0,0,0.00545167421370714
LC-2020-0031929,0,0,0.12910328275816738
LC-2023-0461823,0,0,0.015180368929562524
LC-2021-0324717,0,0,0.08008510126491525
LC-2019-0700182,0,0,0.12858088125340406
LC-2025-0882401,0,0,0.02065251646130621
LC-2021-0584857,0,0,0.25556483434012073
LC-2023-0583406,0,0,7.342177634956852e-05
LC-2020-0650559,0,0,0.004859325587014938
LC-2019-0552839,0,0,0.11271819239259533
LC-2023-0041191,0,0,0.17015836269455556
LC-2025-0785096,0,0,0.043855697668953725
LC-2019-0749108,0,0,0.0252590205823308
LC-2022-0666056,0,0,0.38522062199840257
LC-2022-0070250,0,0,0.0687106593638413
LC-2024-0366718,0,0,0.2398972781109286
LC-2020-0576463,0,0,0.0009904891602002567
LC-2019-0341545,0,0,0.030103346082568736
LC-2025-0500493,0,1,0.04300704352026687
LC-2024-0729871,0,0,0.12386466557544179
LC-2022-0087468,0,0,0.011404360245508026
LC-2021-0146624,0,0,0.25654950112793024
LC-2020-0672643,0,0,0.1003962222594368
LC-2023-0116886,0,0,0.15274858434383967
LC-2023-0403220,0,0,0.0006985840022907585
LC-2022-0529091,0,1,0.20015551016348712
LC-2022-0540545,0,0,0.04438775732242107
LC-2021-0470862,0,0,0.10326534727533358
LC-2025-0681599,0,0,0.11077973949914459
LC-2023-0579625,0,0,0.1092912614361703
LC-2025-0321877,0,0,0.05591042857838152
LC-2019-0755298,0,0,0.011252904585734105
LC-2023-0190931,0,0,0.10907180811560574
LC-2024-0754952,0,0,0.0036404275547430483
LC-2019-0555761,0,0,0.0312127257558897
LC-2025-0944695,0,0,0.0009904891602002567
LC-2019-0220215,0,0,0.054300208964786885
LC-2023-0020432,0,0,0.2125778803794858
LC-2022-0048476,0,0,0.06071596925079291
LC-2020-0206274,0,0,0.42430248014569755
LC-2024-0410314,0,0,0.1874004563906665
LC-2023-0166691,0,0,0.04356322341606312
LC-2019-0354758,0,0,0.024285450676085455
LC-2022-0626455,0,0,0.003908630099354321
LC-2025-0471604,0,0,0.035165755617262914
LC-2025-0118816,0,0,0.11471901040059994
LC-2022-0481194,0,0,0.040232023197154396
LC-2020-0151634,0,0,0.09314189278076906
LC-2024-0008081,0,0,0.05190943189555686
LC-2021-0317935,0,0,0.0
LC-2021-0262238,0,0,0.13692761162059428
LC-2024-0372514,0,0,0.0015369357491539313
LC-2019-0647319,0,0,0.045988717355760524
LC-2022-0264331,0,0,0.014372536313347624
LC-2023-0640282,0,0,0.222594283991424
LC-2023-0733451,0,0,0.2136287107008744
LC-2021-0252589,0,0,0.15095950465273644
LC-2020-0026884,0,0,0.134692447320804
LC-2023-0728707,0,0,0.006047676194697702
LC-2023-0553280,0,0,0.4180613246664103
LC-2020-0440547,0,0,0.11502133333135463
LC-2022-0580742,0,0,0.09823743937690589
LC-2023-0193563,0,0,0.0002756423486435253
LC-2024-0368236,0,0,0.0063150986341806836
LC-2021-0574790,0,0,0.11414414349845071
LC-2023-0394527,0,1,0.012266567808048691
LC-2025-0576594,0,0,0.03892609686461063
LC-2019-0605670,0,0,0.22666258351499963
LC-2025-0263858,0,0,0.0034011085595316713
LC-2025-0167292,0,0,0.0004963634299968018
LC-2025-0855093,0,0,0.017091936955334355
LC-2023-0377595,0,0,0.06948624195764974
LC-2025-0677179,0,0,0.09593098773954639
LC-2022-0389615,0,0,0.03434700055376436
LC-2025-0053871,0,0,0.001553808479726016
LC-2021-0103678,0,0,0.1898365846560776
LC-2024-0179273,0,0,0.0024006872195510994
LC-2022-0217615,0,0,0.12478596406064968
LC-2022-0109349,0,0,0.13508922140541585
LC-2025-0864341,0,0,0.03695021437931648
LC-2025-0710928,0,0,0.021144421635961738
LC-2019-0523646,0,0,0.05095864571158363
LC-2022-0385988,0,0,0.0002756423486435253
LC-2020-0038248,0,0,0.13119365830348298
LC-2022-0255814,0,0,0.08029031326475743
LC-2023-0371521,0,0,0.0030355617276179637
LC-2025-0948277,0,0,0.04378690761562667
LC-2019-0438623,0,0,0.14852996739537788
LC-2024-0580932,0,0,0.0040815668428455625
LC-2022-0413343,0,0,0.05991070409025804
LC-2022-0618918,0,0,0.02416432740105667
LC-2023-0639136,0,0,0.09803756049304242
LC-2025-0198701,0,0,0.24402186314061033
LC-2024-0276699,0,0,0.3978024483192161
LC-2024-0579096,0,0,0.18169561503440884
LC-2025-0240460,0,0,0.11995568254163091
LC-2025-0786953,0,0,0.0
LC-2021-0136925,0,0,0.06850802005747461
LC-2023-0379991,0,0,0.0020709955523595556
LC-2024-0660178,0,0,0.0004963634299968018
LC-2024-0307215,0,0,0.04587257169984464
LC-2021-0096139,0,0,0.11176073988826199
LC-2019-0005246,0,0,0.025016267811302152
LC-2025-0693297,0,0,0.0732604053263584
LC-2023-0229385,0,0,0.038483166520263075
LC-2022-0431111,0,0,0.12174246036950066
LC-2020-0079949,0,0,0.24252864368984375
LC-2024-0421970,0,0,0.024175796554994352
LC-2019-0193174,0,0,0.1647221157082865
LC-2021-0501838,0,0,0.008553377087083713
LC-2024-0646237,0,0,0.0306869292420484
LC-2024-0739385,0,0,0.049590133730705095
LC-2023-0035444,0,0,0.09444898609023551
LC-2022-0510746,0,0,0.15096690034446708
LC-2019-0300245,0,0,0.0
LC-2022-0560260,0,0,0.027044234697733344
LC-2022-0461364,0,0,0.19305193754357255
LC-2019-0049471,0,0,0.05249839575886531
LC-2024-0423875,0,0,0.20972036466382044
LC-2023-0427087,0,0,0.041678837620181645
LC-2025-0100209,0,0,0.36717962710829793
LC-2021-0641001,0,0,0.09856278769640024
LC-2024-0541648,0,0,0.22422540759850162
LC-2024-0114984,0,0,0.1520944105499905
LC-2019-0162507,0,0,0.015417309541790237
LC-2022-0415296,0,0,0.06486577087176909
LC-2025-0565178,0,0,0.11886877327849177
LC-2020-0099503,0,0,0.13269710742182883
LC-2021-0386102,0,0,0.07346975158022989
LC-2024-0462736,0,0,0.066240985973811
LC-2020-0493133,0,0,0.06722781259735978
LC-2025-0899062,0,0,0.006795436985955635
LC-2025-0325153,0,0,0.0178728252583008
LC-2024-0755087,0,0,0.606989098339725
LC-2019-0274082,0,0,0.019709857579456355
LC-2024-0154067,0,0,0.3796110598099014
HC-2024-0146862,1,0,0.21718747366659405
LC-2024-0396014,0,0,0.45157228875450434
LC-2022-0435971,0,0,0.024976620446869154
LC-2021-0101735,0,0,0.08463268368651758
LC-2020-0084137,0,0,0.1647200343692986
LC-2025-0762769,0,0,0.19198529497104336
LC-2024-0306994,0,0,0.2568992703068075
LC-2019-0653384,0,0,0.02146437951909209
LC-2025-0905225,0,0,0.01511205348098124
LC-2022-0167046,0,0,0.2694162471172967
LC-2022-0446976,0,0,0.11360070518233252
LC-2019-0770956,0,0,0.016358656839972733
LC-2019-0008916,0,0,0.2924152543288159
LC-2023-0485029,0,0,0.4089879767587884
LC-2025-0683767,0,0,0.06756631203587667
LC-2025-0662018,0,0,0.0032347046615063494
LC-2024-0539507,0,0,0.029172285208672544
LC-2020-0266033,0,0,0.04268854783681666
LC-2024-0329330,0,0,0.2304849502406785
LC-2023-0181328,0,0,0.10852740352805981
LC-2025-0145371,0,0,0.051139188552003514
LC-2025-0452150,0,0,0.001081703704790743
LC-2024-0545446,0,0,0.05044196360488699
LC-2020-0589875,0,0,0.3191273472033679
LC-2025-0887174,0,0,0.1917513833738613
LC-2022-0374958,0,0,0.12677441442531875
LC-2019-0210197,0,0,0.07874511951264422
LC-2021-0005409,0,0,0.3598507737347937
LC-2019-0538399,0,0,0.06103481171856012
LC-2023-0289795,0,0,0.4464863437457005
LC-2021-0318449,0,0,0.004775931697996161
LC-2024-0075866,0,0,0.2608211943526054
LC-2024-0645249,0,0,0.2203062549275726
LC-2021-0391850,0,0,0.011476647037009903
LC-2022-0515785,0,1,0.001081703704790743
LC-2023-0419137,0,0,0.09306382892872006
LC-2020-0116211,0,0,0.10847918069544704
LC-2019-0139261,0,0,0.0067800702005892475
LC-2022-0455899,0,0,0.27144068903818847
LC-2019-0620802,0,0,0.03515942743936783
LC-2023-0280059,0,0,0.004489476563850427
LC-2022-0517283,0,0,0.19168523893831735
LC-2025-0787136,0,0,0.20194891967402906
LC-2019-0305822,0,0,0.005788763798815211
LC-2023-0447938,0,0,0.08733362239882463
LC-2021-0398354,0,0,0.005273087231907938
LC-2025-0889746,0,0,0.00927614952780262
LC-2022-0322951,0,0,0.15383461856803585
LC-2025-0069415,0,0,0.06192269033606156
LC-2025-0715424,0,0,0.0187073750936645
LC-2022-0251314,0,0,0.11827688198583611
LC-2024-0310495,0,0,0.12241720822420048
LC-2025-0591831,0,0,0.00383261050529699
LC-2025-0822320,0,0,0.10565864648126601
LC-2025-0699302,0,0,0.2090796250816348
LC-2024-0699657,0,0,0.08074034171067603
LC-2022-0508869,0,0,0.002296583234287832
HC-2022-0440410,1,0,0.6082587326581694
LC-2025-0138988,0,0,0.043437463941863805
LC-2024-0232065,0,0,0.058335121741604115
LC-2024-0078621,0,0,0.18900153569415118
LC-2025-0215558,0,0,0.005444269806566194
LC-2022-0151822,0,0,0.31296252653343326
LC-2022-0098590,0,0,0.6383111324181302
LC-2024-0605547,0,0,0.08615633621629507
LC-2024-0494451,0,0,0.01365049074393465
LC-2023-0237210,0,0,0.08155201378978298
LC-2022-0692253,0,0,0.09706948447214972
LC-2025-0572481,0,0,0.15703940000868857
LC-2019-0534009,0,0,0.1262188978243153
LC-2020-0299211,0,0,0.3119390410852374
LC-2021-0348213,0,0,0.42803764247889975
LC-2025-0145301,0,0,0.08864966439735354
LC-2019-0597511,0,0,0.007709376141722117
LC-2019-0776463,0,0,0.01165904476996028
LC-2022-0132449,0,0,0.005383083000648325
LC-2024-0549857,0,0,0.002575735105099768
LC-2022-0284495,0,0,0.023639480479901703
LC-2021-0317002,0,0,0.06573609150071473
LC-2024-0138632,0,0,0.2270162232317483
LC-2019-0040179,0,0,0.0525121855337284
LC-2024-0259122,0,0,0.14339964944302122
LC-2025-0815459,0,0,0.28306388240369423
LC-2025-0857510,0,0,0.016417911298410155
LC-2019-0633087,0,0,0.1290548150888798
LC-2022-0227248,0,0,0.021852690568029742
LC-2019-0538743,0,0,0.005346904732441002
LC-2021-0038025,0,0,0.1161941782546985
LC-2020-0477256,0,0,0.36828645129061394
LC-2019-0825219,0,0,0.0
LC-2025-0938458,0,0,0.006918336411224979
LC-2021-0325375,0,0,0.12626704245613024
LC-2025-0415638,0,0,0.08263053857880853
LC-2020-0674757,0,0,0.01658726213396247
LC-2024-0590892,0,0,0.14003601217538525
LC-2023-0607221,0,0,0.10883368738792186
LC-2024-0786406,0,0,0.005622127042777491
LC-2025-0771740,0,0,0.01066346540741419
LC-2024-0664946,0,0,0.07496507269596417
LC-2023-0397991,0,0,0.05083858479259217
LC-2019-0461854,0,0,0.12981896434405976
LC-2024-0114864,0,0,0.14666993921736374
LC-2025-0808336,0,0,0.016877022914673755
LC-2024-0512997,0,0,0.004895551147455574
LC-2024-0786054,0,0,0.05523364895696885
LC-2019-0565745,0,0,0.06405858953216326
LC-2021-0620873,0,0,0.23170651591568397
LC-2023-0230555,0,0,0.2005731642297387
LC-2025-0843937,0,0,0.005052793641661148
LC-2025-0830288,0,0,0.084908447999171
LC-2024-0650580,0,0,0.10304039898199088
LC-2019-0298914,0,0,0.01522688365822005
LC-2024-0464796,0,0,0.04585048058115639
LC-2024-0655183,0,0,0.3114001011538029
LC-2023-0378396,0,0,0.4614781746970062
LC-2021-0366392,0,0,0.10432979036684742
LC-2025-0087119,0,0,0.158470409960569
LC-2020-0680250,0,0,0.02014792803416222
LC-2022-0544536,0,0,0.1296392259566782
LC-2024-0740484,0,0,0.23737863489311656
LC-2022-0448923,0,0,0.061546524117387695
LC-2024-0229815,0,0,0.25345178274908625
HC-2021-0650007,1,0,0.37694418247376604
LC-2024-0644296,0,0,0.004723771194764415
LC-2022-0117822,0,0,0.04123535107182726
LC-2019-0789247,0,0,0.004731037878741903
LC-2024-0598422,0,0,0.40490784345949543
LC-2020-0458809,0,0,0.0
LC-2024-0185359,0,1,0.023865234344432485
LC-2021-0125787,0,0,0.20229336184636593
LC-2025-0627927,0,0,0.007275049454866841
LC-2023-0254711,0,0,0.10715881091059616
LC-2025-0490060,0,0,0.055864963973306175
LC-2023-0576996,0,0,0.10384096560038537
LC-2019-0123836,0,0,0.06520818475474277
LC-2024-0210494,0,0,0.010018536443403067
LC-2025-0457735,0,0,0.0006985840022907585
LC-2025-0740197,0,0,0.15773756518099488
LC-2021-0278647,0,0,0.3498263591779579
LC-2020-0561789,0,0,0.1527061040103519
LC-2025-0046311,0,0,0.014241038404004126
LC-2025-0640719,0,0,0.5437974607539814
LC-2024-0670733,0,0,0.0019854841406384016
LC-2025-0114492,0,0,0.06662238170413572
LC-2024-0264040,0,0,0.061822804864127674
LC-2022-0688765,0,0,0.09023679736684921
LC-2025-0474669,0,0,0.028915696255599626
LC-2025-0303404,0,0,0.22126766984024038
LC-2023-0015952,0,0,0.15284394898426215
LC-2024-0613623,0,0,0.5425069025175384
LC-2019-0561635,0,0,0.019942725460487937
LC-2022-0159395,0,0,0.01071522973444376
LC-2024-0750938,0,0,0.024584844342022693
LC-2019-0626620,0,0,0.026507753878131687
LC-2023-0590822,0,0,0.19648048099833304
LC-2025-0152099,0,0,0.16751018363059184
LC-2019-0243928,0,0,0.10512241780855364
LC-2023-0553444,0,0,0.0004963634299968018
LC-2025-0741508,0,0,0.10110016262378671
LC-2021-0648663,0,0,0.003925882629364604
LC-2020-0015351,0,0,0.03378792688986442
LC-2022-0207861,0,0,0.09780746411173827
LC-2024-0596089,0,0,0.24068476716206813
LC-2022-0305800,0,0,0.05631374019377879
LC-2022-0005279,0,0,0.004970116552493784
LC-2025-0670034,0,0,0.003778506102567664
LC-2019-0312774,0,0,0.05523370030029632
LC-2025-0900231,0,0,0.023102894898484827
LC-2022-0566910,0,0,0.22415715275248885
LC-2025-0376743,0,0,0.1927494824060069
LC-2024-0771912,0,0,0.020225068067716605
LC-2023-0169692,0,0,0.01444644953880276
LC-2021-0629013,0,0,0.01095556719594379
LC-2019-0596562,0,0,0.0056333702263636895
LC-2025-0923350,0,0,0.00500117987930297
LC-2021-0127931,0,0,0.2006406616447775
LC-2019-0502675,0,0,0.006072421067164693
LC-2022-0573377,0,0,0.029106763936507095
LC-2020-0005966,0,0,0.04009069957735801
LC-2020-0165605,0,0,0.11579125702000971
LC-2025-0203036,0,0,0.030274852627432004
LC-2020-0459775,0,0,0.2966336111790765
LC-2025-0011086,0,0,0.004813641759466197
LC-2022-0533441,0,1,0.08703529425394783
LC-2025-0072984,0,0,0.03317371008499014
LC-2023-0580758,0,0,0.06575272669619812
LC-2019-0247517,0,0,0.10954143715562242
LC-2022-0138280,0,0,0.09532062895442855
LC-2024-0058933,0,0,0.13829025608473555
LC-2022-0182054,0,0,0.05511840511819906
LC-2024-0320558,0,0,0.021878323226661025
LC-2022-0453864,0,0,0.17555633193610892
LC-2024-0000562,0,0,0.42628434839799106
LC-2025-0753500,0,0,0.3264450866382089
LC-2019-0627762,0,0,0.010512894873350333
LC-2025-0217678,0,0,0.2708868712231932
LC-2023-0120886,0,0,0.0812460808664445
LC-2025-0606912,0,0,0.028259238395249065
LC-2023-0363007,0,0,0.011890439842820512
LC-2021-0459224,0,0,0.09213486435985065
LC-2022-0290662,0,0,0.25601950412388824
LC-2025-0860968,0,0,0.013231705910850012
LC-2021-0007636,0,0,0.019329314301677086
LC-2025-0147562,0,0,0.030966704801075783
LC-2023-0692450,0,0,0.15755375125265902
LC-2025-0205128,0,0,0.017712722763446306
LC-2024-0511601,0,0,0.018704585864267504
LC-2024-0677227,0,0,0.040767419174813115
LC-2025-0217124,0,0,0.02354139822369786
LC-2023-0710688,0,0,0.0006384404814127712
LC-2019-0486848,0,0,0.04500721266511312
LC-2022-0337062,0,0,0.5261972686532482
LC-2025-0595060,0,0,7.342177634956852e-05
HC-2024-0201216,1,0,0.6370584770241543
LC-2025-0436208,0,0,0.07028884941673007
LC-2024-0144079,0,0,0.016823885421392154
LC-2023-0321415,0,0,0.0013801676738873648
LC-2020-0004110,0,0,0.23267086422581454
LC-2020-0077341,0,0,0.16447793358533583
LC-2022-0519553,0,0,0.27924147532634735
LC-2019-0639678,0,0,0.022550982845353746
LC-2025-0688420,0,0,0.03210952462552581
LC-2025-0575527,0,0,0.04558070515770948
LC-2023-0557191,0,0,0.009643514299259517
LC-2025-0806573,0,0,0.07701457133013219
LC-2024-0456287,0,0,0.0015185079658600433
LC-2021-0264791,0,0,0.1079937446018055
LC-2024-0430154,0,0,0.11782448940772607
LC-2021-0425955,0,0,0.26627396246036045
LC-2022-0244686,0,0,0.035982823382260616
LC-2021-0537559,0,0,0.0889258816338682
LC-2022-0485848,0,0,0.01791916176193137
LC-2024-0611844,0,0,0.027469183422378626
LC-2020-0377443,0,0,0.033246836353950544
LC-2024-0675572,0,0,0.14798538529547448
LC-2019-0403455,0,0,0.05875002678463053
LC-2024-0605029,0,0,0.07663242803840167
LC-2019-0145972,0,0,0.04747068084977861
LC-2025-0091475,0,0,0.0019091203586094957
LC-2023-0495037,0,0,0.1282429590688737
HC-2021-0229194,1,0,0.7608964018131911
LC-2025-0747762,0,0,0.10568402024117442
LC-2021-33359196,0,0,0.028460164450537007
LC-2021-0480258,0,0,0.014052755799956624
LC-2024-0036762,0,0,0.035677250206257796
LC-2021-0173677,0,0,0.08410816944006344
LC-2022-0223082,0,0,0.11110083989043833
LC-2025-0495789,0,0,0.19711495756519185
LC-2023-0716474,0,0,0.009071757649289499
LC-2019-0003220,0,0,0.07757151202972581
LC-2023-0310104,0,0,0.13247073870029596
LC-2025-0020577,0,0,0.029489447605783838
LC-2024-0109915,0,0,0.10042113838594277
LC-2020-0122942,0,0,0.1360369134511887
LC-2025-0615234,0,0,0.4516262007299161
LC-2024-0425855,0,0,0.027207925435468554
LC-2023-0229852,0,0,0.07638404632148316
LC-2019-0024103,0,0,0.021849481402484314
LC-2021-0386734,0,0,0.0029693988648209994
LC-2025-0197918,0,0,0.02535781547893246
LC-2021-0616223,0,0,0.25008756391116677
LC-2024-0168709,0,0,0.0026948300772539446
LC-2022-0395735,0,0,0.09543949182207026
LC-2025-0532371,0,0,0.044837976529319444
LC-2022-0681862,0,0,0.1695052091948002
LC-2020-0054720,0,0,0.08581857099734964
LC-2019-0732258,0,0,0.007137013520735698
LC-2023-0191800,0,0,0.11343029989044895
LC-2025-0738041,0,0,0.003892060460997172
LC-2024-0275003,0,0,0.4286472197943498
LC-2023-0064785,0,0,0.13282017383161254
LC-2021-0168592,0,0,0.1385526407438981
LC-2024-0456476,0,0,0.10224215861535836
LC-2023-0261922,0,0,0.2953236375108905
LC-2025-0903507,0,1,0.20441378994630738
LC-2022-0279469,0,0,0.04933634693154466
LC-2025-0859620,0,0,0.006911273287867594
LC-2020-0152930,0,0,0.09608462208382608
LC-2022-0432425,0,0,0.05335218043789779
LC-2022-0028747,0,0,0.0
LC-2021-0521215,0,0,0.002042500261790578
LC-2022-0327113,0,0,0.028276222641549893
LC-2024-0783018,0,0,0.08669192883545734
LC-2025-0530383,0,0,0.045294680707745005
LC-2021-0250094,0,0,0.07459005428981638
LC-2024-0265722,0,0,0.13479451293093608
LC-2025-0322081,0,0,0.08443428184972443
LC-2022-0505402,0,0,0.017677971162796055
LC-2021-0116683,0,0,0.5956151690927824
LC-2019-0370639,0,0,0.028314264679064016
LC-2021-0040946,0,0,0.10462863807802159
LC-2019-0508468,0,0,0.05085897357597116
LC-2025-0086802,0,0,0.013132406295850742
LC-2025-0883077,0,0,0.008311786048618068
LC-2023-0550396,0,0,0.09091234306524623
LC-2023-0634997,0,0,0.7656115494738147
LC-2021-0650913,0,0,0.008201646868165411
LC-2023-0599556,0,0,0.02390334646644515
LC-2023-0147516,0,0,0.30362931826893524
LC-2021-0454998,0,0,0.1413647824996188
LC-2019-0603815,0,0,0.07393811267581542
LC-2022-0036029,0,0,0.13820806351805703
LC-2025-0744016,0,0,0.009084815000049729
LC-2024-0023599,0,0,0.026055578985561646
LC-2024-0768883,0,0,0.053711979335406064
LC-2022-0273690,0,0,0.12345924383914637
LC-2023-0643363,0,0,0.29652098940274785
LC-2024-0200895,0,0,0.010209561370683542
LC-2025-0497240,0,0,0.004577413780844924
LC-2022-0079682,0,0,0.22586014303216104
LC-2019-0300261,0,0,0.023721271672347884
LC-2020-0203570,0,0,0.08465450256270664
LC-2022-0681997,0,0,0.20919443070415156
LC-2023-0626064,0,0,0.0082067410444908
LC-2023-0380013,0,0,0.10672433725178297
LC-2025-0898822,0,0,0.2391444807667181
LC-2021-0314213,0,0,0.07639762970733041
LC-2022-0512207,0,0,0.04908794592082412
LC-2024-0102522,0,0,0.0837996991348284
LC-2022-0482716,0,0,0.06108661740783889
LC-2025-0165211,0,0,0.11677188277325136
LC-2019-0568326,0,0,0.024952914532896147
LC-2019-0275589,0,0,0.04430786374485342
LC-2024-0417655,0,0,0.1920231934219565
LC-2025-0248341,0,0,0.16731141894356008
LC-2019-0206939,0,0,0.010272871152000571
LC-2023-0268196,0,0,0.2295289223326965
LC-2024-0153937,0,0,0.004155311266272966
LC-2024-0314090,0,0,0.09967219772040478
LC-2024-0170442,0,0,0.04529982858249614
LC-2025-0134519,0,0,0.10551531523482323
LC-2019-0591569,0,0,0.019489684921307725
LC-2020-0448577,0,0,0.09250605537008381
LC-2019-0799670,0,0,0.006561956978647203
LC-2023-0239080,0,0,0.008330870083692744
LC-2021-0063498,0,0,0.25236014784660593
LC-2021-0413519,0,0,0.014117711985237884
LC-2023-0563790,0,0,0.3367217399986596
LC-2025-0787870,0,0,0.10320662714374366
LC-2020-0541472,0,0,0.11810993212854173
LC-2025-0460645,0,0,0.2009530949301509
LC-2024-0256879,0,0,0.30254251868659277
LC-2023-0683908,0,0,0.006182926938957483
LC-2023-0556522,0,0,0.19762832021375673
LC-2022-0302669,0,0,0.016213200208735238
LC-2025-0457984,0,0,0.15969450232289384
LC-2024-0519278,0,0,0.4204648360722347
LC-2025-0687175,0,0,0.16871519466832263
LC-2024-0315223,0,1,0.5499764528051848
LC-2024-0733955,0,0,0.004822287821857854
LC-2024-0675751,0,0,0.13438448106829
LC-2025-0414475,0,0,0.013954360011553556
LC-2019-0184558,0,0,0.0035136830179518003
LC-2023-0705088,0,0,0.10262496691984549
LC-2025-0274406,0,0,0.09513343070738461
LC-2023-0646148,0,0,0.03945010250296819
LC-2020-0549775,0,0,0.09996597228806282
LC-2022-0155006,0,0,0.021326712382346225
LC-2020-0494271,0,0,0.1670409942215533
LC-2023-0675848,0,0,0.2999384708517729
LC-2023-0114311,0,0,0.22182587414571084
LC-2022-0189550,0,0,0.01834307991303551
LC-2023-0377225,0,0,0.3149137518298197
LC-2024-0624744,0,0,0.2191976691286681
LC-2019-0725206,0,0,0.0004229416536472334
LC-2025-0299067,0,0,0.009084225836821964
LC-2022-0506626,0,0,0.011954086725551837
LC-2024-0145387,0,0,0.0002756423486435253
LC-2019-0432171,0,0,0.03168896940462691
LC-2025-0791595,0,0,0.06503685882190517
LC-2022-0558995,0,0,0.3703841724508948
LC-2023-0715596,0,0,0.06325828983548286
LC-2019-0274392,0,0,0.012468290850165183
LC-2023-0548527,0,0,0.010927327216372452
LC-2019-0064712,0,0,0.0077923801990474415
LC-2025-0506010,0,0,0.019839811487656015
LC-2023-0250877,0,0,0.04322643336876771
LC-2019-0560615,0,0,0.012809828485965997
LC-2022-0612323,0,0,0.11165316336437763
LC-2024-0053641,0,0,0.11293216845511017
LC-2025-0822216,0,0,0.019211010583711396
LC-2025-0636212,0,0,7.342177634956852e-05
LC-2021-0015647,0,0,0.14669461182127078
LC-2023-0249743,0,0,0.007825880623151036
LC-2019-0122656,0,0,0.01836585313622792
LC-2019-0159391,0,0,0.007465201735251219
LC-2019-0633360,0,0,0.017700503929926
LC-2025-0772780,0,0,0.17452542717237055
LC-2021-0612033,0,0,0.3900692858714553
LC-2020-0167689,0,0,0.2134696846128165
LC-2025-0896861,0,0,0.014052279406456774
LC-2024-0386521,0,0,0.5016928305380245
LC-2023-0210984,0,0,0.0002756423486435253
LC-2025-0340042,0,0,0.17466235666641525
LC-2025-0156145,0,0,0.003099352985718732
LC-2021-0502391,0,0,0.042837937114275
LC-2019-0089512,0,0,0.10948270694278256
LC-2021-0303984,0,0,0.12912647355932974
LC-2021-0488013,0,0,0.2929176042745865
LC-2025-0895496,0,0,0.06538808534201705
LC-2022-0407980,0,0,0.0355722521711147
LC-2025-0599478,0,0,0.033445453386797025
LC-2020-0298807,0,0,0.09316307676045295
LC-2020-0148258,0,0,0.031155671770951215
LC-2022-0506121,0,0,0.052630760307290955
LC-2020-0481422,0,0,0.15774550297415155
LC-2019-0185971,0,0,0.03385994046022627
LC-2024-0581695,0,0,0.08207197933480448
LC-2020-0595351,0,0,0.13678750723155628
LC-2024-0077870,0,0,0.1007457461307498
LC-2023-0612152,0,0,0.0011927097324942134
LC-2019-0474753,0,0,0.04008254307520491
LC-2021-0195872,0,0,0.1836043450539675
LC-2024-0247029,0,0,0.005864882855397143
LC-2025-0954845,0,0,0.008036613293021432
LC-2021-0150862,0,0,0.22133191768269922
LC-2023-0364852,0,0,0.002296583234287832
LC-2021-0542459,0,0,0.0778095936110572
LC-2023-0419656,0,0,0.012183400627786924
LC-2021-0458154,0,0,0.0008288155314413557
LC-2019-0340185,0,0,0.06748587895674135
LC-2024-0695636,0,0,0.499112449178832
LC-2023-0025929,0,0,0.06184169444255125
LC-2021-0022273,0,0,0.06086607296236485
LC-2023-0346729,0,0,0.13485857307337082
LC-2022-0594877,0,0,0.03523551012520966
LC-2019-0132914,0,0,0.034965325235037426
LC-2019-0535156,0,0,0.026593103831155377
LC-2020-0049983,0,0,0.2771873549250083
LC-2023-0724686,0,0,0.16826086020693437
LC-2022-0384473,0,0,0.18244901325965424
LC-2025-0198351,0,0,0.11404813234542609
LC-2023-0317933,0,0,7.342177634956852e-05
LC-2024-0509472,0,0,0.024254337720656913
LC-2022-0338713,0,0,0.09544475114182664
LC-2023-0282148,0,0,0.07852305393943494
LC-2022-0359518,0,0,0.002353346398537452
LC-2021-0400112,0,0,0.0006985840022907585
LC-2022-0268373,0,0,0.07084834099602752
LC-2019-0301453,0,0,0.0004229416536472334
LC-2019-0200490,0,0,0.003849836520470414
LC-2022-0574910,0,1,0.04462686134473171
LC-2021-0057911,0,0,0.043912225182194335
LC-2020-0562430,0,0,0.0030297071009636055
LC-2023-0457338,0,0,0.013877534171770366
LC-2019-0737258,0,0,0.01800602917176191
LC-2020-0572662,0,0,0.11098245692283654
LC-2022-0144415,0,0,0.11182916132591555
LC-2024-0200455,0,0,0.001969354786489232
LC-2022-0253453,0,0,0.11479290761062685
HC-2025-0700099,1,0,0.4908359354759858
LC-2025-0391696,0,0,0.038999634147949006
LC-2022-0295021,0,0,0.3194969052990086
LC-2020-0132443,0,0,0.2200813052368475
LC-2024-0131329,0,1,0.0808646062037493
LC-2023-0252138,0,0,0.09038711506850747
LC-2022-0414685,0,0,0.1711946210564105
LC-2019-0054503,0,0,0.0014270708797070426
LC-2022-0130683,0,0,0.0017429658066566106
LC-2021-0552639,0,0,0.07559376652486255
LC-2025-0241936,0,0,0.001089885254868907
LC-2021-0014242,0,0,0.117055724105496
LC-2022-0443836,0,0,0.001969354786489232
LC-2024-0734123,0,0,0.17753702785733985
LC-2021-0400080,0,0,0.0004229416536472334
LC-2022-0580551,0,0,0.06208094563457065
LC-2021-0510763,0,0,0.25028441315899563
LC-2024-0661631,0,0,0.0004229416536472334
LC-2025-0905584,0,0,0.22650576517119858
LC-2022-0075990,0,0,0.05938970592515348
LC-2020-0054601,0,0,0.05540423816040927
LC-2021-0536208,0,0,0.37562213554113894
LC-2020-0108094,0,0,0.16553884443273692
LC-2022-0016536,0,0,0.15216304304139422
LC-2019-0076428,0,0,0.2392859979328156
LC-2025-0750070,0,0,0.31188097918886515
LC-2025-0880688,0,0,0.018203761246561388
LC-2019-0582729,0,0,0.0874357808923171
LC-2023-0707858,0,0,0.1895831017529518
LC-2023-0605673,0,0,0.39362955884589196
LC-2020-0654959,0,0,0.14829239463458282
LC-2023-0114704,0,0,0.3813604585311289
LC-2023-0618549,0,0,0.10463540204141437
LC-2024-0060924,0,0,0.3508485738820801
LC-2024-0282137,0,0,0.05053885465154149
LC-2024-0345174,0,0,0.24299915833150368
LC-2019-0406569,0,0,0.029190321044902018
LC-2023-0424598,0,0,0.10114769356662574
LC-2024-0045756,0,0,0.06399363703947965
LC-2019-0024132,0,0,0.02863451624874709
LC-2023-0433947,0,0,0.010910097439429858
LC-2024-0173245,0,0,0.03373121938507526
LC-2025-0942160,0,0,0.27641775613875813
LC-2021-0652565,0,0,0.0018364630378819597
LC-2023-0645092,0,0,0.1449852768180251
LC-2023-0483762,0,0,0.04493777227293328
LC-2021-0405482,0,0,0.05186362409798841
LC-2022-0414034,0,0,0.3382392344793116
LC-2020-0517106,0,0,0.4052693538764575
LC-2019-0120674,0,0,0.16998858652088508
LC-2023-0292392,0,0,0.06269119120350278
LC-2022-0136463,0,0,0.022960995352246213
LC-2023-0189217,0,0,0.18558995062858596
LC-2025-0943654,0,0,0.062083843201408556
LC-2020-0063977,0,0,0.020601932076198183
LC-2019-0617706,0,1,0.030100620056016575
HC-2022-0207268,1,0,0.09333489693213609
LC-2025-0536087,0,0,0.28189557570006485
LC-2025-0447744,0,0,0.05712210585812426
LC-2022-0076478,0,0,0.16562264734579002
LC-2019-0564307,0,0,0.019229855135190953
LC-2023-0625850,0,0,0.04529391389739435
LC-2019-0586470,0,0,0.0588486110035326
LC-2019-0181476,0,0,0.16354662851512866
LC-2022-0575682,0,0,0.11522478358693755
LC-2019-0162876,0,0,0.007720845897006934
LC-2025-0841541,0,0,0.0818202356363446
LC-2023-0425420,0,0,0.0004229416536472334
LC-2019-0282584,0,0,0.016315891410121977
LC-2021-0519963,0,0,0.0181931587615207
LC-2019-0248184,0,0,0.02874949967919508
LC-2021-0435087,0,0,0.0
LC-2020-0583220,0,0,0.19531447944159783
LC-2022-0583682,0,0,0.09224213771268999
LC-2024-0312990,0,0,0.01721139158415859
LC-2019-0469183,0,0,0.16561290613409413
LC-2022-0342166,0,0,7.342177634956852e-05
LC-2025-0859897,0,0,0.1299308023100107
LC-2021-0347930,0,0,0.10892407494886064
LC-2022-0607359,0,0,0.0004963634299968018
LC-2023-0140032,0,0,0.046730612228723656
LC-2024-0038066,0,0,0.06377439770437233
LC-2025-0703375,0,0,0.08800739813042227
LC-2024-0641629,0,0,0.06267013936282663
LC-2020-0519855,0,0,0.021532560724202347
LC-2022-0328644,0,0,0.12571804202914535
LC-2025-0689030,0,0,0.34178299230075304
LC-2021-0035926,0,0,0.11897754785837067
LC-2020-0104501,0,0,0.005316469369573532
LC-2023-0118623,0,0,0.16984769406395525
LC-2020-0599780,0,0,0.003342232915403533
LC-2022-0693470,0,0,0.2670183909372339
LC-2025-0247512,0,0,0.36834110213674554
LC-2022-0386991,0,0,0.10810439200102907
LC-2023-0103719,0,0,0.461630189710813
LC-2022-0320539,0,0,0.00243964528679253
LC-2020-0222289,0,0,0.1319793638751752
LC-2021-0538226,0,0,0.05052181499253976
LC-2025-0957023,0,0,0.07636254649752514
LC-2019-0567553,0,0,0.012993244212666333
LC-2022-0486388,0,0,0.0063529391624419194
LC-2025-0273015,0,0,0.022266247901944033
LC-2024-0552585,0,0,0.11355555248855653
LC-2022-0324336,0,0,0.013086656718061584
LC-2025-0787991,0,0,0.42240573006546145
LC-2022-0658973,0,0,0.5013947503542385
LC-2023-0701434,0,0,0.018988776445982826
HC-2020-0676996,1,0,0.7564193496648371
LC-2025-0230754,0,0,0.10496368030340213
LC-2025-0547708,0,0,0.20718671056763757
LC-2019-0487327,0,0,0.045832868340422585
LC-2020-0614486,0,0,0.16969495799615672
LC-2023-0590234,0,0,7.342177634956852e-05
LC-2019-0285743,0,0,0.01633636318986428
LC-2022-0551139,0,0,0.2123054801282634
LC-2023-0408405,0,0,0.08971731714439861
LC-2025-0534978,0,0,0.026760257316115105
LC-2024-0683502,0,0,0.30160352746761915
LC-2021-0474612,0,0,0.0008611140476047944
LC-2020-0627923,0,0,0.07681827639121779
LC-2020-0618069,0,0,0.03266091255649727
LC-2025-0322933,0,1,0.08218516401254668
LC-2024-0228606,0,0,0.008814879422139064
LC-2025-0887716,0,0,0.11636201857720119
LC-2022-0078237,0,0,0.0004963634299968018
LC-2019-0565798,0,0,0.18905649079838477
LC-2023-0373801,0,0,0.10826052203720163
LC-2022-0632172,0,0,0.14011080344810292
LC-2021-0601743,0,0,0.1689846561083405
LC-2019-0632950,0,0,0.01616826033578058
LC-2025-0323050,0,0,0.09814545584225273
LC-2020-0609251,0,0,0.01657627749379879
LC-2025-0876903,0,0,0.03503584671706131
LC-2019-0101125,0,0,0.009765874504798471
LC-2025-0432883,0,0,0.09795128022612117
LC-2023-0023380,0,0,0.40168921020648823
LC-2021-0545516,0,0,0.08896348102552296
LC-2019-0009807,0,0,0.003026382026300714
LC-2023-0402767,0,0,0.0930623655155831
LC-2024-0644077,0,0,0.07197022719109304
LC-2025-0402910,0,0,0.0381800584116058
LC-2020-0580343,0,0,0.08042114148626728
LC-2024-0569875,0,0,0.5995934844076897
LC-2021-0012703,0,0,0.04031395374185987
LC-2022-0568391,0,0,0.11834946862110575
LC-2024-0609164,0,0,0.5130257436941124
LC-2021-0064119,0,0,0.42049596568375486
LC-2019-0269061,0,0,0.04342418499859311
LC-2023-0530465,0,0,0.027491564830681353
LC-2019-0753561,0,0,0.36660156381325815
LC-2020-0520314,0,0,0.06399855804940012
LC-2024-0786789,0,0,0.24198225558681805
LC-2025-0816872,0,0,0.09776425149262061
LC-2019-0154887,0,0,0.11357447924137436
LC-2023-0133101,0,0,0.04543770145924662
LC-2019-0022174,0,0,0.017870962936625264
LC-2022-0375833,0,0,0.3574227228909069
LC-2020-0175527,0,0,0.14446709653266654
LC-2024-0485511,0,0,0.19411552852480068
LC-2019-0773976,0,0,0.007551304796873988
LC-2019-0674757,0,0,0.052807241970828464
LC-2019-0494931,0,0,0.07325958926777731
LC-2021-0555122,0,0,0.09431281809795568
LC-2025-0640704,0,0,0.00390972290304261
LC-2020-0601013,0,0,0.09568776302017891
LC-2022-0196526,0,0,0.04086101048567702
LC-2024-0587154,0,0,0.04882203982386693
LC-2024-0093137,0,0,0.013233736607618118
LC-2019-0783428,0,0,0.025972399991170656
LC-2021-0424613,0,0,0.0
LC-2025-0843027,0,0,0.22241146598126688
LC-2024-0495952,0,0,0.2560313206872344
LC-2023-0215970,0,0,0.0022675065880356443
LC-2020-0638199,0,0,0.014260920763239236
LC-2022-0434952,0,0,0.058007126784918886
LC-2025-0747005,0,0,0.012697820238381912
LC-2020-0093929,0,0,0.10936623395785179
LC-2024-0580805,0,0,0.2688917114775195
LC-2019-0415845,0,0,0.03181155815557995
LC-2025-0412175,0,0,0.052866865884723085
LC-2019-0437596,0,0,0.11183421341115912
LC-2023-0331398,0,0,0.017303837673359225
LC-2023-0316737,0,0,0.07613322689174609
LC-2021-0246753,0,0,0.04685584508502488
LC-2025-0581056,0,0,0.005202951428964458
LC-2021-0439479,0,0,0.0002756423486435253
LC-2020-0067167,0,0,0.08829927417000198
LC-2019-0630878,0,0,0.010250865942306004
LC-2024-0756699,0,0,0.002528753555756998
LC-2019-0437579,0,0,0.04563556875041171
LC-2023-0273383,0,0,0.004865133043652688
LC-2022-0292987,0,0,0.3922955837689754
LC-2021-0541285,0,1,0.015448904202749412
LC-2023-0107558,0,0,0.19091117347308434
LC-2021-0390417,0,0,0.15439910800601775
LC-2025-0564189,0,0,0.24770028529680757
LC-2025-0122544,0,0,0.0017201441862035145
LC-2025-0039728,0,0,0.022439795786268157
LC-2024-0191343,0,0,0.004485925656752588
LC-2022-0649971,0,0,0.13553534344634474
LC-2024-0699479,0,0,0.05577019511650045
LC-2023-0382439,0,0,0.041475237983800095
LC-2020-0291653,0,0,0.08987194112773482
LC-2020-0530926,0,0,0.04197723621743847
LC-2020-0113920,0,0,0.12597593926111522
LC-2022-0338607,0,1,0.0006384404814127712
LC-2025-0224634,0,0,0.009823414050380274
LC-2025-0392722,0,0,0.06982718264589073
LC-2025-0224399,0,0,0.13280966458734966
LC-2019-0047216,0,0,0.012680295130497232
LC-2025-0119861,0,0,0.06759061682729685
LC-2020-0470317,0,0,0.1489190771416369
LC-2025-0028732,0,0,0.07504470262478095
LC-2024-0624076,0,0,0.43122925021461067
LC-2024-0179667,0,0,0.01062605955686491
LC-2023-0372512,0,0,0.5688468058889719
LC-2019-0422479,0,0,0.04453407529041204
LC-2019-0186370,0,0,0.04713805029314963
LC-2020-0471322,0,0,0.24271105001764368
LC-2023-0152844,0,0,0.10259821736007319
LC-2023-0210534,0,0,7.342177634956852e-05
LC-2023-0194017,0,0,0.03508968668592875
LC-2025-0451776,0,0,0.045122634005539
LC-2019-0815525,0,0,0.04021511455622823
LC-2020-0417976,0,0,0.16117602452638655
LC-2025-0451511,0,0,0.0453918145145988
LC-2022-0123173,0,0,0.0013801676738873648
LC-2019-0769401,0,0,0.004640149378677322
LC-2022-0614682,0,0,0.1526169937454553
LC-2019-0733746,0,0,0.0231102908830432
LC-2021-0096246,0,0,0.134420390144684
LC-2024-0431655,0,0,0.2749274372473607
LC-2024-0068674,0,0,0.014321880125415147
LC-2020-0141535,0,0,0.4052726405214513
LC-2019-0549333,0,0,0.008260177531064221
LC-2022-0448674,0,0,0.038685014807017436
LC-2019-0448796,0,0,0.003221441549069064
LC-2020-0655482,0,0,0.37883883391360845
LC-2024-0414844,0,0,0.0006985840022907585
LC-2024-0480829,0,0,0.11234700319540712
LC-2020-0458850,0,0,0.20347347241570027
LC-2021-0196305,0,0,0.15305166806788253
LC-2019-0098907,0,0,0.02395654783591976
LC-2020-0512076,0,0,0.23503014814621934
LC-2024-0567124,0,0,0.008334057417911492
LC-2024-0524093,0,0,0.03855604232135897
LC-2024-0471033,0,0,0.017157130380393654
LC-2023-0632770,0,0,0.1236487925664565
LC-2023-0645648,0,0,0.015883036793476562
LC-2021-0593484,0,0,0.0502417730822271
LC-2021-0610801,0,0,0.0011927097324942134
LC-2021-0418066,0,0,0.011621051790624665
LC-2019-0181623,0,0,0.02649002224735113
LC-2023-0684200,0,0,0.09662359884739169
LC-2019-0396885,0,0,0.03893139953411914
LC-2024-0694753,0,0,0.1250506102363924
LC-2019-0528871,0,0,0.03727022712645869
LC-2021-0618147,0,0,0.14225065921331093
LC-2025-0579640,0,0,0.05420309174692035
LC-2021-0122402,0,0,0.002474108995900668
LC-2021-0055032,0,0,0.17915475314942214
LC-2024-0754209,0,0,0.012990144396897779
HC-2023-0582560,1,0,0.4798422796193142
LC-2021-0168131,0,0,0.23673586064460536
LC-2019-0329294,0,0,0.03059585239913468
LC-2023-0087562,0,0,0.07878375560834396
LC-2019-0617103,0,0,0.03898119888988102
LC-2023-0648615,0,0,0.0004963634299968018
LC-2025-0965717,0,0,0.11310817621348691
LC-2020-0601387,0,0,0.36956101070310937
LC-2022-0209997,0,0,0.07943243499861709
LC-2023-0223933,0,0,0.024692041224506786
LC-2021-0639354,0,0,0.005048470293255337
LC-2019-0069955,0,0,0.041245465724317636
LC-2024-0430582,0,0,0.003821030205028229
LC-2022-0038420,0,0,0.000809511602072585
LC-2019-0682354,0,0,0.24339558888241142
LC-2023-0107498,0,0,0.025776493159956032
LC-2022-0210408,0,0,0.08210849335106916
LC-2023-0455633,0,0,0.03849157957330351
LC-2024-0373832,0,0,0.0947209889699526
LC-2020-0252398,0,0,0.05963613984901224
LC-2025-0571231,0,0,0.08916158161120928
LC-2023-0405249,0,0,0.04901982531562699
HC-2022-0270716,1,0,0.4747914314291617
LC-2021-0193170,0,0,0.15519495747575962
LC-2022-0340644,0,0,0.10491790620594223
LC-2020-0591705,0,0,0.10595183650937802
LC-2019-0383886,0,0,0.04517397859893135
LC-2023-0749305,0,0,0.09350046544665946
HC-2020-0247548,1,0,0.8446861155278063
LC-2021-0375573,0,0,0.06427016577440726
LC-2024-0227454,0,0,0.24049075114720975
LC-2025-0845406,0,0,0.13416986372791476
LC-2021-0633287,0,0,0.004317393635025032
LC-2019-0078137,0,1,0.06828079313653684
LC-2022-0147559,0,0,0.06943951335192078
LC-2025-0853225,0,0,0.1527782474546497
LC-2019-0510394,0,0,0.1529773639871879
LC-2020-0129305,0,0,0.07600487962176074
LC-2025-0408445,0,1,0.10040189878837145
LC-2020-0450678,0,0,0.06276459497730684
LC-2024-0689043,0,0,0.052323775420656575
LC-2025-0948908,0,0,0.06772130437256826
LC-2022-0676233,0,0,0.09557929021526963
LC-2025-0876766,0,0,0.007715900542640548
LC-2020-0255738,0,0,0.2759332158724843
LC-2025-0656770,0,0,0.4742304132420664
LC-2024-0383584,0,0,0.17622702625060438
LC-2025-0819860,0,0,0.3580093418725563
LC-2021-0549174,0,0,0.1139871611784798
LC-2024-0093268,0,0,0.1985908911240326
LC-2022-0318815,0,0,0.002296583234287832
LC-2023-0279427,0,0,0.09047152638304837
LC-2021-0629005,0,0,0.009779911825690274
LC-2019-0090551,0,0,0.047854936087381575
LC-2019-0124010,0,0,0.04210722867302933
LC-2024-0432850,0,0,0.0017624889583068826
LC-2020-0656556,0,0,0.005679811295282215
LC-2020-0672988,0,0,0.00761464416139807
LC-2019-0223013,0,0,0.021683752667794896
LC-2020-0039270,0,0,0.11763489708317437
LC-2021-0369240,0,0,0.16633619024586754
LC-2025-0849149,0,0,0.3016335563476985
LC-2021-0319135,0,0,0.061398225734823654
LC-2024-0747498,0,0,0.13461983356814125
LC-2021-0327439,0,0,0.08409016122171975
LC-2023-0676843,0,0,0.2875985838395581
LC-2020-0033327,0,0,0.10897347542481768
LC-2023-0380598,0,0,0.26469149783243756
LC-2025-0007914,0,0,0.14138938091684097
LC-2025-0945306,0,0,0.010330257736938296
LC-2019-0512118,0,0,0.010861021968569995
LC-2019-0051464,0,0,0.00922695655001252
HC-2024-0724334,1,0,0.6522918736454031
LC-2021-0056009,0,0,0.017835318120715996
LC-2021-0109262,0,0,0.5228934379039178
LC-2020-0653244,0,0,7.342177634956852e-05
LC-2020-0318012,0,0,7.342177634956852e-05
LC-2022-0650227,0,0,0.08505968454266495
LC-2021-0392826,0,0,0.027799869360594625
LC-2025-0281883,0,0,0.004880631979418021
LC-2025-0183117,0,0,0.005810526580275413
LC-2025-0357955,0,0,0.10485627568973502
LC-2024-0474656,0,0,0.047113129114327704
LC-2025-0085385,0,0,0.022610492777366945
LC-2021-0518086,0,0,0.0072298041599226995
LC-2023-0037650,0,1,0.06740834691007318
LC-2024-0162552,0,0,0.009601619230511747
LC-2019-0089084,0,0,0.07787029917136425
LC-2023-0595314,0,0,0.060243886373923416
LC-2025-0058953,0,0,0.06432907062048496
LC-2022-0649057,0,0,0.09630287196089776
LC-2022-0032616,0,0,0.09504775995678058
LC-2024-0250303,0,0,0.1596416902826957
LC-2025-0367161,0,0,0.39839682206551025
HC-2023-0249297,1,0,0.1769211158212061
LC-2024-0388145,0,0,0.13714030685697737
LC-2021-0341591,0,0,0.08910152371578776
LC-2024-0140450,0,0,0.09070018388635116
LC-2024-0521028,0,0,0.0038121753591041445
LC-2025-0622582,0,0,0.015496263241585501
LC-2025-0928247,0,0,0.15221174573631013
LC-2025-0107005,0,0,0.18239659014062062
LC-2025-0687535,0,0,0.019824668258589254
LC-2019-0550935,0,0,0.042291833842158864
LC-2023-0369335,0,0,0.025040617058135296
LC-2019-0222227,0,0,0.015105796109447489
LC-2021-0338113,0,0,0.2657124519454638
LC-2022-0539028,0,0,0.07596637018449565
LC-2023-0433619,0,0,0.038235515370850987
LC-2021-0533170,0,0,0.0029986767587470015
LC-2023-0484577,0,0,0.34089732437130865
LC-2025-0732663,0,0,0.014999382379173493
LC-2022-0269191,0,0,0.08081058594080093
LC-2021-0068810,0,0,0.1892419967630381
LC-2024-0010730,0,0,0.010203863610024858
LC-2025-0569106,0,0,0.02580618410277981
LC-2021-0040362,0,0,0.1168738716081149
LC-2022-0019708,0,0,0.0013383096519604782
LC-2024-0253819,0,0,0.012425558287615344
LC-2024-0464228,0,0,0.06481499751012072
LC-2025-0407889,0,0,0.13743251689439462
LC-2019-0281118,0,1,0.061027838248167994
LC-2023-0093882,0,0,0.14720203702579016
LC-2023-0399705,0,0,0.061656714691082665
LC-2020-0634688,0,0,0.04735709706146325
LC-2021-0531555,0,0,0.018866873139143002
LC-2020-0268107,0,0,0.2619752757789172
LC-2019-0230418,0,0,0.001909850006597949
LC-2025-0929450,0,0,0.10795821865872966
LC-2024-0126501,0,0,0.0628141105818325
LC-2023-0638950,0,0,0.04115004802237007
LC-2022-0280553,0,0,0.0006384404814127712
LC-2021-0137561,0,0,0.04542625255234849
LC-2021-0541579,0,0,0.0799335767397035
LC-2024-0718615,0,0,0.10239369921575145
LC-2024-0194470,0,0,0.06431306846578544
LC-2025-0914885,0,0,0.01847649217596725
LC-2024-0530225,0,0,0.06738520349246258
LC-2022-0122918,0,0,0.04664911965273997
LC-2024-0130085,0,0,0.009887287616589266
LC-2025-0819626,0,0,0.08331394916710351
LC-2020-0460001,0,0,0.055931716978381035
LC-2024-0678298,0,0,0.17742275921347864
LC-2022-0046184,0,0,0.06189131567523006
LC-2025-0969962,0,0,0.1593246436058104
LC-2025-0915411,0,0,0.009962124683157629
LC-2023-0038980,0,0,0.14056979579052023
LC-2025-0738468,0,0,0.15703298969907847
LC-2022-0576730,0,0,0.08350081674701113
LC-2024-0686307,0,0,0.15475684818002913
LC-2023-0102728,0,0,0.005283628075552557
LC-2025-0205099,0,0,0.07759149341852799
LC-2025-0681436,0,0,0.0034133235189733767
LC-2025-0536361,0,0,0.0006985840022907585
LC-2022-0283827,0,0,0.12466655376121187
LC-2019-0057792,0,0,0.0068747501590691725
LC-2020-0536466,0,0,0.6744463232169186
LC-2025-0163888,0,0,0.03437855286705937
LC-2019-0631439,0,0,0.0971853791824515
LC-2019-0316514,0,0,0.01986729877260545
HC-2021-0348365,1,0,0.6226048023526989
LC-2023-0718217,0,0,0.18543407541577694
LC-2020-0553803,0,0,0.009652795366800112
LC-2025-0898871,0,0,0.028678698894800944
LC-2024-0781668,0,0,0.010547302041663337
LC-2021-0615941,0,0,0.015708351246872528
LC-2023-0649748,0,0,0.0974739452012609
LC-2021-0308168,0,0,0.1687657075391583
LC-2024-0058056,0,0,0.22123403495985866
LC-2024-0177877,0,0,0.026252945233697055
LC-2021-0551651,0,0,0.11842293670619256
LC-2023-0327179,0,0,0.002296583234287832
LC-2022-0416656,0,0,0.07924780223553861
LC-2020-0214317,0,1,0.07935154060778479
LC-2023-0104296,0,0,0.04992655338000704
LC-2024-0382617,0,0,0.021755163938332146
LC-2024-0524114,0,0,0.005377235913485148
LC-2021-0301942,0,0,0.13426271686474153
LC-2023-0463022,0,0,0.10289856290693887
LC-2020-0094636,0,0,0.16192986076333774
LC-2022-0120106,0,0,0.07188255047186251
LC-2022-0310987,0,0,0.052903611144103885
LC-2020-0489078,0,0,0.028784357825225995
LC-2019-0294853,0,0,0.08546137779785105
LC-2021-0144339,0,0,0.27294394520831855
LC-2025-0321849,0,0,0.36158951696336805
LC-2021-0332492,0,0,0.2485519963858172
LC-2023-0033426,0,0,0.17442524031806145
LC-2025-0537143,0,0,0.005409334996300011
LC-2019-0305061,0,0,0.031460084775454415
LC-2021-0524239,0,0,0.0007876922712552258
LC-2021-0642900,0,0,0.3625788893158544
LC-2023-0476740,0,0,0.035645104734587776
HC-2019-0800543,1,0,0.22437598298305936
LC-2024-0749066,0,0,0.14401112550679113
LC-2023-0467944,0,0,0.11059837242711693
LC-2019-0549794,0,0,0.015774054146926987
LC-2023-0721055,0,0,0.07315487591762135
LC-2024-0112838,0,0,0.18642794549261169
LC-2019-0809423,0,0,0.009122768977862083
LC-2019-0588518,0,0,0.08493830377990266
LC-2022-0529002,0,0,0.008104267797221303
LC-2025-0820682,0,0,0.0002756423486435253
LC-2022-0562934,0,0,0.15311922822260052
LC-2024-0623874,0,0,0.438479602462738
LC-2020-0303862,0,0,0.03625014754118983
LC-2023-0636886,0,0,0.0024811188677987405
LC-2019-0134215,0,0,0.004811185769265639
LC-2020-0505171,0,0,0.07733109563410955
LC-2025-0233877,0,0,0.3679987092858923
LC-2025-0400176,0,0,0.007960078740650075
LC-2023-0188316,0,0,0.0033886345289228788
LC-2024-0266566,0,0,0.013049574799426924
LC-2020-0230352,0,0,0.3958706564462936
LC-2020-0290178,0,0,0.09355564304189688
LC-2023-0269742,0,0,0.10038059555395863
LC-2019-0538425,0,0,0.360416286643922
LC-2024-0498274,0,0,0.02982008358249498
LC-2021-0122886,0,0,0.19150604095724502
LC-2024-0078999,0,0,0.1321933865995964
LC-2024-0179889,0,0,0.09786414803096952
LC-2025-0392417,0,0,0.018291777509990895
LC-2025-0932881,0,0,0.11562949943736418
LC-2024-0148699,0,0,0.18774894841579928
LC-2020-0548581,0,0,0.0004963634299968018
LC-2023-0398083,0,0,0.08433134611811682
LC-2025-0469621,0,0,0.24138854433430057
LC-2022-0056183,0,0,0.210784595828831
LC-2023-0724393,0,0,0.0007118622577623397
LC-2019-0126141,0,0,0.00692229732248069
LC-2025-0577879,0,0,0.18820415068147484
LC-2023-0620019,0,0,0.02292488316282647
LC-2021-0569641,0,0,0.10212548525835645
LC-2019-0373109,0,0,0.014929409293116066
LC-2020-0082382,0,0,0.2926077736157525
LC-2023-0738548,0,0,0.06133831348476121
LC-2023-0683643,0,0,0.09584787898805253
LC-2023-0297815,0,0,0.09328960066053722
LC-2020-0147288,0,0,0.2534481870541584
LC-2023-0705246,0,0,0.028298839310439215
LC-2024-0334196,0,0,0.011922858455067535
LC-2025-0721929,0,0,0.01029920145527637
LC-2024-0691658,0,0,0.3806406113980793
LC-2023-0735258,0,0,0.003486987906901801
LC-2025-0936687,0,0,0.5606833861561867
LC-2019-0576916,0,0,0.1130763285889812
LC-2019-0126596,0,0,0.018701097602624454
LC-2025-0701777,0,0,0.016072000526703868
LC-2024-0036851,0,1,0.011688367464340368
LC-2023-0317816,0,0,0.30637208494462065
LC-2021-0076975,0,0,0.1290412760097744
LC-2021-0535865,0,0,0.005671689525583915
LC-2021-0233457,0,0,7.342177634956852e-05
LC-2025-0687026,0,0,0.015193536278168364
LC-2023-0239777,0,0,0.10392810538699186
LC-2023-0713073,0,0,0.011587137418363942
LC-2025-0581231,0,0,0.01892320770111728
LC-2021-0577599,0,0,0.07171950621729209
LC-2020-0565606,0,0,0.01185917202869037
LC-2019-0442235,0,0,0.02120578068890289
LC-2020-0159663,0,0,0.003866646638244229
LC-2021-0117942,0,0,0.16781679373077285
LC-2025-0081264,0,0,0.3460082258078652
LC-2023-0415952,0,0,0.04045579522687153
LC-2019-0679386,0,0,0.02368056787476993
LC-2023-0584433,0,0,0.0002756423486435253
LC-2024-0076678,0,0,0.10148250299229894
LC-2025-0028014,0,0,0.05443292692736775
LC-2019-0587134,0,0,0.0004229416536472334
LC-2023-0086260,0,0,0.041932614238047325
LC-2025-0605188,0,0,0.07479399992164697
LC-2021-0266727,0,0,0.018598536061291925
LC-2019-0244989,0,0,0.03798727320301284
LC-2021-0166516,0,0,0.14983644741067845
LC-2022-0134589,0,0,0.4508915751856613
LC-2020-0476885,0,0,0.14440655835257124
LC-2019-0173333,0,0,0.16349923587322077
LC-2020-0468957,0,0,0.2075067439513087
LC-2021-0491864,0,0,0.002329587986901408
LC-2020-0044423,0,0,0.017413322896276742
LC-2022-0605928,0,0,0.0355724510781272
LC-2022-0561922,0,0,0.14541193381328973
LC-2019-0184576,0,0,0.015538864649969364
LC-2025-0166736,0,0,0.010621235014361083
LC-2024-0184269,0,0,0.008924133174409852
LC-2021-0384186,0,0,0.3614222979299813
LC-2025-0379743,0,0,0.4971931610806381
LC-2024-0479231,0,0,7.342177634956852e-05
LC-2024-0064043,0,0,0.09314958740536476
LC-2024-0640573,0,0,0.12837524556912894
LC-2021-0051945,0,0,0.07190560231630636
LC-2025-0925942,0,0,0.09108896146090385
LC-2023-0456477,0,0,0.16638974837804305
LC-2024-0700246,0,0,0.23555889024863738
LC-2022-0616588,0,0,0.007698684873238496
LC-2025-0726152,0,0,0.02296985779342134
LC-2023-0293933,0,0,0.09601351076790023
LC-2022-0513387,0,0,0.045406171477280086
LC-2022-0520041,0,0,0.04990073091067021
LC-2019-0448759,0,0,0.02598664101838628
LC-2023-0484503,0,0,0.0011321891251130582
LC-2022-0240150,0,0,0.023399914688334477
LC-2023-0467749,0,0,0.012708199760264523
LC-2023-0141751,0,0,0.04916598407483638
LC-2024-0614590,0,0,0.11898121842983139
LC-2022-0556927,0,0,0.08444353993003531
LC-2020-0632942,0,0,0.10429663789870076
LC-2025-0694903,0,0,0.004714286672018955
LC-2024-0068771,0,0,0.09567189370116731
LC-2021-0266897,0,0,0.20973689426837805
LC-2025-0859286,0,0,0.1239817729632689
LC-2022-0567977,0,0,0.028048369635282143
LC-2023-0700476,0,0,0.011530327732966543
LC-2022-0280243,0,0,0.01069199498766788
LC-2019-0516646,0,0,0.03960296700917715
LC-2021-0145055,0,0,0.16993340385543668
LC-2019-0730948,0,0,0.022422082707010106
LC-2023-0101335,0,0,0.05838558448797178
LC-2025-0948511,0,0,0.6099870390106285
LC-2025-0042307,0,0,0.012333361139710819
LC-2022-0273525,0,0,0.09003192006610078
LC-2021-0413105,0,0,0.0004229416536472334
LC-2023-0266891,0,0,0.021239735488598546
LC-2024-0732459,0,0,0.27530656342120413
LC-2025-0726570,0,0,0.03558690212776576
LC-2023-0627967,0,0,0.009597406232548298
LC-2021-0559565,0,0,0.07105966727891645
LC-2021-0219269,0,0,0.0004963634299968018
LC-2023-0350312,0,0,0.003605672319959865
LC-2023-0312805,0,0,0.018128608250602935
LC-2021-0617090,0,0,0.005135525158724379
LC-2021-0505761,0,0,0.0030127856754782125
LC-2025-0668162,0,0,0.008658530530662019
LC-2023-0065162,0,0,0.021679912026666793
LC-2025-0450971,0,0,0.12051734503241769
LC-2019-0248666,0,0,0.028186576599782683
LC-2020-0255715,0,0,0.4391309519262587
LC-2022-0184299,0,0,0.0002756423486435253
LC-2020-0377558,0,0,0.04037019846330524
LC-2025-0473158,0,0,0.14519201146298438
LC-2024-0063082,0,0,0.13902316736051434
LC-2024-0363641,0,0,0.009315677395271796
LC-2024-0574121,0,0,0.1238021354158922
LC-2019-0811325,0,0,0.007100552834283183
LC-2021-0630501,0,0,0.05052112959276547
LC-2025-0761492,0,0,0.01465641973427161
LC-2023-0176393,0,0,0.15270004360510925
LC-2022-0277308,0,0,0.047664639531039235
LC-2024-0017439,0,0,0.10239729253355818
LC-2022-0433815,0,0,0.05019402043842985
LC-2019-0545803,0,0,0.059834324112709114
LC-2024-0393022,0,0,0.024630121668161822
LC-2022-0481404,0,0,0.030853013427766543
LC-2025-0064537,0,0,0.1894961588483474
LC-2021-0637649,0,0,0.46136157745241513
LC-2022-0327260,0,0,0.042416644599294555
LC-2022-0237353,0,0,0.1649991266047666
LC-2021-0566561,0,0,0.045596640265345136
LC-2022-0683383,0,0,0.07356674403440545
LC-2023-0078112,0,0,0.17606260291663742
LC-2020-0107341,0,0,0.1389828060950126
LC-2021-0425279,0,0,0.11325412696845583
LC-2020-0663015,0,0,0.17393075627799906
LC-2019-0215100,0,0,0.038068195738092225
LC-2019-0028228,0,0,0.05509970699827829
LC-2019-0520344,0,0,0.01614353566608868
LC-2025-0968607,0,0,0.011562435302486233
LC-2020-0033308,0,0,0.15276544112352147
LC-2022-0381840,0,0,0.02681835377164974
LC-2019-0110437,0,0,0.009763727631083838
LC-2019-0470892,0,0,0.28994308598685026
LC-2025-0010897,0,0,0.04008140075101447
LC-2025-0556394,0,0,0.05566486460752226
LC-2022-0277622,0,0,0.013179840406132208
LC-2023-0397932,0,0,0.16164242450107774
LC-2022-0157035,0,0,0.07483192356190849
LC-2019-0576787,0,0,0.04893906507440013
LC-2019-0258819,0,0,0.04259388804160722
LC-2023-0384324,0,0,0.12507349983316865
LC-2021-0451472,0,0,0.06516890160338501
LC-2024-0693443,0,0,0.28927639416484985
LC-2025-0780042,0,0,0.0050748821111840856
LC-2024-0697423,0,0,0.08609453263892783
LC-2024-0247848,0,0,0.015943044918401983
LC-2024-0733841,0,0,0.08825957425484895
LC-2023-0138584,0,0,0.29882569058633773
LC-2024-0266653,0,0,0.3865319967171733
LC-2021-0063512,0,0,0.10336015371868383
LC-2020-0619310,0,0,0.07688429216252288
LC-2023-0654651,0,0,0.051489381302941215
LC-2022-0640921,0,0,0.09679633315125873
LC-2022-0593841,0,0,0.1293471012145867
LC-2019-0382541,0,0,0.029909731543342966
LC-2024-0005022,0,0,0.19270840198085867
LC-2021-0647140,0,0,0.16345154338505183
LC-2022-0555956,0,0,0.25758804346109493
LC-2023-0187607,0,0,0.4224964170177072
LC-2019-0794061,0,0,0.08498650529307089
LC-2023-0549906,0,0,0.045253460038199515
LC-2021-0139369,0,0,0.09493476139039637
LC-2019-0217381,0,0,0.017640877531106096
LC-2023-0302770,0,0,0.04760158049765061
LC-2025-0968241,0,0,0.0427837427924847
LC-2022-0140621,0,0,0.002474108995900668
LC-2022-0429714,0,0,0.06454150535668765
LC-2024-0671765,0,0,0.06606509398514492
LC-2023-0572409,0,0,0.009998318713132209
LC-2020-0576218,0,0,0.05664576229435861
LC-2025-0148622,0,0,0.0
LC-2025-0950972,0,0,0.06010667517829412
LC-2020-0522360,0,0,0.4854748434020214
LC-2024-0443558,0,0,0.163865299622755
LC-2021-0133998,0,0,0.007607925047327051
LC-2019-0326455,0,0,0.04166631874434843
LC-2021-0421314,0,0,0.00872002561574713
LC-2024-0135434,0,0,0.11883969025646896
LC-2019-0443811,0,0,0.03931948645904826
LC-2024-0080226,0,0,0.00020222057229395674
LC-2020-0390689,0,0,0.46956527155734223
LC-2021-0641143,0,0,0.07636583879460476
LC-2024-0182986,0,0,0.004821499938361026
LC-2024-0273407,0,0,0.04311481586456991
LC-2019-0671067,0,0,0.004129978647340889
LC-2023-0014131,0,0,0.3617497913839696
LC-2024-0021954,0,0,0.3856641428004252
LC-2025-0595240,0,0,0.026442506345961004
LC-2021-0210549,0,0,0.0002756423486435253
LC-2019-0448187,0,0,0.050031400521723876
LC-2019-0011092,0,0,0.019036067158428965
LC-2019-0327681,0,0,0.037220871715753855
LC-2020-0536886,0,0,0.0607090230179144
LC-2021-0066545,0,0,0.1040888523936025
LC-2019-0565450,0,0,0.006761633272587976
LC-2024-0682004,0,0,0.006322766042704441
LC-2023-0312986,0,0,0.0540939980321707
LC-2022-0064844,0,0,0.006471766425036198
LC-2021-0319591,0,0,0.16179636752628107
LC-2025-0960329,0,0,0.015800510774115192
LC-2025-0919654,0,0,0.16423456119539687
LC-2024-0575713,0,0,0.04732506230330962
LC-2019-0311693,0,0,0.04197575802388164
LC-2022-0426674,0,0,0.24580542524867355
LC-2023-0382869,0,0,0.23574979731607812
LC-2020-0030650,0,0,0.2794021570876121
LC-2022-0562754,0,0,0.055286161215238064
LC-2020-0649930,0,0,0.00457012475729412
LC-2024-0293552,0,0,0.010393352971241505
LC-2021-0011243,0,0,0.04880793746395534
LC-2025-0625773,0,0,0.0009904891602002567
LC-2025-0167450,0,0,0.31990838113892517
LC-2023-0703345,0,0,0.016608058385469048
LC-2020-0034428,0,0,0.20928092965999087
LC-2021-0173559,0,0,0.0720742669921105
LC-2021-0461969,0,0,0.14797955096202323
LC-2023-0268482,0,0,0.018817150309831426
LC-2024-0700041,0,0,0.0009807297825707593
LC-2020-0494991,0,0,0.10191640799014497
LC-2020-0519469,0,0,0.041529139371146134
LC-2020-0460326,0,0,0.00406128284451434
LC-2022-0535430,0,0,0.02138255709826445
HC-2024-0718237,1,0,0.11809487410006189
LC-2023-0620751,0,0,0.0006985840022907585
LC-2019-0089451,0,0,0.002332791660245182
LC-2025-0334102,0,0,0.10209533330982998
LC-2022-0381738,0,0,0.01349239049123217
LC-2023-0246214,0,0,0.0002756423486435253
LC-2020-0582146,0,0,0.005721111895354576
LC-2025-0491658,0,0,0.06045831368275896
LC-2025-0111626,0,0,0.011676738814116168
LC-2022-0668368,0,1,0.048508026387019586
LC-2023-0481149,0,0,0.036861028939520285
LC-2025-0391828,0,0,0.001081703704790743
LC-2024-0657923,0,0,0.037069314221350166
LC-2022-0409995,0,0,0.050119760406241144
LC-2019-0076203,0,0,0.055115017371292076
LC-2024-0566618,0,0,0.26110650287306136
LC-2021-33105263,0,0,0.007082251899845703
LC-2024-0178027,0,0,0.08531518585059901
LC-2021-0201077,0,0,0.007688002244905412
LC-2020-0008854,0,0,0.01626463632907553
LC-2019-0212907,0,0,0.04735385392720592
LC-2021-0290358,0,0,0.25277918898415913
LC-2020-0515019,0,0,0.07410450598569164
LC-2021-0020163,0,0,0.12369976127570645
LC-2020-0548433,0,0,0.003816519321899916
LC-2021-0072044,0,0,0.1302283205836884
LC-2019-0409051,0,0,0.04033557096166525
LC-2022-0309750,0,0,0.09505959902365717
LC-2021-0091592,0,0,0.010860176268297907
LC-2025-0338703,0,0,0.05056778201175687
LC-2019-0294971,0,0,0.0334087766592794
LC-2025-0280194,0,0,0.07531294114661134
LC-2022-0018287,0,0,0.10902366938719676
LC-2025-0511905,0,0,0.0359384215424146
LC-2025-0894336,0,0,0.04054231603212668
LC-2024-0496206,0,0,0.000809511602072585
LC-2021-0290227,0,0,0.0935567002826363
LC-2024-0223753,0,0,0.14892015032177408
LC-2022-0165003,0,0,0.15995799200725938
LC-2025-0876882,0,0,0.030802519652934953
LC-2024-0671198,0,0,0.0964577556433209
LC-2024-0634956,0,0,0.0004229416536472334
LC-2021-0132739,0,0,0.09882796602271263
LC-2024-0533178,0,0,0.1685981157229694
LC-2019-0777112,0,0,0.04862097907216885
LC-2019-0594300,0,0,0.07038111782254058
LC-2024-0134399,0,0,0.022065178659686584
LC-2024-0525796,0,0,0.4086776097769812
LC-2020-0044790,0,0,0.1335993244099145
LC-2020-0115224,0,0,0.04744454872750686
LC-2019-0414535,0,0,0.03813768847208222
LC-2024-0726682,0,0,0.0
LC-2022-0623161,0,0,0.08632403745771329
LC-2020-0121246,0,0,0.05434714218779575
LC-2023-0534661,0,0,0.04126104573703558
LC-2022-0000277,0,0,0.14371580496033406
LC-2022-0374424,0,0,0.014171007845446375
LC-2022-0518309,0,0,0.1817571287091495
LC-2019-0786193,0,0,0.04886219452510275
LC-2020-0121350,0,0,0.10771665371087667
LC-2019-0601535,0,0,0.057085104972093806
LC-2023-0143886,0,0,0.3669859753424236
LC-2019-0375763,0,0,0.11103444857765733
LC-2023-0394968,0,0,0.009534458284730634
LC-2023-0532475,0,0,0.10167494109011634
LC-2019-0789434,0,0,0.009250162505633621
LC-2021-0386875,0,0,0.1797037828476602
LC-2020-0529889,0,0,0.37668471212790927
LC-2022-0352725,0,0,0.08825700699430727
LC-2025-0312453,0,0,0.003033266843951877
LC-2021-0444452,0,0,0.11214823052769676
LC-2020-0377531,0,0,0.020084311507224534
LC-2024-0190716,0,0,0.004569363045680215
LC-2024-0435493,0,0,0.1383049687717839
LC-2023-0667346,0,0,0.04184188331804558
LC-2019-0492790,0,0,0.02421366906163902
LC-2023-0191093,0,0,0.002095014485444096
LC-2025-0108895,0,0,0.13709372880727394
LC-2023-0254199,0,0,0.22911926346792522
LC-2022-0557429,0,0,0.35827714845843084
LC-2022-0129307,0,0,0.00421517028040244
LC-2020-0622137,0,0,0.1432480474139397
LC-2022-0256880,0,0,0.0716248611119717
LC-2019-0666181,0,0,0.08586412529646975
LC-2019-0318005,0,0,0.2141663795613432
LC-2022-0107264,0,0,0.10387528076199577
LC-2021-0027215,0,0,0.15005230319416937
LC-2019-0649817,0,0,0.19188128602912613
LC-2025-0358516,0,0,0.21751853157707812
LC-2022-0122782,0,0,0.7300168439971614
LC-2020-0079959,0,0,0.1872781302654852
LC-2019-0105094,0,0,0.02758073057820821
LC-2022-0106254,0,0,0.021435462024018297
LC-2022-0129968,0,1,0.014769258650843142
LC-2023-0359782,0,0,0.36213256493215545
LC-2022-0098930,0,0,0.061814926576964926
LC-2019-0161240,0,0,0.043566384617804876
LC-2024-0059388,0,0,0.0181238090068757
LC-2025-0376595,0,1,0.04885273076851015
LC-2022-0477842,0,0,0.17370959883363357
LC-2024-0736474,0,0,0.01501143157839065
LC-2019-0295028,0,0,0.010782349960212401
LC-2025-0222649,0,0,0.1236270560306718
LC-2019-0555144,0,0,0.08185285075555601
LC-2020-0099599,0,0,0.06754203454543879
LC-2022-0457558,0,1,0.005131855616041197
HC-2019-0086324,1,0,0.3605667426952616
LC-2025-0240468,0,0,0.10242850651960915
LC-2021-0170784,0,0,0.1634995721242187
LC-2021-0412706,0,0,0.0008288155314413557
LC-2021-0617754,0,0,0.022205661012951544
LC-2022-0515380,0,0,0.022378278031318546
LC-2020-0315167,0,0,0.15645960440262896
LC-2020-0588186,0,0,0.0004963634299968018
LC-2025-0266760,0,0,0.07995092905320424
LC-2020-0651213,0,0,7.342177634956852e-05
LC-2021-0557624,0,0,0.07022604359021026
LC-2020-0667529,0,0,0.06243466144076879
LC-2023-0235269,0,0,0.18405419158011632
LC-2022-0055154,0,0,0.05418743959777743
LC-2025-0593831,0,0,0.11347499373374673
LC-2023-0399916,0,0,0.24435686152211772
LC-2019-0081033,0,0,0.04518000809302655
LC-2020-0451043,0,0,0.11366142402914653
LC-2023-0503399,0,0,0.01506536792462002
LC-2023-0618406,0,0,0.09751882926800373
LC-2021-0132366,0,0,0.02160419929781775
LC-2024-0087456,0,0,0.29660759486323207
LC-2021-0473835,0,0,0.12109422474372986
LC-2021-0389217,0,0,0.002296583234287832
LC-2025-0023248,0,0,0.018599493354513465
LC-2024-0477264,0,0,0.008703765402511974
LC-2023-0245034,0,0,0.46470516737676404
LC-2023-0644156,0,0,0.09626269595773497
LC-2025-0522872,0,0,0.2528379225881556
LC-2019-0653506,0,0,0.03099541545579898
LC-2021-0391459,0,0,0.009092020409449581
LC-2020-0610910,0,0,0.5491084761793565
LC-2025-0340617,0,0,0.028820866908989926
LC-2021-0066158,0,0,0.07772423942563661
LC-2024-0060808,0,0,0.040295495023177204
LC-2025-0787207,0,0,0.34982666980098837
LC-2021-0174978,0,0,0.15537334050492912
LC-2024-0757750,0,0,0.0004963634299968018
LC-2025-0913300,0,0,0.03144099062085112
LC-2019-0446667,0,0,0.017543403718137195
LC-2024-0537455,0,0,0.009329950906183795
LC-2019-0476371,0,0,0.025627520518533297
LC-2019-0502104,0,0,0.35990336123135824
LC-2020-0591759,0,0,0.5327324892475878
LC-2019-0222316,0,0,0.04202827644238031
LC-2024-0325475,0,0,0.008144776247127974
LC-2023-0386126,0,0,0.1981139449898519
LC-2021-0032850,0,0,0.19334097439299236
LC-2020-0253310,0,0,0.0740756060569942
LC-2020-0497426,0,0,0.10454212580730657
LC-2020-0238309,0,0,0.1033595440244937
LC-2024-0284143,0,0,0.09322439412927563
LC-2020-0537957,0,1,0.01908426607246562
LC-2020-0476189,0,0,0.048705065737688985
LC-2025-0456607,0,0,0.11212702509458802
LC-2021-0553327,0,0,0.053410157618375115
LC-2023-0489896,0,0,0.002296583234287832
LC-2025-0253834,0,0,0.030746719035343855
LC-2025-0873206,0,0,0.04911037323191295
LC-2025-0817076,0,0,0.04645349339338747
LC-2025-0176545,0,0,0.0030418960667891416
LC-2024-0474737,0,0,0.3346493048778345
LC-2024-0342479,0,0,0.003631011577178325
LC-2019-0699022,0,1,0.02830916383763159
LC-2019-0155722,0,0,0.00467701224255581
LC-2020-0451059,0,0,0.5516183135275918
LC-2022-0375515,0,0,0.4239962422786492
LC-2022-0636650,0,0,0.015188624979503594
LC-2021-0342088,0,0,0.0997472935132999
LC-2019-0407411,0,0,0.019897297359793776
LC-2024-0408140,0,0,0.17474260550283785
LC-2024-0778057,0,0,0.12902972415663616
LC-2023-0541086,0,0,0.025736243333700705
LC-2020-0620023,0,0,0.1486489014463818
LC-2019-0240866,0,0,0.03890742193621785
LC-2023-0635842,0,0,0.10107337068975182
LC-2025-0490140,0,0,0.06044214992239036
LC-2022-0233440,0,0,0.12403380474028569
LC-2024-0418472,0,0,0.042732413180019496
LC-2022-0279776,0,0,0.19778766216669383
LC-2025-0380159,0,0,0.10469882257962382
LC-2021-0153310,0,0,0.1185859272550262
LC-2025-0045845,0,0,0.47585189278117446
LC-2021-0289905,0,0,0.09362114942873503
LC-2022-0071962,0,0,0.0006985840022907585
LC-2019-0311988,0,0,0.0
LC-2023-0723091,0,0,0.06040105289604297
LC-2019-0404556,0,0,0.05654420836361231
LC-2024-0525047,0,0,0.02091808281772143
LC-2025-0667321,0,0,0.002441910122304809
LC-2025-0317634,0,0,0.044050539246272315
LC-2022-0155482,0,0,0.04788240901360813
LC-2020-0678457,0,0,0.004641758191760024
LC-2021-0258802,0,0,0.02458891227904648
LC-2023-0463339,0,0,0.04017360497869379
LC-2024-0674600,0,0,0.1598510248540947
LC-2019-0385523,0,0,0.10780241758033134
LC-2022-0095680,0,0,0.1778949021449946
LC-2025-0851005,0,0,0.1502071881079984
LC-2022-0650607,0,0,0.026759853525116492
LC-2025-0032031,0,0,0.008486532491854095
LC-2019-0804528,0,0,0.0004015113218132165
LC-2024-0675895,0,0,0.011455481163365233
LC-2024-0651186,0,0,0.0
LC-2020-0464567,0,0,0.09940268856091862
LC-2021-0115105,0,0,0.12145536811270359
LC-2023-0595546,0,0,0.13441637808671603
LC-2025-0621011,0,0,0.03880636626219887
LC-2025-0050732,0,0,0.258567432556568
LC-2023-0635490,0,0,0.09915011354277699
LC-2025-0947328,0,0,0.0002756423486435253
LC-2019-0648429,0,0,0.12106890630044814
LC-2019-0017182,0,0,0.12200685316984333
LC-2024-0701815,0,0,0.054832089759175355
LC-2022-0299165,0,0,0.01595010347437374
LC-2021-0166953,0,0,0.09104032982082315
LC-2023-0612329,0,0,7.342177634956852e-05
LC-2022-0552039,0,0,0.134294306831735
LC-2020-0589244,0,0,0.10466399369430769
LC-2023-0480916,0,0,0.03922770547220225
LC-2022-0225954,0,0,0.07380410583158396
LC-2019-0408137,0,0,0.010747620912690624
LC-2025-0571100,0,0,0.09404940152767956
LC-2022-0469475,0,0,0.11253096883267823
LC-2025-0533333,0,0,0.548299837036712
LC-2024-0565331,0,0,0.0004963634299968018
LC-2022-0456274,0,0,0.002759919378974438
LC-2025-0699487,0,0,0.24803282577440108
LC-2021-0239025,0,0,0.0
LC-2022-0255366,0,0,0.07561663472404244
LC-2022-0242234,0,0,0.03620414248304191
HC-2021-0591762,1,0,0.3434444269826131
LC-2022-0043888,0,0,0.019287718977053517
LC-2022-0351373,0,0,0.3542723523237983
LC-2024-0622557,0,0,0.20046573394433712
LC-2023-0587697,0,0,0.0002756423486435253
LC-2019-0022439,0,0,0.05974072131556065
LC-2023-0705994,0,0,0.02265628253439145
LC-2020-0488775,0,0,0.03802009859165783
LC-2022-0459095,0,0,0.2753037662966962
LC-2022-0545802,0,0,0.17436333854643343
LC-2022-0663107,0,0,0.03214520331523018
LC-2020-0486094,0,0,0.28758700383573443
LC-2022-0535397,0,0,0.12896268301969127
LC-2024-0041568,0,0,0.010394777343374578
LC-2020-0624395,0,0,0.1545539407533063
LC-2024-0073496,0,0,0.0375432702018569
LC-2019-0282283,0,0,0.046880159899836064
LC-2023-0375894,0,1,0.3765096709037196
LC-2024-0722408,0,0,0.5280505720933618
LC-2023-0626496,0,0,0.08374074227391896
LC-2023-0230961,0,0,0.001969354786489232
LC-2022-0306675,0,0,0.07513182508373854
LC-2019-0285734,0,0,0.13190789193767383
LC-2022-0448848,0,0,0.3012652095930002
LC-2024-0451198,0,0,0.012826771179984375
LC-2022-0454417,0,1,0.0658650179815671
LC-2025-0025630,0,0,0.006144798862346842
LC-2019-0702694,0,0,0.01622770789552436
LC-2019-0679695,0,0,0.015382037242358093
LC-2024-0718042,0,0,0.19167097071228756
LC-2020-0623161,0,0,0.05672608519863497
LC-2019-0662729,0,0,0.02230180637786167
LC-2024-0659121,0,0,0.018580073114291967
LC-2022-0580969,0,0,0.0885569487576135
LC-2023-0431668,0,0,0.020712507650277445
LC-2023-0715941,0,0,0.2679390144214425
LC-2020-0084601,0,0,0.004920158433752566
LC-2024-0267812,0,0,0.16339951177767711
LC-2024-0739888,0,0,0.04629427814583128
LC-2025-0432765,0,0,0.1954306531553809
LC-2022-0189263,0,0,0.09796856525513459
LC-2025-0845605,0,0,0.18688092155589764
LC-2025-0414781,0,0,0.3893064397949153
LC-2021-0125254,0,0,0.017693388771287708
LC-2022-0334607,0,0,0.12039099000061863
LC-2019-0216628,0,0,0.03336300145511608
LC-2023-0002898,0,0,0.17851267417775513
LC-2024-0124643,0,0,0.1637622785646336
LC-2019-0499350,0,0,0.041683144308222515
LC-2020-0511386,0,0,0.11738885231608152
LC-2022-0517447,0,0,0.14795849834121608
LC-2023-0615273,0,0,0.4867832521969413
LC-2025-0203852,0,0,0.08549438687713387
LC-2021-0288528,0,0,0.0008288155314413557
LC-2022-0314677,0,0,0.015556180480880071
LC-2023-0449837,0,0,0.01634842801462464
LC-2020-0626403,0,0,0.0703015455997925
LC-2023-0579086,0,0,0.0056604376404318524
LC-2022-0302281,0,0,0.2204381798880738
LC-2025-0114237,0,0,0.17421481413470716
LC-2023-0596156,0,0,0.1450540079863844
LC-2023-0369267,0,0,0.06169961247307131
LC-2025-0155961,0,0,0.18903607452626184
LC-2021-0585936,0,0,0.10317142948203918
LC-2021-0076719,0,0,0.042496826328204805
LC-2025-0961479,0,0,0.08042817781662383
LC-2024-0277018,0,0,0.07674270121560055
LC-2022-0238239,0,0,0.049915819370114536
LC-2023-0120171,0,0,0.011800267344833044
LC-2024-0480267,0,0,0.32885294557372746
LC-2024-0168935,0,0,0.32426876916808317
LC-2022-0031221,0,0,0.1341306881520988
LC-2023-0133369,0,0,0.2752468092065063
LC-2025-0417228,0,0,0.11877173463134168
LC-2025-0607507,0,0,0.03377300437942021
LC-2019-0134594,0,0,0.0035581383195922296
LC-2023-0309166,0,0,0.014609378469369985
LC-2021-0492925,0,0,0.009023326477185305
LC-2023-0063529,0,0,0.04156549887185295
LC-2025-0709078,0,0,0.039940788037666534
LC-2021-0187972,0,0,0.007673952578832726
LC-2019-0706815,0,0,0.004440690766279867
LC-2025-0441364,0,0,0.01780108948513782
LC-2025-0779722,0,0,0.251910377484619
LC-2022-0259285,0,0,0.010394653855177252
LC-2019-0487142,0,0,0.06256757009147404
LC-2025-0867339,0,0,0.005625511198154381
LC-2022-0261896,0,0,0.049672043602194134
LC-2025-0167160,0,0,0.39832006480785864
LC-2024-0445897,0,0,0.42934381784935766
LC-2021-0034839,0,0,0.13007820577919596
LC-2019-0253000,0,0,0.10992113350149568
LC-2025-0812840,0,0,0.16889793458325728
LC-2022-0183520,0,0,0.053807723073019086
LC-2022-0136274,0,0,0.03129859001984831
LC-2021-0575135,0,0,0.010922938721100285
HC-2019-0557630,1,0,0.5655833951888922
LC-2019-0437534,0,0,0.007244750972284766
LC-2024-0310508,0,0,0.005898379754459444
LC-2022-0300702,0,0,0.08092889449870493
LC-2024-0207475,0,0,0.008705632083271022
LC-2019-0419331,0,0,0.03933429991433174
LC-2019-0527497,0,0,0.011049345324984037
LC-2020-0431406,0,0,0.0002756423486435253
LC-2019-0471121,0,0,0.10450055336968714
LC-2024-0054210,0,0,0.00716007268186823
LC-2022-0243079,0,0,0.06007779570431981
LC-2025-0784682,0,0,0.1716840729076603
LC-2019-0407764,0,0,0.02424081215690394
LC-2022-0484293,0,0,0.01704713924391998
LC-2019-0141757,0,0,0.014215273326028972
LC-2022-0667888,0,0,0.1338880452955349
LC-2024-0478478,0,0,0.0064552803119380785
LC-2024-0729165,0,0,0.01224320959234721
LC-2025-0472699,0,0,0.0471748525486336
LC-2025-0569417,0,0,0.03473221144688649
LC-2024-0340061,0,0,0.0053524042516078915
LC-2023-0010443,0,0,0.08636493197435162
LC-2025-0032769,0,0,0.12352660946233601
LC-2024-0665479,0,0,0.008061212579467571
LC-2025-0649023,0,0,0.007708048010173951
LC-2019-0578006,0,0,0.04432333516164134
LC-2024-0268255,0,0,0.13648443227713491
LC-2019-0654778,0,0,0.014003808669015867
LC-2022-0333479,0,0,0.07391493630848422
LC-2025-0918887,0,0,0.009681916337324951
LC-2025-0854096,0,0,0.10768649494532284
LC-2025-0304027,0,0,0.07412933751648386
LC-2019-0411824,0,0,0.013694899120716033
LC-2023-0055918,0,0,0.12664763697201056
LC-2019-0451369,0,0,0.019733273335856696
LC-2025-0937915,0,0,0.016456502499474016
LC-2021-0384841,0,0,0.005108049575529908
LC-2025-0933990,0,0,0.11558994034320723
LC-2024-0342704,0,0,0.013848198056736052
LC-2024-0331706,0,0,0.015588266613938724
LC-2024-0358534,0,0,0.22820189720522913
LC-2019-0316255,0,0,0.019027194549883622
LC-2020-0574171,0,0,0.1449705946237746
LC-2019-0000063,0,0,0.005744674703921161
LC-2024-0443648,0,0,0.026207293184839546
LC-2021-0604490,0,0,0.10092765695897347
LC-2024-0339279,0,0,0.007920973249281227
LC-2020-0595416,0,0,0.09193748946316296
LC-2024-0319682,0,0,0.003436925233800306
LC-2022-0071988,0,0,0.28570291777185625
LC-2023-0536759,0,0,0.6309716461590946
LC-2019-0443633,0,0,0.03768453029275506
LC-2024-0056761,0,0,0.009807894246662771
LC-2023-0230164,0,0,0.000809511602072585
LC-2024-0432584,0,0,0.020580052135643054
LC-2022-0167535,0,0,0.6857222718212687
LC-2025-0946335,0,0,0.04778174437780309
LC-2020-0054370,0,0,0.07073255123411239
LC-2021-0211393,0,0,0.002353346398537452
LC-2025-0761247,0,0,0.003681232924902251
LC-2020-0549752,0,0,0.020337582754569664
LC-2021-0043839,0,0,0.19745256641882292
LC-2023-0431055,0,0,0.055143675788747126
LC-2023-0730749,0,0,0.0777626726521076
LC-2023-0575893,0,0,0.006203732464063645
LC-2025-0162918,0,0,0.11140736288735528
LC-2023-0294113,0,0,0.06881649723883265
LC-2024-0185472,0,0,0.0002756423486435253
LC-2019-0112151,0,0,0.009455492670941132
LC-2023-0242538,0,0,0.0906654525759016
LC-2020-0083974,0,1,0.07429291770932302
LC-2025-0633313,0,0,0.14504267984226554
LC-2022-0366506,0,0,0.3282278729846639
LC-2023-0473354,0,0,0.011167980577333918
LC-2024-0765410,0,0,0.016731267352900273
LC-2022-0544157,0,0,0.5429091726410494
LC-2025-0560101,0,0,0.27056948639462397
LC-2019-0183844,0,0,0.041616649005853226
LC-2020-0092915,0,0,0.09840503249048947
LC-2022-0446859,0,0,0.3059517409335026
LC-2022-0016694,0,0,0.02760877308617691
LC-2021-0321437,0,0,0.11289436974717384
LC-2023-0669239,0,0,0.43021243434086043
LC-2025-0458829,0,0,0.008048668796158277
LC-2024-0230932,0,0,0.14705520419735021
LC-2019-0776730,0,0,0.19304522219033404
LC-2024-0187063,0,0,0.00917448299248661
LC-2023-0233444,0,0,0.08820102307470723
LC-2025-0167351,0,0,0.08577734831948768
HC-2021-0097462,1,0,0.5203523282905866
LC-2019-0558115,0,0,0.02671820491677982
LC-2023-0462980,0,0,0.1706023989841287
LC-2024-0058937,0,0,0.28550873572926244
LC-2019-0047289,0,0,0.025436144141983415
LC-2025-0195274,0,0,0.005153790863952957
LC-2024-0745091,0,0,0.2186465328572674
LC-2022-0655538,0,0,0.11952679145794491
LC-2023-0528690,0,0,0.03170388252332172
LC-2023-0521417,0,1,0.19881412563394274
LC-2025-0962673,0,1,0.0002756423486435253
LC-2025-0630606,0,0,0.11065883194033162
LC-2025-0603452,0,0,0.04636393046059653
LC-2024-0607726,0,0,0.10575583255156656
LC-2019-0317187,0,0,0.016109820401520706
LC-2024-0163484,0,0,0.19237801762891318
LC-2025-0847675,0,0,0.20835731640944552
LC-2021-0399069,0,0,0.16347831328047893
LC-2024-0520821,0,0,0.04049081281060616
LC-2025-0368468,0,0,0.3043005194122827
LC-2025-0307060,0,0,0.04591043079950599
LC-2025-0130809,0,0,0.01298014687683287
LC-2020-0636529,0,0,0.11135227778313701
LC-2021-0148733,0,1,0.18847219496558054
LC-2022-0544767,0,0,0.051147410641420296
LC-2023-0078959,0,0,0.008333914199442122
LC-2023-0480210,0,0,0.08131481470580511
LC-2019-0685336,0,0,0.03392208301790797
LC-2024-0367429,0,0,0.0002756423486435253
HC-2022-0033771,1,0,0.11877076909747047
LC-2021-0424787,0,0,0.011139834468378528
LC-2020-0104399,0,0,0.017713226085598287
LC-2020-0074786,0,0,0.07131317629199058
LC-2020-0194543,0,0,0.09713358201871855
LC-2023-0319965,0,0,0.024891759212043375
LC-2025-0936616,0,0,0.003785495452059467
LC-2021-0649774,0,0,0.05922017310283543
LC-2024-0310198,0,0,0.005127709007581308
LC-2025-0641160,0,0,0.00679742381655451
LC-2025-0886779,0,1,0.013250217805587225
LC-2022-0500438,0,0,0.0004963634299968018
LC-2024-0094873,0,0,0.22064965123306568
LC-2020-0225232,0,0,0.15168217439398282
LC-2025-0021319,0,0,0.11323836229923417
LC-2025-0904820,0,0,0.013483580222166874
LC-2025-0909549,0,0,0.1772540866969897
LC-2022-0402726,0,0,0.04865860134557038
LC-2023-0564492,0,0,0.021772812918641304
LC-2022-0179980,0,0,0.12983901436169099
LC-2021-0137448,0,0,0.0034011085595316713
LC-2023-0188689,0,0,0.00218485361425477
LC-2021-0563969,0,0,0.08051737880414286
LC-2023-0522964,0,0,0.09276186532926048
LC-2021-0460346,0,1,0.0008288155314413557
LC-2022-0596108,0,0,0.032234056355763104
LC-2024-0273432,0,0,0.0013801676738873648
LC-2022-0355298,0,0,0.00020222057229395674
LC-2025-0284940,0,0,0.06799738758856667
LC-2025-0305651,0,0,0.04058839338265258
LC-2023-0057954,0,0,0.12151951538940349
LC-2023-0449244,0,0,0.09454411766814161
LC-2025-0609103,0,0,0.0007118622577623397
LC-2023-0167749,0,0,0.17085429257900667
HC-2023-0626394,1,0,0.43839955586667917
LC-2022-0217061,0,0,0.17880959323392617
LC-2021-0604876,0,0,0.08728995012608674
LC-2023-0244927,0,0,0.049049337633574795
LC-2019-0437279,0,0,0.02477804403881209
LC-2022-0300785,0,1,0.028650999756761383
LC-2025-0387596,0,0,0.26439890057041215
LC-2020-0667189,0,0,0.014282392070378435
LC-2025-0669530,0,0,0.11864060487757067
HC-2024-0222751,1,0,0.5164133756329765
LC-2024-0642462,0,0,0.16437303911678378
LC-2020-0609496,0,0,0.014410298559900362
LC-2024-0016833,0,0,0.012132830140659271
LC-2022-0569729,0,0,0.2150343043563499
LC-2019-0010983,0,0,0.022577501357765657
LC-2023-0075091,0,0,0.02530082543225736
LC-2025-0858239,0,1,0.18993412709554824
LC-2023-0723357,0,0,0.09123771982725923
LC-2024-0417920,0,0,0.021470836043438326
LC-2020-0130256,0,0,0.12029395898086069
LC-2023-0072908,0,0,0.08269564728951158
LC-2022-0419053,0,0,0.1497940065349479
LC-2020-0070172,0,0,0.42336946606945297
LC-2020-0551775,0,0,0.0007876922712552258
LC-2024-0511619,0,0,0.3630986086934853
LC-2025-0604933,0,0,0.07926499105511024
LC-2023-0235841,0,0,0.0002756423486435253
LC-2023-0373727,0,0,0.06043638627780832
LC-2025-0693112,0,0,0.0055240702661306885
LC-2024-0301107,0,0,0.00535796595418216
LC-2020-0493910,0,0,0.07743052795397067
LC-2020-0277937,0,0,0.05955647274430469
LC-2019-0006659,0,0,0.00795739599758903
LC-2025-0777768,0,0,0.09370639061787375
LC-2020-0160529,0,0,0.0032318888905780692
LC-2019-0557549,0,0,0.16757036305850329
LC-2023-0471388,0,0,0.1268975606533556
LC-2021-0046101,0,0,0.05488157394871092
LC-2025-0180759,0,0,0.03752850692078912
LC-2025-0726462,0,0,7.342177634956852e-05
LC-2022-0593836,0,0,0.27314388397641953
LC-2025-0300301,0,0,0.06812618958623384
LC-2023-0451950,0,0,0.015390260202201862
LC-2020-0557230,0,0,0.0030662402459399295
LC-2023-0681926,0,0,0.09545797743011775
LC-2020-0597686,0,0,0.06756425464577515
LC-2021-0163597,0,0,0.050294364418024165
LC-2024-0298878,0,0,0.027593520873443193
LC-2025-0641252,0,0,0.0064097249525072175
LC-2023-0456571,0,0,0.007988902081349017
LC-2019-0652463,0,0,0.019308513362398482
LC-2025-0621538,0,0,0.134043874589834
LC-2020-0499369,0,0,0.11028672505577793
LC-2025-0954562,0,0,0.09940578609219314
LC-2019-0433891,0,0,0.03646459412183141
LC-2021-0307984,0,0,0.10862440149481181
LC-2025-0147092,0,0,0.5786684872869869
LC-2022-0152078,0,0,0.06388804925730707
LC-2024-0157494,0,0,0.009142629393882423
LC-2025-0628200,0,0,0.0007118622577623397
LC-2025-0200661,0,0,0.008244814637777058
LC-2021-0162365,0,0,0.11060820543422062
LC-2019-0141540,0,0,0.056260781489262654
LC-2023-0028467,0,0,0.015079169875233476
LC-2020-0138478,0,0,0.0933770597858043
LC-2020-0385712,0,0,0.12140772688017468
LC-2022-0353658,0,0,0.11789483970967066
LC-2020-0202646,0,0,0.1043552760329286
LC-2025-0806795,0,0,0.03748208367252268
LC-2024-0483495,0,0,0.39836032956938056
LC-2024-0392596,0,0,0.41381136860716283
LC-2025-0145198,0,0,0.09888278604490845
LC-2021-0383673,0,0,0.1383974104818347
LC-2025-0779254,0,0,0.34702286811420324
LC-2022-0671780,0,0,0.20683831119754756
LC-2022-0429914,0,0,0.22589552963456863
LC-2021-0553869,0,0,0.18803256292775936
LC-2023-0343893,0,0,0.019446855769059714
LC-2019-0397642,0,0,0.0004229416536472334
LC-2024-0104470,0,0,0.22341141148725224
LC-2024-0408915,0,0,0.22031321147257088
LC-2024-0308551,0,0,0.01722726083769834
LC-2025-0873585,0,0,0.05769162588818508
LC-2024-0713300,0,0,0.45591682331755934
LC-2020-0535432,0,0,0.036546765955147636
LC-2025-0054034,0,0,0.09408918883444102
LC-2024-0339820,0,0,0.06609612589946083
LC-2022-0490395,0,0,0.041885995642514384
LC-2022-0350689,0,0,0.0075754990849822975
LC-2019-0449306,0,0,0.1632566508825821
LC-2022-0200814,0,0,0.5064070347463258
LC-2024-0774346,0,0,0.0006985840022907585
LC-2023-0696163,0,0,0.1180785663326234
LC-2020-0207190,0,1,0.0863401181616382
LC-2019-0405412,0,0,0.034814888127999384
LC-2022-0056394,0,0,0.0036155782460794224
LC-2024-0606846,0,0,0.09781127549469776
LC-2019-0578556,0,0,0.004894854337641684
LC-2019-0518862,0,0,0.019913905177284138
LC-2025-0810067,0,0,0.0006985840022907585
LC-2020-0638271,0,0,0.005317854120755678
LC-2025-0652787,0,0,0.13003856171043116
LC-2019-0121049,0,0,0.007751766635976853
LC-2025-0823328,0,0,0.10710807188199176
LC-2023-0593484,0,0,0.021513925890630958
LC-2022-0420827,0,0,0.12803841700384677
LC-2023-0337453,0,0,0.10931836231713633
LC-2022-0180008,0,0,0.06398450183186609
LC-2019-0234691,0,0,0.09441632581639363
LC-2023-0439745,0,0,0.0
LC-2020-0041475,0,0,0.06733043890637157
LC-2023-0733595,0,0,0.0058333244204725855
LC-2024-0673374,0,0,0.008308665570626688
LC-2022-0299914,0,0,0.0018810473661358563
LC-2024-0323214,0,0,0.03550131168803674
LC-2025-0876456,0,0,0.04941891703303919
LC-2023-0379721,0,0,0.12494668365139973
LC-2025-0774696,0,0,0.08710515787426137
LC-2023-0242078,0,0,0.059004740932508765
LC-2023-0650372,0,0,0.1791933303264799
LC-2020-0072988,0,0,0.237977722965076
LC-2020-0599234,0,0,0.14888164566923548
LC-2019-0827039,0,0,0.026191919472307607
LC-2023-0254984,0,0,0.11907284816243438
LC-2022-0164012,0,0,0.0007118622577623397
LC-2023-0239592,0,0,0.012365389214479177
LC-2025-0868337,0,0,0.01691176845374592
LC-2019-0279425,0,0,0.04641241148607428
LC-2023-0080531,0,0,0.025867470592525765
LC-2023-0194811,0,0,0.1007226927178473
LC-2021-0649042,0,0,0.0036227425080305577
LC-2023-0285290,0,0,0.0009140828300562965
LC-2021-0643497,0,0,0.1260090023842213
LC-2019-0347232,0,0,0.02052505804884289
LC-2021-0178829,0,0,0.03590308886165591
LC-2019-0403506,0,0,0.03236727884885736
LC-2021-0615891,0,0,0.20202028934182187
LC-2024-0614579,0,0,0.0034045506365411155
LC-2020-0490232,0,0,0.3132908912498141
LC-2023-0724879,0,0,0.018504685758870733
LC-2024-0043264,0,0,0.4109820837673998
LC-2025-0502184,0,0,0.03335882548283021
LC-2019-0054336,0,0,0.026856005858897497
LC-2025-0158028,0,0,0.049990466336404304
LC-2021-0496748,0,0,0.13910914677697786
LC-2022-0414566,0,0,0.0006985840022907585
LC-2025-0047131,0,0,0.3048989692482478
LC-2025-0032987,0,0,0.027336808653250687
LC-2022-0488545,0,0,0.07165348736566869
LC-2025-0122386,0,0,0.03459387469982463
LC-2021-0512080,0,0,0.0006251622259411901
LC-2023-0383723,0,0,0.05221574360505196
LC-2021-0002720,0,0,0.10595157738418763
LC-2025-0327950,0,0,0.37696264149212966
LC-2025-0822724,0,0,0.02979147524027905
LC-2025-0385448,0,0,0.01269309256176524
LC-2022-0675202,0,0,0.09148721696089777
LC-2023-0527260,0,0,0.005930861373876659
LC-2022-0562337,0,0,0.06426281208186294
LC-2020-0590280,0,0,0.06726077095296037
LC-2025-0905185,0,0,0.0779938833737615
LC-2024-0325116,0,0,0.005879748872079691
LC-2021-0548400,0,0,0.08297085344691613
LC-2024-0680676,0,0,0.15488249616139158
LC-2023-0492806,0,0,0.048137550109762374
LC-2019-0756676,0,0,0.0443520795770058
LC-2025-0709820,0,0,0.21990097585831386
LC-2024-0765184,0,0,0.2454711383844003
LC-2024-0118221,0,0,0.009013390685785947
LC-2024-0559140,0,0,0.08341166826924919
LC-2022-0162574,0,0,0.18028423684222158
LC-2022-0029898,0,0,0.015187070906146728
LC-2022-0483340,0,0,0.3751313489481698
LC-2025-0925604,0,1,0.008812557213396832
LC-2024-0060674,0,0,0.16074246952396962
LC-2021-0313605,0,0,0.15540982815919324
LC-2019-0305017,0,0,0.012329387905416394
LC-2024-0334670,0,0,0.0
LC-2025-0852418,0,0,0.009328376600122267
LC-2021-0548741,0,0,0.09142922962313048
LC-2024-0138824,0,0,0.15551803174835097
LC-2025-0818753,0,0,0.07427663618884459
LC-2019-0362956,0,0,0.0034877634080381264
LC-2024-0414913,0,0,0.09130184602054853
HC-2023-0554494,1,0,0.599498696467249
LC-2024-0449513,0,0,0.1383871586007461
LC-2022-0526046,0,0,0.09062045854237058
LC-2025-0812740,0,0,0.05937057513999588
LC-2025-0587403,0,0,0.2680826700180206
LC-2023-0658500,0,0,0.037499392223184304
LC-2022-0534690,0,0,0.1228715750260983
LC-2019-0548427,0,0,0.08879524109654258
LC-2022-0198406,0,0,0.1302924073650258
HC-2020-0155967,1,0,0.41154507286158265
LC-2019-0282378,0,0,0.021285585766914042
LC-2020-0081605,0,0,0.008409582570742384
LC-2019-0632991,0,0,0.035305994914273366
LC-2024-0428441,0,0,0.04794698469462242
LC-2025-0857880,0,0,0.0006985840022907585
LC-2020-0018088,0,0,0.35485903844579475
LC-2021-0303978,0,0,0.19323886455784506
LC-2023-0012453,0,0,0.040576197005550936
LC-2024-0677054,0,0,0.21893147993732254
LC-2019-0556310,0,0,0.039594222990742674
LC-2025-0755219,0,0,0.004404491734183587
LC-2024-0105844,0,0,0.12076197900824273
LC-2021-0445784,0,0,0.1129853095240476
LC-2025-0660342,0,0,0.03067838889003273
LC-2024-0677196,0,0,0.4354171555162369
LC-2022-0411654,0,0,0.013305306239747234
LC-2024-0130407,0,0,0.04910874782289187
LC-2025-0362951,0,0,0.1709424013338065
LC-2022-0611194,0,0,0.03000543014880916
LC-2021-0076668,0,0,0.05386492274326462
LC-2021-0390793,0,0,0.008832967109489682
LC-2024-0610963,0,0,0.09354512142694549
LC-2019-0576469,0,0,0.12293801000370813
LC-2022-0071277,0,0,0.02445184163332971
LC-2024-0119587,0,0,0.021545260132820414
LC-2022-0604847,0,0,0.0045423550582054315
LC-2025-0271879,0,0,7.342177634956852e-05
LC-2025-0811410,0,0,0.047540907404652
LC-2025-0048136,0,0,0.2228298248652676
LC-2023-0241499,0,0,0.06298030245999442
LC-2022-0048142,0,0,0.1523270992598658
LC-2022-0467275,0,0,0.012693251629796835
LC-2019-0791325,0,0,0.012766944577175747
LC-2022-0481205,0,0,0.08129947942222453
LC-2022-0652296,0,0,0.06051821296817601
LC-2020-0202141,0,0,0.08823827772864049
LC-2019-0707306,0,0,0.016722642886932287
LC-2023-0337427,0,0,0.05736393911999997
LC-2024-0114658,0,0,0.013816288796039824
LC-2019-0117314,0,0,0.023906031500641637
LC-2024-0598242,0,0,0.1178124823625594
LC-2022-0428622,0,0,0.018334328630925083
LC-2024-0238581,0,0,0.0826879815079234
LC-2025-0036306,0,0,0.07998212311272225
LC-2025-0051415,0,0,0.0027510665805731715
LC-2025-0080842,0,0,0.02336363372827184
LC-2019-0427350,0,0,0.04359989814468667
LC-2019-0356260,0,0,0.05214646347397353
LC-2019-0367413,0,0,0.03193172398213777
LC-2019-0608582,0,0,0.0951554196063525
LC-2023-0701730,0,0,0.012581651865424733
LC-2019-0450192,0,0,0.016315308992178913
LC-2023-0476326,0,0,0.04573325848815516
LC-2024-0400845,0,0,0.08831598168216988
LC-2022-0108063,0,0,0.07479430898193795
LC-2025-0736575,0,0,0.046616911552875576
LC-2019-0545518,0,0,0.0852423905629245
LC-2025-0949215,0,0,0.002296583234287832
LC-2020-0582704,0,0,0.019103925002401302
LC-2022-0543087,0,0,0.036069598870573955
LC-2022-0594738,0,0,0.23107749861436658
LC-2023-0304231,0,0,0.0002756423486435253
LC-2025-0634025,0,0,0.07121434167349934
LC-2020-0104661,0,0,0.3150950656213689
LC-2023-0282803,0,0,0.052509565960426496
LC-2019-0354722,0,0,0.0
LC-2024-0035999,0,0,0.036561532270074436
LC-2023-0089572,0,0,0.04882836341452535
LC-2025-0855842,0,0,0.00480769705300845
LC-2024-0573992,0,0,0.006164027310329378
LC-2025-0391527,0,0,0.3227561324640042
LC-2022-0500205,0,0,0.3955661744387891
LC-2025-0191161,0,0,0.003280170352047886
LC-2021-0174501,0,0,0.06486516295989676
LC-2024-0580840,0,0,0.045909811817067256
LC-2019-0119434,0,0,0.013065904541714775
LC-2020-0565031,0,0,0.00854818754640159
LC-2020-0569393,0,0,0.0006251622259411901
LC-2020-0295241,0,0,0.19051722876221508
LC-2024-0192038,0,0,0.00218485361425477
LC-2021-0044602,0,0,0.09458309067333072
LC-2022-0173615,0,0,0.533188563182498
LC-2024-0017790,0,0,0.20290235455719607
LC-2022-0676340,0,0,0.14851472700993282
LC-2022-0454465,0,0,0.08188168323222207
LC-2019-0711188,0,0,0.01569107062759651
LC-2022-0546184,0,0,0.08664988173144597
LC-2025-0952206,0,0,0.03383950808400686
LC-2020-0368514,0,0,0.039158967515618294
LC-2022-0231341,0,0,0.04588196393701538
LC-2022-0649517,0,0,0.09635968030670367
LC-2023-0611430,0,0,0.05255389394559105
LC-2021-0052858,0,0,0.10938613629692498
LC-2019-0216726,0,0,0.014421170241874419
LC-2025-0005311,0,0,0.052152704749929224
LC-2020-0195848,0,0,0.15040147348355723
LC-2025-0232564,0,1,0.0934283942269272
LC-2023-0227688,0,0,0.06444590009247181
LC-2023-0455729,0,0,0.08893325647168016
LC-2024-0106564,0,0,0.03320100459334994
LC-2021-0271105,0,0,0.09309376583237977
LC-2025-0394841,0,0,0.004701757186671242
LC-2023-0618459,0,0,0.08643392990573058
LC-2024-0438760,0,0,0.25269468399936573
LC-2019-0700309,0,0,0.00022181116910318716
LC-2022-0528829,0,0,0.17957754778597024
LC-2022-0359077,0,0,0.050707068685393264
LC-2019-0299054,0,0,0.014860378081785688
LC-2020-0411705,0,0,0.386168690082497
LC-2019-0746476,0,0,0.004238083618025053
LC-2022-0276903,0,0,0.172943884413027
LC-2019-0808304,0,0,0.07106519851155102
LC-2019-0623343,0,0,0.029972626770239697
LC-2019-0774963,0,0,0.005399569633913217
LC-2020-0085653,0,0,0.17128770837494986
LC-2025-0079444,0,0,0.202441844322145
LC-2020-0538221,0,0,0.03255015122931877
LC-2024-0127120,0,0,0.018915587552282953
LC-2022-0235564,0,0,0.18237729410574716
LC-2020-0614110,0,0,0.0747643607076816
LC-2021-0482949,0,0,0.008283780119331063
LC-2023-0532981,0,0,0.014062899790869882
LC-2023-0691471,0,0,0.23532871157664548
LC-2024-0297806,0,0,0.003453700059681256
LC-2021-0176151,0,0,0.07189709468571022
LC-2025-0005166,0,0,0.0013383096519604782
LC-2025-0141004,0,0,0.1562688767697808
LC-2025-0383027,0,0,0.254206460779192
LC-2024-0153668,0,0,0.06108543290374758
LC-2024-0052636,0,0,0.22166732021023117
LC-2021-0209470,0,1,0.0015464131328419984
LC-2025-0201259,0,0,0.06819748139120102
LC-2021-0089034,0,0,0.0772281425325091
LC-2019-0299149,0,0,0.03142465075826792
LC-2024-0435157,0,0,0.05866459779353669
LC-2021-0285645,0,0,0.26914068872330166
LC-2023-0386307,0,0,0.09643521633335966
LC-2024-0088547,0,0,0.0
LC-2019-0137685,0,0,0.04051432062004059
LC-2024-0673240,0,0,0.09766382523381964
LC-2022-0280651,0,0,0.11223250954764338
LC-2021-0566118,0,0,0.013083373420864224
LC-2019-0448230,0,0,0.039625592125475
LC-2022-0235309,0,0,0.13739907684717761
LC-2023-0496262,0,1,0.1385767457135688
LC-2025-0738096,0,0,0.299442334312609
LC-2023-0333003,0,0,0.07452800252765476
LC-2020-0446416,0,0,0.21521334941873468
LC-2025-0697013,0,0,0.08711193732293589
LC-2024-0524450,0,0,0.1608458494334591
LC-2019-0625773,0,0,0.047651075700957134
LC-2024-0473669,0,0,0.2803831064196495
LC-2023-0177359,0,0,0.09581588104457435
LC-2024-0081470,0,0,0.0006985840022907585
LC-2021-0127412,0,0,0.14160652469010362
LC-2025-0793158,0,0,0.03806950415148037
LC-2022-0036568,0,0,0.009076166946826024
LC-2021-0523530,0,0,0.004035949411156422
LC-2020-0028237,0,0,0.08128560609084882
LC-2024-0371203,0,0,0.023962525224187556
LC-2019-0095110,0,0,0.0018356985822599273
LC-2025-0884647,0,0,0.018417910473395513
LC-2019-0422212,0,0,0.009920677113646576
LC-2019-0232778,0,0,0.054706037637424945
LC-2021-0093184,0,0,0.004013281341032443
LC-2025-0788704,0,0,0.015695172149900974
LC-2023-0605701,0,0,0.10728696337735355
LC-2022-0299252,0,0,0.06057485102543368
LC-2025-0958879,0,0,0.0035216067338445967
LC-2023-0176772,0,0,0.19782558322304764
LC-2024-0175957,0,0,0.009016971662511699
LC-2019-0594039,0,0,0.01891487471191272
LC-2022-0301036,0,0,0.10908677624234771
LC-2022-0079594,0,0,0.06958020251288705
LC-2019-0786054,0,0,0.03258351618171628
LC-2024-0577790,0,0,0.14408715837435795
LC-2023-0622701,0,0,0.07098680000716155
LC-2024-0733403,0,0,0.046675672049485056
LC-2023-0264729,0,0,0.2702346901290277
LC-2024-0274853,0,0,0.16077907589059687
LC-2025-0269753,0,0,0.05115882123475055
LC-2020-0561752,0,0,0.007936559766942181
LC-2024-0192263,0,0,0.020264952199631613
LC-2019-0244620,0,0,0.028888467783052464
LC-2023-0295042,0,0,0.059374773374640755
LC-2022-0441850,0,0,0.0004963634299968018
LC-2020-0648848,0,0,0.003978850723550061
LC-2024-0122158,0,0,0.011737588271962592
LC-2023-0614001,0,0,0.20564990285219154
LC-2021-0260886,0,0,0.03153220384154253
LC-2023-0362563,0,0,0.07206666967808288
LC-2022-0293513,0,0,0.2434513403554488
LC-2023-0672644,0,0,0.08168905801545956
LC-2024-0207048,0,0,0.0032347046615063494
LC-2025-0051174,0,0,0.05458005524822495
LC-2022-0174723,0,0,0.006717615301669293
LC-2025-0768458,0,0,0.0743889312220735
LC-2019-0601678,0,0,0.004421132519561506
LC-2019-0504743,0,0,0.004811185769265639
LC-2023-0540858,0,0,0.0032001652973507127
LC-2020-0460753,0,0,0.1609386076823385
LC-2020-0268292,0,0,0.1458926278227366
LC-2020-0138130,0,0,0.1543062966540161
LC-2019-0717529,0,0,0.03303956353702736
LC-2020-0488430,0,0,0.015827716749513016
LC-2023-0171311,0,0,0.07342769281837726
LC-2025-0779166,0,0,0.20447825929577465
LC-2023-0174265,0,1,0.4692739386164741
LC-2025-0005513,0,0,0.20209785470310646
LC-2022-0234446,0,0,0.07003519956929613
LC-2020-0422821,0,0,0.1318437553740205
LC-2023-0630545,0,0,0.2146803358229296
LC-2022-0698694,0,0,0.19337293435014735
LC-2025-0430855,0,0,0.40439996038312115
LC-2023-0322822,0,0,0.014231230066471883
LC-2021-0650406,0,0,0.004121116878859246
LC-2019-0576128,0,0,0.04608906435349181
LC-2019-0263516,0,0,0.39215841921736877
LC-2020-0237536,0,0,0.0252223755318286
LC-2022-0673714,0,0,0.1609079978468418
LC-2020-0218025,0,0,0.1672925235382834
LC-2025-0441382,0,0,0.325537805452892
LC-2024-0592312,0,0,0.0015662014815320286
LC-2019-0080662,0,0,0.15188740634719497
LC-2022-0342059,0,0,0.06742420009362804
LC-2022-0597810,0,0,0.06148627837056323
LC-2021-0512565,0,0,0.002633113667145078
LC-2025-0484596,0,0,0.03530338747322232
LC-2025-0792512,0,0,0.010911757922840446
LC-2020-0372121,0,0,0.013825621804149266
LC-2023-0344535,0,0,0.051451400156977654
LC-2024-0035480,0,0,0.11897352898447969
LC-2020-0258002,0,0,0.017862112282420836
LC-2023-0499905,0,0,0.09318629904962623
LC-2022-0433093,0,0,0.03903444071643616
LC-2024-0171654,0,0,0.19062031192187848
LC-2023-0239002,0,0,0.10677656867495194
LC-2020-0100792,0,0,0.0038577097925397217
LC-2022-0653636,0,0,0.10635654209926
LC-2023-0276113,0,0,0.014110313685336762
LC-2021-0089510,0,0,0.15171590660912793
LC-2019-0478911,0,0,0.033543171932626105
LC-2025-0677742,0,0,0.04328815828840432
LC-2025-0790778,0,0,0.17022202499815323
LC-2024-0461730,0,0,0.0027892787500585162
LC-2023-0466803,0,0,0.08757375192898503
HC-2021-0008202,1,0,0.4008279609036691
LC-2025-0707865,0,0,0.03392154516267908
LC-2023-0596742,0,0,0.010218364851841888
LC-2021-0171160,0,0,0.1564275889519294
LC-2021-0161890,0,0,0.15594784690818658
LC-2025-0577925,0,0,0.040795309235762786
LC-2020-0616318,0,0,0.08802372401193141
LC-2025-0013673,0,1,0.0027510665805731715
LC-2019-0248827,0,0,0.08323495002136039
LC-2024-0092595,0,0,0.37954303357511876
LC-2025-0896916,0,0,0.004916350569157422
LC-2022-0272843,0,0,0.023235804055193543
LC-2025-0155662,0,0,0.10323463209507246
LC-2019-0414794,0,0,0.018185267704080313
LC-2025-0329356,0,0,0.06829844878773
LC-2024-0681899,0,0,0.020198833429762114
LC-2025-0348110,0,0,0.16080250031846455
LC-2019-0713802,0,0,0.03330896978196383
LC-2022-0597748,0,1,0.00555277727977049
LC-2023-0418501,0,0,0.001081703704790743
LC-2023-0623789,0,0,0.033967882442500576
LC-2025-0924858,0,0,0.25222275485579343
LC-2023-0168743,0,0,0.009619879165493683
LC-2022-0293367,0,0,0.018058359083132455
LC-2023-0528779,0,0,0.08081929303903226
LC-2019-0595026,0,0,0.055596789471245474
LC-2019-0226493,0,0,0.05266831626995173
LC-2019-0428463,0,0,0.018099352169536884
LC-2020-0436165,0,0,0.10866606365627218
LC-2025-0073144,0,0,0.0009140828300562965
LC-2024-0340059,0,0,0.2230090336104825
LC-2022-0669335,0,0,0.01866405770960118
LC-2020-0066637,0,0,0.08697029576473335
LC-2023-0087210,0,0,0.058171043702621834
LC-2023-0369865,0,0,0.019559803835952905
LC-2025-0903030,0,0,0.024477267380364407
LC-2022-0593151,0,0,0.0095585314140513
LC-2024-0227828,0,0,0.11497088899171498
LC-2025-0202489,0,0,0.08306732597948964
LC-2023-0744419,0,0,0.002353346398537452
LC-2024-0087059,0,0,0.126741918212771
LC-2022-0162116,0,0,0.004857614348334247
LC-2023-0459943,0,0,0.0
LC-2021-0069260,0,0,0.26164067309710576
LC-2021-0225946,0,0,0.00020222057229395674
LC-2022-0117081,0,0,0.056189100888157865
LC-2024-0786323,0,0,0.10783368084958089
LC-2021-0228477,0,0,0.0006985840022907585
LC-2023-0401696,0,0,0.12644989119127753
LC-2025-0486618,0,0,0.08707824724674865
LC-2023-0369404,0,0,0.005835554181764745
LC-2023-0472755,0,0,0.0
LC-2025-0055262,0,0,0.12097299448967373
LC-2024-0297787,0,0,0.19991674017649633
LC-2022-0551221,0,0,0.022293843305034006
LC-2020-0577926,0,0,0.0004974535177467124
LC-2023-0238073,0,0,0.17185167073665178
LC-2024-0610896,0,0,0.25665565876443147
HC-2021-0043565,1,0,0.4136205947752849
LC-2019-0526402,0,0,0.02915097423014048
LC-2021-0164608,0,0,0.015849757021480386
LC-2024-0339862,0,0,0.004758796692818854
LC-2021-0643126,0,0,0.008228992248759604
LC-2024-0237722,0,0,0.013309622063728417
LC-2025-0926240,0,0,0.18412098436011387
LC-2025-0552436,0,0,0.007684471893780769
LC-2023-0579678,0,0,0.05175155083310478
LC-2024-0371381,0,0,0.0015389564757545627
LC-2025-0248081,0,0,0.21874564257366363
LC-2019-0617203,0,1,0.04247623516635774
LC-2025-0299563,0,0,0.06924343636606739
LC-2019-0251581,0,0,0.028363200132506518
LC-2020-0390207,0,0,0.09183163094347396
LC-2023-0575186,0,0,0.011424939785603114
LC-2019-0771988,0,0,0.03736036319674836
LC-2022-0514224,0,0,0.05078937987942636
LC-2024-0159755,0,0,0.06219924660611649
LC-2024-0551541,0,0,0.16224522795922233
LC-2023-0275323,0,0,0.13117979540217956
LC-2021-0511843,0,0,0.0008288155314413557
LC-2020-0003578,0,0,0.017835744421319525
LC-2023-0587807,0,0,0.0038599963794902865
LC-2024-0428537,0,0,0.11279074961911263
LC-2020-0315757,0,0,0.2951723014855907
LC-2022-0617381,0,0,0.011656170787836541
LC-2019-0546016,0,0,0.0603535723186706
LC-2022-0253254,0,0,0.19834956223795147
LC-2021-0546483,0,0,0.08324510350412184
LC-2022-0330795,0,0,0.30301157425302183
LC-2021-0154800,0,0,0.07250761773377756
HC-2019-0741360,1,0,0.35567930654302465
LC-2025-0304060,0,0,0.02410076823483482
LC-2022-0511914,0,0,0.17610121419032965
LC-2022-0207199,0,0,0.04937529935367058
LC-2021-0497503,0,0,0.003922175869200534
LC-2020-0315731,0,0,0.03262524413478169
LC-2023-0393555,0,0,0.0786663831442222
LC-2025-0417978,0,0,0.0006985840022907585
LC-2021-0372479,0,0,0.07461770164708438
LC-2024-0498038,0,0,0.051309149866418595
LC-2021-0095952,0,0,0.0038121753591041445
LC-2024-0271901,0,0,0.4095819489820925
LC-2022-0646589,0,0,0.05124531417688868
LC-2019-0134030,0,0,0.032988245589120675
LC-2022-0614086,0,0,0.012998543202176424
LC-2025-0598677,0,0,0.09663726517938669
LC-2025-0143078,0,0,0.10213089860911459
LC-2025-0439055,0,1,0.23780977196570913
LC-2024-0060023,0,0,0.05245334724730427
LC-2024-0092193,0,0,0.00916097104259771
LC-2024-0045813,0,0,0.05621331465987695
LC-2022-0649315,0,0,0.04131477421789986
LC-2024-0200021,0,0,0.008413408821136446
LC-2022-0458522,0,0,0.005949465450942386
LC-2023-0547187,0,0,0.007997556474214214
LC-2023-0378437,0,0,0.031643490474868974
LC-2025-0900616,0,0,0.10140022924887232
LC-2023-0532265,0,0,0.03343827392680816
LC-2021-0031433,0,0,0.3018810346155972
LC-2019-0122125,0,0,0.01718346286457768
LC-2024-0096401,0,0,0.025552280189740584
LC-2025-0861168,0,0,0.3138387778849917
LC-2021-0301172,0,0,0.04547268847492921
LC-2025-0894653,0,0,0.022085296528377985
LC-2022-0593258,0,0,0.08642819497207828
LC-2025-0955288,0,0,0.03039060171553871
LC-2024-0232081,0,0,0.006505801814845733
LC-2025-0155124,0,0,0.0531672912067262
LC-2019-0414784,0,0,0.006190240889711735
LC-2021-0456128,0,0,0.007176325374865388
LC-2021-0276641,0,0,0.019408134821597825
LC-2019-0293124,0,0,0.10205902912148859
LC-2025-0016847,0,0,0.10389774230445199
LC-2022-0433882,0,0,0.08995468858708913
LC-2022-0621456,0,0,0.04864159119579845
LC-2025-0489876,0,0,0.05452487528631452
LC-2021-0235765,0,0,0.0002756423486435253
LC-2022-0521247,0,0,0.012205138354380172
LC-2025-0465529,0,0,0.010550096561783684
LC-2021-0640797,0,0,0.006842887851009956
LC-2025-0035645,0,0,0.21894082839726858
LC-2022-0432881,0,0,0.29834545322312933
LC-2025-0801491,0,0,0.007282819142966473
LC-2023-0023701,0,0,0.45604309425746864
LC-2020-0082664,0,0,0.13500922979954952
LC-2019-0297410,0,0,0.024080781481847315
LC-2023-0669298,0,0,0.4961515597005119
LC-2022-0506059,0,0,0.011223202915119426
LC-2022-0054766,0,1,0.1824240512537432
LC-2025-0436414,0,0,0.005279408339128634
LC-2025-0420306,0,0,0.07597162883865512
LC-2019-0554152,0,0,0.01646485200884607
LC-2020-0060768,0,0,0.09672019689413947
LC-2019-0025841,0,0,0.03175486745663271
LC-2023-0720855,0,0,0.0017467015182782571
LC-2025-0366735,0,0,0.08059602547436331
LC-2019-0616158,0,0,0.17359659512957662
LC-2025-0121503,0,0,0.01777141759995823
LC-2022-0108107,0,0,0.03182770622495976
LC-2025-0422470,0,0,0.0921495707974775
LC-2022-0032052,0,0,0.05685973223095667
LC-2021-0168744,0,0,0.04721621724790452
LC-2022-0255629,0,0,0.029475049187131442
LC-2024-0495836,0,0,0.1794043608698519
LC-2023-0646849,0,0,0.2501955313922911
LC-2020-0554925,0,0,0.004479923680339067
LC-2020-0542098,0,0,0.05930710275986594
LC-2021-0319544,0,0,0.019506676723369
LC-2022-0268702,0,0,0.012084721526046093
LC-2023-0399273,0,0,0.03616432455047332
LC-2019-0573479,0,0,0.05097336486498581
LC-2019-0233288,0,0,0.040479270731590446
LC-2024-0268025,0,0,0.020328071902199155
LC-2024-0616729,0,0,0.10379398737967939
LC-2021-0503398,0,0,0.02059773049733052
LC-2023-0328510,0,0,0.020272974247475973
LC-2019-0041551,0,0,0.01698243727860613
LC-2023-0629532,0,0,0.01033401268772334
LC-2019-0627413,0,0,0.04167863828568883
LC-2025-0788073,0,0,0.015438995225728579
LC-2020-0002155,0,0,0.13299204704769965
LC-2023-0338428,0,0,0.11254370265701402
LC-2020-0093040,0,0,0.2734034793863816
LC-2022-0114316,0,0,0.07819569770478661
LC-2025-0417896,0,0,0.18837416511147465
LC-2021-0626833,0,0,0.014969175632269939
LC-2025-0242024,0,0,0.05950815993493218
LC-2019-0281057,0,0,0.005664886747971229
LC-2020-0042265,0,0,0.00956377303712817
LC-2025-0616654,0,0,0.06689143034529882
LC-2024-0032697,0,0,0.07464634206197508
LC-2023-0241884,0,0,0.01365480694821505
LC-2023-0342311,0,0,0.010021022078241676
LC-2019-0023022,0,0,0.05096313941579379
LC-2025-0584720,0,0,0.14250217860759976
LC-2019-0013412,0,0,0.06662126670210392
LC-2025-0403510,0,0,0.00479819596289951
LC-2022-0614660,0,0,0.08339257188072163
LC-2025-0271056,0,0,0.21861658804822048
LC-2020-0130288,0,0,0.12361401650626647
LC-2025-0902591,0,0,0.08767850901970968
LC-2023-0176848,0,0,0.015954133127382312
LC-2021-0305103,0,0,0.29749930706177297
LC-2024-0102468,0,0,0.009106448114358559
LC-2024-0385697,0,0,0.053152182296404414
LC-2023-0327022,0,0,0.5091708157276117
LC-2020-0629871,0,0,0.0030098968056053717
LC-2025-0965251,0,0,0.015070587279345689
LC-2021-0529936,0,0,0.023938355136666867
LC-2025-0272062,0,0,0.4354174420302839
LC-2021-0522304,0,0,0.12169131044184246
LC-2019-0083548,0,0,0.019570128344381137
LC-2024-0386571,0,0,0.012614108369088484
LC-2023-0328411,0,0,0.0331733510299437
LC-2020-0368201,0,0,0.1097494274115157
LC-2021-0020804,0,0,0.08053103278841943
LC-2025-0945588,0,0,0.0009904891602002567
LC-2020-0025074,0,0,0.3880650032618835
LC-2020-0126775,0,0,0.15007510897773094
LC-2021-0230889,0,0,0.0034011085595316713
LC-2024-0689185,0,0,0.034093473333068454
LC-2020-0034391,0,0,0.0324711086071435
LC-2024-0667376,0,0,0.03755714837649522
LC-2021-0200771,0,0,0.008842517472239866
LC-2020-0090568,0,0,0.07782415809591299
LC-2019-0382305,0,0,0.07520200166317745
HC-2025-0896201,1,0,0.4346195249661305
LC-2019-0456209,0,0,0.028521997258908784
LC-2023-0181697,0,0,0.36361924316154637
LC-2025-0354327,0,0,0.02644018200178583
LC-2021-0261118,0,0,0.06263392371045268
LC-2019-0123717,0,0,0.2538044588093635
LC-2021-0343953,0,0,0.12675994018704417
LC-2024-0281570,0,0,0.004243971858675462
LC-2024-0714726,0,0,0.00638413288563544
LC-2019-0759982,0,0,0.10745624532299888
LC-2025-0221368,0,0,0.05781830906275545
LC-2019-0748252,0,0,0.06320688183941968
LC-2019-0305005,0,0,0.014932969752684782
LC-2024-0358244,0,0,0.16496066905627305
LC-2019-0190915,0,0,0.012317637072244626
LC-2019-0123142,0,0,0.01093340683383629
LC-2021-0189121,0,0,0.17464454843694935
LC-2023-0148539,0,0,0.20545811856708945
LC-2024-0066916,0,0,0.0006251622259411901
LC-2022-0301127,0,0,0.2331500245737295
LC-2022-0205077,0,0,0.0232782291080284
LC-2021-0033138,0,0,0.06098457153700623
LC-2024-0456199,0,0,0.4337090220764722
LC-2019-0418319,0,0,0.03134456207327698
LC-2021-0413814,0,0,0.07961062780061386
LC-2022-0631007,0,1,0.2719033971885752
LC-2023-0324435,0,0,0.002655144114558068
LC-2024-0182495,0,0,0.0002756423486435253
LC-2023-0073070,0,0,0.045230002241725895
LC-2020-0609413,0,0,0.03040429856426155
LC-2023-0403213,0,0,0.6035130950800349
LC-2019-0035884,0,0,0.015898477004808294
LC-2022-0122279,0,0,0.041035239669076615
LC-2022-0570999,0,0,0.002296583234287832
LC-2024-0519120,0,0,0.22036872415897588
LC-2021-0476892,0,0,0.009704779651489824
LC-2021-0615320,0,0,0.13895220221067528
LC-2019-0277846,0,0,0.026943346779772788
LC-2021-0479444,0,0,0.013122174845037755
LC-2023-0320167,0,0,0.024401655721413697
LC-2019-0506796,0,0,0.09114524221391469
LC-2024-0433275,0,0,0.11912735387638163
LC-2025-0472090,0,0,0.001828582201520259
LC-2025-0380075,0,0,0.009130100331296173
LC-2025-0648446,0,0,0.17308345869644395
LC-2023-0351315,0,0,0.03663757998615057
LC-2021-0532922,0,0,0.0071472332300425235
LC-2022-0317946,0,0,0.26369455921229407
LC-2020-0483576,0,0,0.3517389285354659
LC-2020-0011063,0,0,0.055284440158178585
LC-2024-0521707,0,0,0.15787481173727502
LC-2020-0085312,0,0,0.12284005213339672
LC-2024-0598524,0,0,0.014408229929368072
LC-2025-0115900,0,0,0.015042345370107141
LC-2025-0264106,0,0,0.04444555929165758
LC-2023-0296012,0,0,0.06346997395330116
LC-2024-0095279,0,0,0.07461500218117022
LC-2019-0719711,0,0,0.031805323489621444
LC-2020-0630161,0,0,0.19725048394168226
LC-2019-0685889,0,0,0.14059445359683992
LC-2025-0576168,0,0,0.05310060739732829
LC-2023-0656059,0,0,0.08819238372469097
LC-2019-0331893,0,0,0.16631333539166668
LC-2020-0148670,0,0,0.39109083348572715
LC-2023-0583075,0,0,0.09834994015180712
LC-2020-0516362,0,0,0.11795065218755017
LC-2021-0011126,0,0,0.05544155083069735
LC-2025-0557684,0,0,0.006967872538012043
LC-2019-0381794,0,0,0.006879282240657128
LC-2025-0243295,0,0,0.0124186649147574
LC-2019-0402888,0,0,0.037714695003877155
LC-2020-0117143,0,0,0.09365798950118899
LC-2022-0644960,0,0,0.0006985840022907585
LC-2019-0387738,0,0,0.052765012306295246
LC-2019-0246115,0,0,0.024930651052142733
LC-2021-0532329,0,0,0.006070072286946278
LC-2021-0109550,0,1,0.10181786231603879
LC-2022-0231563,0,0,0.23306267234760727
LC-2025-0716992,0,0,0.002368716208922047
LC-2022-0227543,0,0,0.017582122185725087
LC-2019-0304468,0,0,0.009402612631154056
LC-2022-0201902,0,1,0.23752270800887365
LC-2020-0498394,0,0,0.07384041141312735
LC-2023-0313997,0,0,0.041495602219428766
LC-2025-0245402,0,0,0.09410188086670045
LC-2025-0479709,0,0,0.0103807163219446
LC-2022-0470057,0,1,0.06684384627415921
LC-2019-0622150,0,0,0.0943055502550931
LC-2024-0389276,0,0,0.3478452101777218
LC-2021-0300852,0,0,0.12427691932047154
LC-2025-0666182,0,0,0.2052764551157523
LC-2022-0217480,0,0,0.014275087497146621
LC-2022-0541376,0,0,0.3736411086277394
LC-2020-0251135,0,0,0.12905683803897344
LC-2025-0837924,0,0,0.019322902344453517
LC-2025-0900522,0,0,0.11036086947252302
LC-2024-0594325,0,0,0.002207391304527809
LC-2025-0391781,0,0,0.034884680017049696
LC-2019-0010436,0,0,0.4272661684193425
LC-2020-0670220,0,0,0.0028026681938237374
LC-2024-0074136,0,0,0.5284316499490853
LC-2020-0679825,0,0,0.22130529951993136
LC-2020-0663683,0,0,0.14124553406631007
LC-2019-0090696,0,0,0.03839130486994672
LC-2022-0324594,0,0,0.0305901195002776
LC-2022-0077385,0,0,0.28755391954288884
LC-2025-0415261,0,0,0.026883985662761914
LC-2024-0209605,0,0,0.12065073779255375
LC-2019-0083078,0,0,0.01592313917696245
LC-2022-0341057,0,0,0.18506114481081196
LC-2019-0163623,0,0,0.020566677949269713
LC-2022-0110630,0,0,0.4219473297986051
LC-2022-0610577,0,0,0.10094736415997269
LC-2022-0414105,0,0,0.47335840846326027
LC-2024-0063269,0,0,0.02200069418532833
LC-2023-0228431,0,0,0.15162251937932647
LC-2025-0322656,0,0,0.13707839169693645
LC-2022-0531102,0,0,0.12626336539926997
LC-2023-0500560,0,0,0.5177752042749973
LC-2025-0801480,0,0,0.051042567357881
LC-2020-0632919,0,0,0.026287806220317872
LC-2024-0375338,0,0,0.01519510562774302
LC-2025-0215600,0,0,0.09485565577834557
LC-2023-0674290,0,0,0.029407181511212882
LC-2024-0276883,0,0,0.43676051779443137
LC-2019-0401643,0,0,0.003647711526021854
LC-2023-0639435,0,0,0.08515011929569027
LC-2021-0325300,0,0,0.0978025929027913
LC-2023-0591099,0,0,0.012868101623524291
LC-2020-0381621,0,0,0.17624151920536268
LC-2022-0599490,0,0,0.009677641599013576
LC-2022-0427194,0,0,0.02467521108344365
LC-2024-0300528,0,0,0.016525981584047934
LC-2022-0249372,0,0,0.1769109092228588
LC-2021-0583700,0,0,0.3035830262149393
LC-2019-0415257,0,1,0.017178170736169517
LC-2022-0548131,0,0,0.008401318144108525
LC-2025-0368534,0,0,0.03759765248021683
LC-2025-0611503,0,0,0.018103310979874786
LC-2023-0752575,0,0,0.0036097058920361944
LC-2025-0509039,0,0,0.06617086561493597
LC-2019-0318068,0,0,0.01073944178642526
LC-2024-0762513,0,0,0.05306051112228679
LC-2025-0730966,0,0,0.002016703633145297
LC-2022-0185399,0,0,0.014534752783495945
LC-2025-0923538,0,0,0.11019952685528338
LC-2022-0210569,0,0,0.03473861359568506
LC-2025-0008019,0,0,0.00693727087842007
LC-2024-0638232,0,0,0.005065188095269389
LC-2019-0783594,0,0,0.002440914805071897
LC-2019-0567520,0,0,0.018941898092302113
LC-2020-0191489,0,0,0.19125808840305633
LC-2021-0065450,0,0,0.14030633450650565
LC-2023-0452905,0,0,0.024796178472612573
LC-2025-0072623,0,0,0.6628360217144019
LC-2022-0325396,0,0,0.056183557338031875
LC-2021-0345980,0,0,0.0831984100729381
LC-2022-0683964,0,0,0.08997730139218209
LC-2023-0597899,0,0,0.0036194244985307805
LC-2022-0143803,0,0,0.1639542243904026
LC-2024-0437080,0,0,0.1175709542208883
LC-2023-0346091,0,0,0.14994983524902117
LC-2022-0034509,0,0,0.010206613273585121
LC-2023-0735059,0,0,0.05141804945090175
LC-2023-0350403,0,0,0.05629027760289723
LC-2025-0032083,0,0,0.10744686740199033
LC-2022-0046801,0,0,0.004144460206947874
LC-2022-0674876,0,0,0.03592841318845332
LC-2023-0039338,0,0,0.10499810716974788
LC-2025-0786617,0,0,0.03010746930473781
LC-2022-0127136,0,0,0.35384675605656546
LC-2025-0913642,0,0,0.03835990927096004
LC-2019-0509994,0,0,0.09815636764350306
LC-2019-0093061,0,0,0.07971499018945956
LC-2023-0720745,0,0,0.11748715110815205
LC-2022-0223559,0,0,0.20639277945297774
LC-2022-0696947,0,0,0.06353612729515258
LC-2023-0303023,0,0,0.004764018417701475
LC-2023-0626103,0,0,0.08673687334099696
LC-2024-0165351,0,0,0.0037993554024977837
LC-2024-0410225,0,0,0.2430642148059668
LC-2022-0109512,0,0,0.04440954190756338
LC-2021-0348863,0,0,0.16323265076956453
LC-2024-0727081,0,0,0.022008446218387285
LC-2025-0427480,0,0,0.002520803901457244
LC-2025-0971091,0,0,0.04471410668351816
LC-2021-0577486,0,0,0.007041358893670417
LC-2019-0077333,0,0,0.04015387297163759
LC-2023-0341735,0,0,0.07289185127012188
LC-2020-0539605,0,0,0.1098297953082808
LC-2023-0180741,0,0,0.08110675485050386
LC-2022-0698431,0,0,0.03897787662593236
LC-2022-0354758,0,0,0.0002756423486435253
LC-2025-0127738,0,0,0.00821427336209426
LC-2020-0615146,0,0,0.10927389826771877
LC-2019-0613124,0,0,0.043112978954166714
LC-2020-0122572,0,0,0.07923852885233171
LC-2024-0360786,0,0,0.03754525611119883
LC-2019-0305471,0,0,0.0
LC-2019-0753621,0,0,0.03121754478623019
LC-2025-0618076,0,0,0.09157852498009181
LC-2019-0394193,0,0,0.06069839160010728
LC-2023-0226856,0,0,0.0068258732144239765
LC-2019-0508117,0,0,0.018873058419063785
LC-2021-0165791,0,0,0.004700513337525016
LC-2022-0349863,0,0,0.11859698317787176
LC-2025-0282367,0,0,0.18109535231427112
LC-2024-0017572,0,0,0.1452365411914492
LC-2023-0417084,0,0,0.4112920768276795
LC-2021-0175554,0,0,0.12921440974969717
LC-2025-0103799,0,0,0.04145180222918315
LC-2020-0052571,0,0,0.18203808477504974
LC-2022-0221978,0,0,0.5221422384098074
LC-2022-0380484,0,0,0.10450012987978999
LC-2023-0416548,0,0,0.12226374469437198
LC-2024-0070313,0,0,0.09463381151054977
LC-2022-0504822,0,0,0.09091556960633262
LC-2025-0824724,0,0,0.0892726348763958
LC-2019-0338240,0,0,0.024088107798016713
LC-2023-0327169,0,0,0.0002756423486435253
LC-2022-0655815,0,0,0.09288737475353429
LC-2024-0591494,0,0,0.015240878439310095
LC-2019-0472717,0,1,0.0010369400050311618
LC-2021-0543159,0,0,0.17907277662221494
LC-2021-0115497,0,0,0.049699905998998754
LC-2020-0283070,0,0,0.08906337220619703
LC-2022-0603469,0,0,0.08484314448752997
LC-2023-0726873,0,0,0.022982573422173278
LC-2022-0184754,0,0,0.10666799322893177
LC-2024-0556236,0,0,0.004978334835954661
LC-2023-0460250,0,0,0.0
LC-2022-0565538,0,0,0.03118786937969862
LC-2019-0224110,0,0,0.01851041777422296
LC-2021-0463197,0,0,0.003333070998269546
LC-2024-0449239,0,0,0.05211170312511875
LC-2025-0571674,0,0,0.03279835906225801
LC-2023-0404860,0,0,0.06258936699904005
LC-2024-0695700,0,0,0.016009087770560905
LC-2022-0638456,0,0,0.19473546384333862
LC-2024-0319296,0,0,0.5632052132328144
LC-2025-0962617,0,0,0.03893957326119679
LC-2021-0182390,0,0,0.016108520975275865
LC-2019-0692970,0,0,0.011363238407358318
LC-2021-0338272,0,0,0.007928303800933328
LC-2025-0334058,0,0,0.041105198279436775
LC-2023-0167917,0,0,0.07434848459329485
HC-2022-0042614,1,0,0.469380308600708
LC-2022-0462206,0,0,0.06700999344938294
LC-2022-0103958,0,0,0.0372895778598227
LC-2020-0589536,0,0,0.00396018298267722
LC-2020-0262351,0,0,0.025812250603359933
LC-2023-0076271,0,0,0.02419254433260614
LC-2022-0419899,0,1,0.052571492892461914
LC-2023-0700171,0,0,0.13661259453904523
LC-2025-0113030,0,0,0.14914396821930612
LC-2019-0649322,0,1,0.020051567237193427
LC-2023-0614645,0,0,0.010883831544647133
LC-2024-0234029,0,0,0.38557871005164607
LC-2020-0647491,0,0,0.07884677916795182
LC-2024-0089523,0,0,0.12830738575485365
LC-2020-0556447,0,0,0.012575463133071611
LC-2023-0502029,0,0,0.09213654942186977
LC-2022-0120401,0,0,0.02867375170578958
LC-2021-0086387,0,0,0.1262526465510773
LC-2019-0507119,0,0,0.0024177380956856547
LC-2024-0630719,0,0,0.116483313603388
LC-2023-0553215,0,0,0.07437787568295823
LC-2021-0181823,0,0,0.0759816637455876
LC-2020-0537392,0,0,0.10428225690489583
LC-2022-0393116,0,0,0.001736064311395596
LC-2023-0471346,0,0,0.2585599636053141
LC-2020-0120143,0,0,0.0009904891602002567
LC-2022-0294487,0,0,0.003567354018486305
LC-2020-0661568,0,0,0.26473287442860743
LC-2025-0335315,0,0,7.342177634956852e-05
LC-2024-0059195,0,0,0.03713876710064947
LC-2022-0113888,0,0,0.014492624349191397
LC-2023-0050489,0,0,0.11595404515379164
LC-2023-0192316,0,0,0.353506319300605
LC-2023-0016231,0,0,0.06893133349880981
LC-2025-0312012,0,0,0.01787463288290837
LC-2019-0038880,0,0,0.018479120877097722
LC-2019-0272132,0,0,0.111155545076442
LC-2020-0205301,0,0,0.0690583611734275
LC-2025-0479783,0,0,0.007526364779048017
LC-2020-0012694,0,0,0.22676605713355025
LC-2025-0375175,0,0,0.013419573800216937
LC-2022-0436061,0,0,0.020880039572198274
LC-2022-0235887,0,0,0.30042406002865274
LC-2024-0131887,0,0,0.26329707592364504
LC-2022-0262839,0,0,0.12459378373269471
LC-2023-0727259,0,0,0.0038576896929371635
LC-2024-0396186,0,0,0.0006985840022907585
LC-2023-0337230,0,0,0.043924569961034124
LC-2019-0554076,0,0,0.008776453631229803
LC-2023-0516524,0,0,0.1684767549215709
LC-2023-0455509,0,0,0.012176230535910137
LC-2019-0058479,0,0,0.034061663839496964
LC-2020-0074097,0,0,0.043182943289615416
LC-2023-0506365,0,0,0.08948060578360913
LC-2024-0444919,0,0,0.14830073431959462
LC-2022-0512902,0,0,0.006788310024630057
LC-2024-0626851,0,0,0.09587701046578449
LC-2019-0479936,0,0,0.08647278357298899
LC-2023-0173438,0,0,0.14240198277722435
LC-2025-0415585,0,0,0.08162329250535695
LC-2019-0188422,0,0,0.00914600969112544
LC-2024-0586927,0,0,0.05969186334504165
LC-2019-0753710,0,0,0.0
LC-2025-0619929,0,0,0.055069727299640776
LC-2022-0395627,0,0,0.017747194970345923
LC-2025-0140025,0,0,0.06818463979561915
LC-2019-0519076,0,0,0.00869107202144775
LC-2021-0195761,0,0,0.003776630151256104
LC-2022-0477604,0,0,0.20237655841944235
LC-2024-0532963,0,0,0.004700513337525016
LC-2023-0151485,0,1,0.04565195535628702
LC-2022-0552631,0,0,0.0
LC-2019-0003428,0,0,0.015294261038457026
LC-2024-0668252,0,1,0.19839351955544773
LC-2023-0690959,0,0,0.045472958868059264
LC-2024-0321846,0,0,0.0028951079752534566
LC-2022-0284228,0,0,0.0
LC-2019-0498676,0,0,0.029035142502988033
LC-2024-0050229,0,0,0.053071879093086485
LC-2025-0465325,0,0,0.16650068943898053
LC-2023-0447158,0,0,0.09529709013506135
LC-2021-0591008,0,0,0.001129119175324378
LC-2025-0054214,0,0,0.006835879735229585
LC-2020-0548269,0,0,0.01393781510126346
LC-2019-0472671,0,0,0.021807862619670403
LC-2019-0424924,0,0,0.17620617447896142
LC-2020-0014384,0,0,0.10966028752601488
LC-2023-0372441,0,0,0.008122198400749153
LC-2025-0854753,0,0,0.0867692945298627
LC-2023-0264833,0,0,0.2802234299202132
LC-2023-0694492,0,0,0.0849896771217718
LC-2025-0625892,0,0,0.03577696617526121
LC-2024-0202240,0,0,0.007503401765058089
LC-2024-0601563,0,0,0.09192057722637145
LC-2021-0347197,0,0,0.19424035747776422
LC-2024-0256380,0,0,0.02798682594602135
LC-2019-0615516,0,0,0.062034955227173665
LC-2024-0263645,0,0,0.1963992797016368
LC-2019-0357579,0,0,0.05081058570289145
LC-2019-0332363,0,0,0.04081860438600751
LC-2024-0536130,0,0,0.30199855165620687
LC-2021-0442060,0,0,0.00575333397107848
LC-2024-0233687,0,0,0.045584421059386294
LC-2022-0357797,0,0,0.02088870850644152
LC-2021-0022193,0,0,0.06874075586555933
LC-2025-0746324,0,0,0.02353191130940357
LC-2019-0160649,0,0,0.04445925675397948
LC-2025-0329235,0,0,0.04399696252620071
LC-2024-0663205,0,0,0.28007663915045883
LC-2025-0873660,0,0,0.014797556687681011
LC-2024-0236179,0,0,0.45336281635274345
LC-2019-0481462,0,0,0.00022181116910318716
LC-2025-0560989,0,0,0.09125253983172608
LC-2019-0519531,0,0,0.0006457064439692961
LC-2022-0064997,0,0,0.08998699078322384
LC-2021-0624530,0,0,0.0064178158952577615
LC-2019-0052297,0,0,0.02794337711554794
LC-2024-0580392,0,0,0.0014912092409580966
LC-2020-0283476,0,0,0.02115753996291711
LC-2020-0657574,0,0,0.1364153577126535
LC-2021-0335780,0,0,0.009156089513609156
LC-2025-0850103,0,0,0.13684173520035756
LC-2024-0328732,0,0,0.1277203077312048
LC-2024-0494474,0,0,0.013047599011756934
LC-2024-0648891,0,0,0.06575818584033709
LC-2023-0216891,0,0,0.04195025464095247
LC-2023-0536568,0,0,0.05343849991853209
LC-2020-0559201,0,0,0.4276289692078388
LC-2020-0493179,0,0,0.08763903391188707
LC-2023-0605494,0,0,0.011336206306651926
LC-2022-0444512,0,1,0.04275280450378784
LC-2024-0383259,0,0,0.16356425846582195
LC-2021-0643236,0,0,0.00774246081738144
LC-2024-0424459,0,0,0.019858881183959783
LC-2021-0477628,0,0,0.1267380484075373
LC-2022-0433094,0,0,0.08468226618740442
LC-2025-0543014,0,0,0.0002756423486435253
LC-2019-0232497,0,0,0.014225109340288365
LC-2023-0131757,0,0,0.30556466583214953
LC-2021-0465228,0,0,0.2473361327611008
LC-2022-0305369,0,0,0.021883339321391193
LC-2020-0046237,0,0,0.1160301664986192
LC-2020-0503943,0,0,0.2664018847264449
LC-2024-0421157,0,0,0.5473219918882836
LC-2019-0143759,0,0,0.010999176384723884
LC-2021-0461414,0,0,0.0009022373077909242
LC-2020-0163995,0,0,0.10942204390111154
LC-2022-0132872,0,0,0.0031112648810209414
LC-2023-0161748,0,0,0.1416933392277068
LC-2019-0041689,0,0,0.13789698371596543
LC-2024-0602997,0,0,0.05410866387768172
LC-2023-0126943,0,0,0.10633141466448347
LC-2023-0146790,0,0,0.00810744436939515
LC-2024-0302613,0,0,0.43637920824169996
LC-2024-0489718,0,1,0.0021405513552205367
LC-2022-0060163,0,0,0.017103432242036365
LC-2021-0186724,0,0,0.057488874788307553
LC-2023-0717069,0,0,0.2162548996123749
LC-2024-0651951,0,0,0.29798328790307105
LC-2023-0327804,0,0,0.008058790380837764
LC-2024-0727551,0,0,0.11067137873898833
LC-2020-0588684,0,0,0.0342120323014488
LC-2022-0000408,0,0,0.15229294880920438
LC-2019-0345593,0,0,0.05423234830852594
LC-2024-0709874,0,0,0.20688750633425165
LC-2024-0163163,0,0,0.14577058590326522
LC-2019-0363248,0,0,0.03819474093131145
LC-2024-0759761,0,0,0.0002756423486435253
LC-2022-0529047,0,0,0.06829960108987124
LC-2024-0328499,0,0,0.004013132999609228
LC-2024-0574726,0,0,0.25277652004643036
LC-2023-0068132,0,0,0.22219156560930511
LC-2023-0345059,0,0,0.06836983587532625
LC-2020-0144129,0,0,0.10818250836712322
LC-2025-0569192,0,0,0.06214539494288057
LC-2025-0876426,0,0,7.342177634956852e-05
LC-2025-0060447,0,0,0.04173897797861982
LC-2024-0146099,0,1,0.12177483468560522
LC-2025-0143126,0,0,0.24587263554350727
LC-2019-0041691,0,0,0.09499416128971946
LC-2025-0214611,0,0,0.01774609139550327
LC-2021-0167951,0,0,0.0092101737743474
LC-2025-0810742,0,0,0.07003660771892868
LC-2024-0071053,0,0,0.009821349984352891
LC-2025-0652803,0,0,0.08363190614977169
LC-2021-0013883,0,0,0.10121089132035294
LC-2019-0198379,0,0,0.07380409252883538
LC-2021-0208986,0,0,0.001081703704790743
LC-2023-0233441,0,0,0.1485470176401103
LC-2024-0711890,0,0,0.0056183102976252374
LC-2022-0189667,0,0,0.03983415852534894
LC-2023-0659168,0,0,0.14257776681332085
LC-2023-0257414,0,0,0.09104387985393397
LC-2024-0747483,0,0,0.0002756423486435253
LC-2022-0346192,0,0,0.08869404105374891
LC-2022-0061122,0,0,0.007943814952124895
LC-2024-0001276,0,0,7.342177634956852e-05
LC-2019-0301510,0,0,0.02789642638650136
LC-2025-0195598,0,0,0.017999825095604497
LC-2019-0209387,0,0,0.009519319965786054
LC-2023-0161850,0,0,0.10111245555847331
LC-2023-0331704,0,0,7.342177634956852e-05
LC-2021-0053725,0,0,0.20259788383758828
LC-2023-0107491,0,0,0.049941810465292044
LC-2019-0740834,0,0,0.25745284613972985
LC-2024-0635214,0,0,0.17871945789777122
LC-2023-0704408,0,0,0.014109176280891618
LC-2025-0091801,0,0,0.1580551408217038
LC-2019-0607269,0,0,0.06884882782295454
LC-2025-0682088,0,0,0.006284572875411493
LC-2024-0092727,0,0,0.00795095880107521
LC-2023-0175718,0,0,0.13543371852636998
LC-2022-0224822,0,0,0.12244511028634383
LC-2022-0610489,0,0,0.4476722475292679
LC-2025-0151968,0,0,0.01111156851262034
LC-2021-0108699,0,0,0.010199412873963918
LC-2024-0382705,0,0,0.006502333678291205
LC-2023-0045217,0,0,0.2485434290860914
LC-2023-0331046,0,0,0.0002756423486435253
LC-2024-0075790,0,0,0.37065403479987746
LC-2024-0652532,0,0,0.011137427807058418
LC-2023-0159675,0,0,0.043710503329604536
LC-2021-0624464,0,0,0.12817069998428446
LC-2024-0255920,0,0,0.05112403193422208
LC-2020-0098841,0,0,0.13139735641120961
LC-2019-0193790,0,0,0.023441424613619897
LC-2024-0456257,0,0,0.5010948510520778
LC-2023-0191735,0,0,0.14883942097699726
LC-2023-0009305,0,0,0.12237790870578333
LC-2023-0241995,0,0,0.05545078309955992
LC-2022-0264912,0,0,0.09014180766853278
LC-2025-0430586,0,0,0.17279166300615098
LC-2019-0058306,0,0,0.02397899340396416
LC-2025-0554250,0,0,0.030415229730648304
LC-2024-0570578,0,0,0.08343980874610406
LC-2019-0165644,0,0,0.011887189082330229
LC-2025-0062955,0,0,0.010471397562131222
LC-2019-0242799,0,0,0.17550268165813473
LC-2025-0882350,0,0,0.012221265388247424
LC-2025-0687931,0,0,0.003432969860727287
LC-2021-0171590,0,0,0.049737230315072434
LC-2025-0925632,0,0,0.1042405725432895
LC-2025-0232060,0,0,0.11384166442982759
LC-2023-0110041,0,0,0.09886093201251141
LC-2020-0557297,0,0,0.001767524652829872
LC-2019-0660887,0,0,0.03923892928271013
LC-2025-0271757,0,0,0.15554567495008628
LC-2021-0479413,0,0,0.0050115854788643985
LC-2024-0702378,0,0,0.08279727474832427
LC-2024-0700329,0,0,0.07461496004344963
LC-2022-0647593,0,0,0.09438477926710415
LC-2021-0107606,0,0,0.0984390603324256
LC-2024-0208644,0,0,0.01842822061455083
LC-2025-0260996,0,0,0.42863813332245904
LC-2022-0692762,0,0,0.1492560346295643
LC-2020-0069286,0,0,0.32095937689418413
LC-2025-0933047,0,0,0.11133834572955305
LC-2020-0016221,0,0,0.04373783802822786
LC-2023-0326017,0,0,0.143734522642569
LC-2025-0205686,0,0,0.07011356743370775
LC-2024-0000474,0,0,0.01283047301849987
LC-2019-0251041,0,0,0.039903291114910595
LC-2025-0516799,0,0,0.004780033331281579
LC-2020-0187883,0,1,0.20714994900758582
LC-2024-0242649,0,0,0.08621130667663217
LC-2020-0627674,0,0,0.06511010323192017
LC-2024-0301742,0,0,0.13991022682490187
LC-2020-0039341,0,0,0.08832758782028698
LC-2023-0359770,0,0,0.0018144830608513402
LC-2024-0665776,0,0,0.28409453904691
LC-2022-0082532,0,0,0.03414564072212593
LC-2019-0345503,0,0,0.019918261835783067
LC-2023-0087550,0,0,0.001081703704790743
LC-2021-0451332,0,0,0.042632078047844836
LC-2024-0585254,0,0,0.0
LC-2021-0626953,0,0,0.14707873656083606
LC-2019-0687913,0,0,0.029460492215503172
LC-2024-0596554,0,0,0.018856970659551178
HC-2025-0872865,1,0,0.43411242702036923
LC-2025-0764225,0,0,0.001386544434097931
LC-2020-0102438,0,0,0.02017496965083675
LC-2024-0219922,0,0,0.0021405513552205367
LC-2022-0613749,0,0,0.3440627042437166
LC-2021-0588494,0,0,0.0689953391328077
LC-2025-0757571,0,0,0.03986472304535036
LC-2019-0031883,0,0,0.03435979091087648
LC-2024-0198014,0,0,0.020487997494794897
LC-2022-0224074,0,0,0.06426530349993592
LC-2019-0222144,0,0,0.008169341827846044
LC-2023-0627054,0,0,0.1602338423215014
LC-2024-0283468,0,0,0.020155473270097105
LC-2020-0032688,0,0,0.09684304862312318
LC-2024-0297314,0,0,0.005508330507732409
LC-2025-0792763,0,0,0.1552080111972204
LC-2023-0076967,0,0,0.02029463788380773
LC-2022-0314673,0,0,0.027525451855020783
LC-2019-0410112,0,0,0.019828278436241853
LC-2023-0322612,0,0,0.1645305514916034
LC-2025-0932172,0,0,0.11476969938172146
LC-2024-0520593,0,0,0.07651950598403012
LC-2022-0538764,0,0,0.07801748751983376
HC-2019-0138168,1,0,0.3418737993316245
LC-2024-0688828,0,0,0.1447523790151234
LC-2022-0258151,0,0,0.0403544703333091
LC-2025-0607557,0,0,0.0029573134338628103
LC-2025-0069536,0,0,0.13474962893917078
LC-2025-0935878,0,0,0.054119357792038414
LC-2024-0561995,0,0,0.20768792298640917
LC-2019-0226114,0,0,0.11412953971892746
LC-2024-0467062,0,0,0.0016073247417181585
LC-2020-0155450,0,0,0.04369507938785435
LC-2023-0160407,0,0,0.1853677862173698
LC-2024-0317673,0,0,0.07925917338124448
LC-2020-0127036,0,0,0.010016276281266683
LC-2025-0757683,0,0,0.044056918320257016
LC-2025-0685011,0,0,0.06900750042691066
LC-2024-0446392,0,0,0.0742398167169066
LC-2019-0095053,0,0,0.3551562693661651
LC-2022-0650382,0,0,0.10387391471140389
LC-2021-0454703,0,0,0.1870338363239738
LC-2021-0648408,0,0,0.2812289330629089
LC-2019-0175204,0,0,0.005423533024549749
LC-2024-0595675,0,1,0.3011209710444253
LC-2019-0423040,0,0,0.010985753027640557
LC-2024-0274856,0,0,0.12340859562044218
LC-2021-0628664,0,0,0.06994490802979061
LC-2020-0206297,0,0,0.06888928161091591
LC-2022-0646862,0,0,0.3260297509095605
LC-2022-0503751,0,0,0.4683900757050956
LC-2025-0593745,0,0,0.005399403436447575
LC-2023-0237188,0,0,0.03185643874335939
LC-2022-0683902,0,0,0.026007443266267596
LC-2024-0285746,0,0,0.12900825675593983
LC-2020-0109815,0,0,0.020273362305023603
LC-2025-0329321,0,0,0.017369865504649435
LC-2025-0207234,0,0,0.023811763806065783
LC-2023-0654744,0,0,0.0002756423486435253
LC-2025-0246181,0,0,0.018230246817936533
LC-2021-0528848,0,0,0.006685742438144252
LC-2021-0038360,0,0,0.09030945643637675
LC-2022-0401465,0,0,0.41585354618920006
LC-2025-0758263,0,0,0.051687744313708095
LC-2020-0523061,0,0,0.02020445835531676
LC-2025-0937776,0,0,0.01544613267725169
LC-2023-0164318,0,0,0.09181667960208145
LC-2025-0750868,0,0,0.014499304018382342
LC-2024-0029375,0,0,0.358496609504345
LC-2023-0030733,0,0,0.0013383096519604782
LC-2020-0150255,0,0,0.2568126650014721
LC-2025-0753119,0,0,0.18351053968357728
LC-2019-0236625,0,0,0.01911558745896019
LC-2021-0598699,0,0,0.08132663444205881
LC-2025-0054669,0,0,0.12342265646345624
LC-2025-0140157,0,0,0.30180089270861254
LC-2023-0709396,0,0,0.023099172326470532
LC-2021-0301265,0,0,0.015881836199997848
LC-2024-0233113,0,1,0.1439859951430633
LC-2022-0398945,0,0,0.02370202682885779
LC-2019-0298638,0,1,0.03177222498654796
LC-2025-0962973,0,0,0.09916389873174283
LC-2023-0309614,0,0,0.008007179483137176
LC-2022-0625108,0,0,0.20081698363309358
LC-2023-0019154,0,0,0.08640253663536118
LC-2025-0845623,0,0,0.0030355617276179637
LC-2022-0113814,0,0,0.04350170962745006
LC-2024-0130000,0,0,0.005042967141450602
LC-2025-0205180,0,0,0.05779008815054126
LC-2020-0526141,0,1,0.010386987634458323
LC-2023-0609834,0,0,0.0002756423486435253
LC-2024-0190495,0,0,0.06948832376991343
LC-2019-0568314,0,0,0.015657345114010963
LC-2021-0033141,0,0,0.019251910060911637
LC-2020-0542724,0,0,0.01219779386074111
LC-2019-0675587,0,0,0.06577440331868548
LC-2020-0208338,0,0,0.08654657530547037
LC-2019-0608301,0,0,0.021368182140778486
LC-2025-0030296,0,0,0.0078053961626275495
LC-2021-0484179,0,0,7.342177634956852e-05
LC-2024-0502804,0,0,0.0038540148816994173
LC-2020-0603916,0,0,0.0009904891602002567
LC-2023-0622699,0,0,0.0023239318467639853
LC-2024-0213140,0,0,0.005659117203533855
LC-2025-0224271,0,0,0.07048588097201543
LC-2021-0323890,0,0,0.10573589408296993
LC-2023-0414375,0,0,0.010952293929759193
LC-2023-0379480,0,0,0.19787601464239254
LC-2019-0303937,0,0,0.0015274669788910727
LC-2023-0250226,0,0,0.10881534197651349
LC-2021-0402805,0,0,0.047241819825325854
LC-2022-0045205,0,0,0.08984593767275958
LC-2023-0642648,0,0,0.004034444753711737
LC-2023-0104486,0,0,0.13953279557014336
LC-2019-0689883,0,0,0.0288930816675888
LC-2022-0496478,0,0,0.010356777053345888
LC-2022-0357108,0,0,0.148014726101444
LC-2025-0576217,0,0,0.16523217941178317
LC-2024-0192247,0,0,0.030842023817049275
LC-2025-0747807,0,0,0.038652316855904444
LC-2022-0526512,0,0,0.09063990074609625
LC-2021-0513858,0,0,0.0002756423486435253
LC-2019-0302173,0,0,0.07969072316567963
LC-2025-0434032,0,0,0.0002756423486435253
LC-2022-0082833,0,0,0.08026311074887772
LC-2025-0798895,0,0,0.011828386359417985
LC-2020-0021828,0,0,0.08241299795209946
LC-2025-0489003,0,0,0.17890972858106047
LC-2025-0946259,0,0,0.06079107285700763
LC-2024-0630540,0,0,0.1493978675918993
LC-2023-0659627,0,0,0.0002756423486435253
LC-2022-0395235,0,0,0.024838423051809416
LC-2024-0289762,0,0,0.2376604455765499
LC-2020-0263139,0,0,0.010513933976411084
LC-2022-0222632,0,0,0.008819863794635525
HC-2022-0236476,1,0,0.11476338833942167
LC-2022-0349562,0,0,0.07447841932339322
LC-2021-0126553,0,0,0.2321032190879312
LC-2021-0051150,0,0,0.0063369457896576475
LC-2025-0611210,0,0,0.1546227169913809
LC-2025-0456423,0,0,0.02821493697615665
LC-2019-0628860,0,0,0.006284982475288601
LC-2023-0503645,0,0,0.10744865220966768
LC-2019-0072558,0,0,0.030810085647316104
LC-2024-0780543,0,0,0.08808284775413863
LC-2020-0570508,0,1,0.007181526413749725
LC-2019-0110547,0,0,0.3428717530697355
LC-2019-0188832,0,0,0.014549220795486588
LC-2022-0701535,0,0,0.17991558309125238
LC-2025-0393019,0,0,0.01638239864825234
LC-2024-0726045,0,0,0.2271680297158616
LC-2023-0191783,0,0,0.07836078187460513
LC-2024-0633897,0,0,0.059055596753683694
LC-2021-0611902,0,0,0.06280821907651518
LC-2019-0639813,0,0,0.0158252344018825
LC-2019-0164535,0,0,0.10897626272285066
LC-2022-0101277,0,0,0.04392004666608787
LC-2023-0695704,0,0,0.08353633901038383
LC-2020-0619643,0,0,0.0041172003879306205
LC-2025-0972798,0,0,0.020819995825588865
LC-2023-0205847,0,0,0.01730969721118672
LC-2023-0236566,0,0,0.017992136080187102
LC-2019-0075213,0,0,0.033752618709154664
LC-2023-0123223,0,0,0.24897672877690125
LC-2023-0411365,0,0,0.008199579465734429
LC-2022-0204647,0,0,0.06656288643673641
LC-2025-0864435,0,0,0.020814511573952293
LC-2025-0521347,0,0,0.05757536621972759
LC-2021-0378683,0,0,0.08048914614954
LC-2024-0102928,0,0,0.01623623667861569
LC-2024-0060576,0,0,0.07418050722503704
LC-2024-0717036,0,0,0.0004963634299968018
LC-2025-0259883,0,0,0.028031795746797882
LC-2022-0347864,0,0,0.022844795672005782
LC-2019-0281808,0,0,0.0015274669788910727
LC-2023-0550535,0,0,0.01566375247206061
LC-2022-0347979,0,0,0.002353346398537452
LC-2019-0067248,0,0,0.13437719944236826
LC-2021-0379262,0,0,0.18536754764492439
LC-2019-0046649,0,1,0.07562383005510653
LC-2022-0239592,0,0,0.3364443139490488
LC-2019-0608550,0,0,0.01778068422207009
LC-2024-0093086,0,0,0.03615942982625721
LC-2025-0349087,0,0,7.342177634956852e-05
LC-2023-0162933,0,0,0.1828415044667167
LC-2023-0606519,0,0,0.028355456926718304
LC-2024-0389749,0,0,0.19531117093867983
LC-2022-0466272,0,0,0.067233059461308
LC-2020-0464381,0,0,0.34615601601525875
LC-2021-0090121,0,0,0.12054455837654068
LC-2024-0743769,0,0,0.44759063196608934
LC-2025-0265143,0,0,0.29954423465595986
LC-2022-0644030,0,0,0.10932212930395097
LC-2023-0754033,0,0,0.0048951208470084506
LC-2025-0932472,0,0,0.04066228365259018
LC-2022-0349603,0,0,0.20642166872736958
LC-2019-0370686,0,0,0.030679750611288276
LC-2024-0332402,0,0,0.2936010781541686
LC-2022-0409659,0,0,0.033666796153335336
LC-2025-0572350,0,0,0.14653231161523
LC-2025-0793040,0,0,0.09667071414890024
LC-2024-0209870,0,0,0.03431039335742819
LC-2022-0155452,0,0,0.11189101447455123
LC-2021-0014442,0,0,0.13374764673678566
LC-2023-0381559,0,0,0.008024479422628935
LC-2023-0364607,0,0,7.342177634956852e-05
HC-2019-0221769,1,0,0.3811153446073867
LC-2022-0490095,0,0,0.021158543976805215
LC-2021-0122748,0,0,0.18250723432324156
LC-2023-0233962,0,0,0.005823310721419125
LC-2023-0492927,0,0,0.023782078646226435
LC-2019-0820647,0,0,0.008259270228700604
LC-2025-0112604,0,0,0.041722470141932505
LC-2019-0643240,0,0,0.07143147805435913
LC-2025-0015669,0,0,0.06934185125540862
LC-2024-0608539,0,0,0.0002756423486435253
LC-2022-0506270,0,0,0.3298354751708096
LC-2025-0531714,0,0,0.18663992799902596
LC-2024-0193058,0,0,0.02640410727723641
LC-2022-0138735,0,0,0.026155313962090376
LC-2025-0887201,0,0,0.00479819596289951
LC-2024-0160458,0,0,0.006986221553930613
LC-2020-0261903,0,0,0.0724901658914095
LC-2019-0515120,0,0,0.10740100531172268
LC-2023-0275926,0,1,0.12788057490022894
LC-2020-0002854,0,0,0.07731141826259719
LC-2022-0507206,0,0,0.023443533184338262
LC-2020-0568557,0,0,0.022857366155763864
LC-2025-0897551,0,0,0.009761493570173734
LC-2019-0728397,0,0,0.017878907953614367
LC-2020-0651807,0,0,0.02137555877864356
LC-2025-0061227,0,1,0.1032643038681913
LC-2023-0469059,0,0,0.0006985840022907585
LC-2025-0541670,0,0,0.058600290482134915
LC-2024-0435446,0,0,0.14288133640544792
LC-2020-0509387,0,0,0.023227428083278857
LC-2021-0424866,0,0,0.0004229416536472334
HC-2022-0043476,1,0,0.40181424208887784
LC-2025-0887875,0,0,0.16921913700818889
LC-2019-0207227,0,0,0.021547680010917527
LC-2019-0529816,0,0,0.015280816928625113
LC-2023-0205090,0,0,0.12368665787172878
LC-2019-0127758,0,0,0.016245991127655377
HC-2020-0654012,1,0,0.6950371353041944
LC-2025-0530418,0,0,0.01337082599233909
LC-2024-0477450,0,0,0.11909171908412769
LC-2022-0590850,0,0,0.005252522984223018
LC-2022-0291112,0,0,0.07813624047712482
LC-2024-0323613,0,0,0.11861586017802236
LC-2025-0511879,0,0,0.5446776666873052
LC-2025-0105519,0,0,0.0019091203586094957
LC-2025-0307182,0,0,0.07701532610770412
LC-2025-0567158,0,0,0.11111248482065117
LC-2019-0005638,0,0,0.10858504135592793
LC-2025-0963465,0,1,0.06270809073225785
LC-2023-0709447,0,0,0.18010313141210965
LC-2019-0502246,0,0,0.025023712508078822
LC-2023-0152837,0,0,0.1489311511237968
LC-2019-0368361,0,0,0.02487205451264479
LC-2024-0665478,0,0,0.11791531688667471
LC-2025-0552555,0,0,0.15686752448027505
LC-2024-0477208,0,0,0.003821030205028229
LC-2019-0661783,0,0,0.05393738456404128
LC-2021-0046913,0,0,0.08132927617409422
HC-2024-0457052,1,0,0.46909359646020377
LC-2023-0470688,0,0,0.035730173899338344
LC-2024-0564225,0,0,0.0009022373077909242
LC-2024-0684740,0,0,0.17782228390177246
LC-2025-0752871,0,0,0.008759057636276175
LC-2023-0372621,0,0,0.06068191317158831
LC-2019-0683698,0,0,0.06496750925396827
LC-2022-0675109,0,0,0.13415873531773415
LC-2019-0714097,0,0,0.02164693714277394
LC-2019-0518094,0,0,0.3853381488652542
LC-2024-0439805,0,0,0.007492318718391518
LC-2022-0319217,0,0,0.029312716822807765
LC-2025-0953693,0,0,0.1042071992007374
LC-2022-0095211,0,0,0.0
LC-2025-0667809,0,0,0.01469331789499395
LC-2021-0261105,0,0,0.170645141012419
LC-2025-0758533,0,0,0.33606293874982995
LC-2023-0596708,0,0,0.07804240230091149
LC-2023-0327901,0,0,0.004340134485911474
LC-2025-0649381,0,0,0.11988975929601596
LC-2020-0665350,0,0,0.0004963634299968018
LC-2024-0348061,0,0,0.19934706845165476
LC-2019-0776710,0,0,0.07095618180071629
LC-2024-0486393,0,0,0.0029124787384550432
LC-2025-0376795,0,0,0.004396609137701091
LC-2021-0367516,0,0,0.24926483678376116
LC-2020-0681754,0,1,0.004863245843966243
LC-2025-0243471,0,0,0.001803109327534598
LC-2025-0355779,0,0,0.0004963634299968018
LC-2022-0139016,0,0,0.05138928077120547
LC-2019-0359753,0,0,0.048100603199349806
LC-2023-0593672,0,0,0.03096869559706699
LC-2022-0022778,0,0,0.1915745127219893
LC-2022-0143009,0,0,0.13263819228070806
LC-2025-0434012,0,0,0.01789898777634389
LC-2022-0465017,0,0,0.015069931792339442
LC-2020-0559022,0,0,0.12622463790629074
LC-2019-0301806,0,0,0.0011960520195551778
LC-2025-0801667,0,0,0.08611911110875413
LC-2022-0337734,0,0,0.21504167596964227
LC-2019-0151382,0,0,0.06897472252010294
LC-2024-0704207,0,0,0.03506822707052014
LC-2021-0588342,0,0,0.5386532859659925
LC-2024-0540106,0,0,0.1631253386178766
LC-2022-0510901,0,0,0.004040695378563911
LC-2025-0691507,0,0,0.0045694054667196025
LC-2019-0761120,0,0,0.03848272106071912
LC-2023-0634986,0,0,0.017951153101521854
LC-2022-0382439,0,0,0.0002756423486435253
LC-2025-0490864,0,0,0.08420728324335718
LC-2025-0607655,0,0,0.0004963634299968018
LC-2022-0076092,0,0,0.04963646530116447
LC-2019-0746682,0,0,0.040278802120370966
LC-2021-0481137,0,0,0.10755687155318945
LC-2025-0093364,0,0,0.015879529596862067
LC-2019-0300475,0,0,0.09431670079524986
LC-2025-0644526,0,0,0.16072650772502337
LC-2025-0702754,0,0,0.014723849903100827
LC-2022-0214443,0,0,0.11942187829614373
LC-2020-0127262,0,0,0.1292387801050542
LC-2025-0811648,0,0,0.18577317198133458
LC-2024-0089815,0,0,0.15164891467940328
LC-2022-0020525,0,0,0.014447253002418378
LC-2022-0567456,0,0,0.001081703704790743
LC-2024-0572933,0,0,0.01048691980920302
LC-2025-0307633,0,0,0.09174536452932251
LC-2020-0318245,0,0,0.14919481460829298
LC-2019-0065928,0,0,0.02752849728942519
LC-2023-0067779,0,0,0.08845137399973459
LC-2024-0008991,0,0,0.0938300900878491
LC-2020-0486012,0,0,0.050304085454505564
HC-2025-0726081,1,0,0.30396107477779544
LC-2023-0180420,0,0,0.03230724925499763
LC-2019-0045905,0,0,0.21044679776025935
LC-2020-0617976,0,0,0.18776346893779702
LC-2021-0513420,0,0,0.09240929339684661
LC-2025-0516802,0,0,0.0004963634299968018
LC-2023-0574151,0,0,0.003497976272003132
LC-2023-0173231,0,0,0.38411156757065384
LC-2024-0192994,0,0,0.050076778847656
LC-2022-0489560,0,0,0.03337043588502354
LC-2022-0293262,0,0,0.05087646349670158
LC-2025-0793630,0,0,0.1113698086123113
LC-2025-0962187,0,0,0.08189296301543741
LC-2019-0829717,0,0,0.010168592179368592
LC-2019-0466799,0,0,0.060943950327185546
LC-2019-0495035,0,0,0.1251046318740617
LC-2019-0807128,0,0,0.10493505237614321
LC-2022-0147865,0,0,0.05229833253278174
LC-2025-0901182,0,0,0.19881771222288044
LC-2025-0685329,0,0,0.0016677120367455188
LC-2022-0088707,0,0,0.0590670131404706
LC-2019-0659084,0,0,0.014032069437007723
LC-2024-0265646,0,0,0.22155164464548796
LC-2022-0353072,0,0,0.0037842187615540453
LC-2024-0497293,0,0,0.08570768854892348
LC-2024-0556898,0,0,0.009422415078471049
LC-2021-0635688,0,0,0.0027830775970145074
LC-2021-0404789,0,0,0.003342232915403535
LC-2023-0351535,0,0,0.0631179960769966
LC-2025-0124413,0,0,0.024402544944993932
LC-2024-0500677,0,0,0.24710310972850003
LC-2019-0423160,0,0,0.022425687121072627
LC-2022-0298412,0,0,0.5573278545424124
LC-2022-0492790,0,0,0.041353036323410634
LC-2025-0557678,0,0,0.0037812444965639545
LC-2025-0906911,0,0,0.09490030710963811
LC-2025-0707918,0,0,0.014284062408275032
HC-2025-0285427,1,0,0.45317627180036696
LC-2023-0141590,0,0,0.08896935403684353
LC-2025-0814953,0,0,0.0198280077322578
LC-2024-0407904,0,0,0.05281535901033145
LC-2019-0410383,0,0,0.015460609281961295
LC-2019-0543792,0,0,0.038901853148998154
LC-2021-0326492,0,0,0.09081703541505258
LC-2024-0722128,0,0,0.09681189617047765
LC-2019-0481946,0,0,0.05513087757697522
LC-2024-0615396,0,0,0.004809336222358578
LC-2019-0014503,0,0,0.02585186723906257
LC-2024-0595854,0,0,0.0021405513552205367
LC-2020-0570314,0,0,0.009498384005241509
LC-2022-0148582,0,0,0.04091730529131787
LC-2020-0136526,0,0,0.08177369738420809
LC-2025-0159302,0,0,0.04414658980014191
LC-2025-0494475,0,0,0.29505283921342834
LC-2025-0093610,0,0,0.0004963634299968018
LC-2023-0547526,0,0,0.10140918513179623
LC-2023-0387092,0,0,0.13487977582546148
LC-2024-0266450,0,0,0.07725800886648804
LC-2025-0821947,0,0,0.02530143740811605
LC-2022-0689680,0,0,0.26629406839682584
LC-2023-0276345,0,0,0.10529604496163536
LC-2025-0948620,0,0,0.01037431882577379
LC-2021-0373017,0,0,0.1905563851050472
LC-2025-0227226,0,0,0.10771784778696065
LC-2023-0598891,0,0,0.0033849512386065882
LC-2023-0571685,0,0,0.19379777896377198
LC-2025-0725832,0,0,0.002296583234287832
LC-2022-0645738,0,0,0.0009140828300562965
LC-2022-0073607,0,0,0.019545738140541103
LC-2025-0684108,0,0,0.020083839529733482
LC-2019-0236589,0,0,0.009553474308846755
LC-2024-0043648,0,0,0.15750150572435398
LC-2023-0677943,0,0,0.018656202805892336
LC-2025-0695610,0,0,0.024057370218811314
LC-2022-0308836,0,0,0.001081703704790743
LC-2025-0356858,0,0,0.17325211449194033
LC-2019-0372493,0,0,0.020793660678280305
LC-2022-0665827,0,0,0.05203727850796692
LC-2019-0251087,0,0,0.018880891702849886
LC-2023-0430383,0,0,0.15895458380014327
LC-2024-0054118,0,0,0.07964624121807201
LC-2025-0964625,0,0,0.1346522962415143
LC-2021-0552311,0,0,0.011138708417920092
LC-2020-0004991,0,0,0.07600369177647408
LC-2023-0722232,0,0,0.03208462521664024
LC-2022-0132650,0,0,0.2019539722785473
LC-2023-0061014,0,0,0.014260590898811343
LC-2023-0680735,0,0,0.0
LC-2023-0279138,0,0,0.058825233594270984
LC-2025-0491462,0,0,0.12632670408022093
LC-2019-0143645,0,0,0.0369070758757101
LC-2019-0785624,0,0,0.0004229416536472334
LC-2021-0517080,0,0,0.1089213384468822
LC-2024-0495870,0,0,0.3094742850556451
LC-2023-0525585,0,0,0.13195443963833237
LC-2025-0837343,0,0,0.042646775229364546
LC-2025-0862213,0,0,0.3239264319731283
LC-2019-0608642,0,0,0.06444950977581086
LC-2021-0181381,0,0,0.34836038647521833
LC-2025-0685589,0,0,0.03427478521860007
LC-2019-0130456,0,0,0.011634175444098742
LC-2025-0934342,0,0,0.20677263569387466
LC-2024-0418927,0,0,0.42479927146920377
LC-2022-0587507,0,0,0.027471171047700166
LC-2024-0095631,0,0,0.09666235917115239
LC-2023-0274710,0,0,0.0002756423486435253
LC-2020-0642343,0,0,0.10643866544001365
LC-2023-0213828,0,0,0.08562195965577286
LC-2024-0026863,0,0,0.01785562216018271
LC-2022-0072060,0,0,0.16671904741973656
LC-2024-0555808,0,0,0.010673920201037183
LC-2023-0593330,0,0,0.06156160408734223
LC-2022-0185278,0,0,0.1449222336461272
LC-2024-0413452,0,0,0.00856853624115128
LC-2025-0175679,0,0,0.006340139553441868
LC-2025-0733427,0,0,0.08113523667647092
LC-2023-0318728,0,0,0.0002756423486435253
LC-2020-0665623,0,0,0.0053488752447186485
LC-2024-0081514,0,0,0.07405087751789827
LC-2019-0153063,0,0,0.021107631338072953
LC-2019-0655809,0,0,0.04428620901649552
LC-2024-0632949,0,0,0.3474486250837866
LC-2022-0400801,0,0,0.08418167650540812
LC-2025-0224539,0,0,0.04797327794495849
LC-2023-0615939,0,0,0.06582904167623058
LC-2023-0408381,0,0,0.12580907705428784
LC-2023-0181157,0,0,0.07894361573181526
LC-2025-0258323,0,0,0.008985460057606979
LC-2019-0739833,0,0,0.0
LC-2022-0117063,0,0,0.033703192388986565
LC-2025-0885479,0,0,0.0043303909028240654
LC-2022-0605568,0,0,0.10978372859490396
LC-2019-0366474,0,0,0.014600386175103763
LC-2022-0412580,0,0,0.0938413060130527
LC-2022-0216238,0,0,0.08845895602315655
LC-2022-0478366,0,0,0.11925866332344016
LC-2021-0522185,0,0,0.24786296708755412
LC-2023-0449710,0,0,0.0009140828300562965
LC-2023-0696425,0,0,0.030481335260063393
LC-2021-0034120,0,0,0.011428750641072526
LC-2024-0336121,0,0,0.003705859181070617
LC-2021-0173404,0,0,0.015191317080200405
LC-2025-0247923,0,0,0.029605219853491203
LC-2025-0430470,0,0,0.594788000288215
LC-2024-0523558,0,0,0.1108436598675383
LC-2023-0473962,0,0,0.089865377130964
LC-2021-0440603,0,0,0.2517209278009291
LC-2022-0702697,0,0,0.3988616550272826
LC-2021-0189763,0,0,0.0013131226577483626
LC-2021-0007946,0,0,0.09832252139807206
LC-2025-0460496,0,0,0.01163483369677393
LC-2019-0754452,0,0,0.0004229416536472334
LC-2022-0393555,0,0,0.0019515631391611337
LC-2022-0428109,0,0,0.17818379940418957
LC-2021-0115161,0,0,0.1645726287212498
LC-2022-0060538,0,0,0.029466897360502585
LC-2022-0606205,0,0,0.3310765786117534
LC-2025-0827760,0,0,0.003321576481850537
LC-2024-0432928,0,0,0.01343075495992752
LC-2020-0472376,0,0,0.16221408696522846
LC-2024-0101927,0,0,0.19967071926862925
LC-2025-0033967,0,0,0.17966636476816236
LC-2025-0243661,0,0,0.15250016018216542
LC-2025-0399236,0,0,7.342177634956852e-05
LC-2023-0401870,0,0,0.042352272817736944
LC-2019-0283932,0,0,0.03966939896072724
LC-2019-0633196,0,0,0.0779373561454473
LC-2024-0033884,0,0,0.0009904891602002567
LC-2023-0751723,0,0,0.0002756423486435253
LC-2023-0378541,0,0,0.2877551450699089
LC-2025-0872657,0,0,0.10684304771459675
LC-2024-0346467,0,0,0.1092835953066084
LC-2021-0516587,0,0,0.0006985840022907585
LC-2023-0033377,0,0,0.34356913971740405
LC-2022-0134521,0,0,0.2434023289900971
LC-2024-0692003,0,0,0.012246479619125148
LC-2019-0188457,0,0,0.10360328189397845
LC-2025-0953279,0,0,0.11837605599838336
LC-2023-0334564,0,0,0.1789115859579812
LC-2022-0229658,0,0,0.07944638241253135
LC-2019-0590056,0,0,0.012317712164014671
LC-2024-0679140,0,0,0.14144642590582288
LC-2020-0056959,0,0,0.13799336982684396
LC-2024-0060395,0,0,0.03728330994888665
LC-2024-0419722,0,0,0.3309928085935494
LC-2022-0259621,0,0,0.20724274181209754
LC-2022-0591359,0,1,0.03258575141151792
LC-2021-0166093,0,0,0.21642061333574017
LC-2023-0733203,0,0,0.013056307668947614
LC-2020-0150271,0,0,0.06573652720487702
LC-2021-0629323,0,0,0.07584338193020279
LC-2025-0096024,0,0,0.0002756423486435253
LC-2025-0309756,0,0,0.024684457855115208
LC-2024-0686770,0,0,0.1873152209616504
LC-2022-0070368,0,0,0.003298502172707008
LC-2024-0655924,0,0,0.11364190007151809
LC-2025-0810382,0,0,0.07353009144225058
LC-2023-0097613,0,0,0.011668353710565928
LC-2019-0522174,0,0,0.01565019478892755
LC-2021-0342174,0,0,0.14077228206115153
LC-2024-0743826,0,0,0.04608950056894949
LC-2025-0158367,0,0,0.016968615508699842
LC-2022-0633650,0,0,0.008457661473739051
LC-2019-0479263,0,0,0.01528837517801905
LC-2022-0390708,0,0,0.43033454686050626
LC-2019-0766795,0,0,0.005177758464810029
LC-2019-0071515,0,0,0.05649576055817093
LC-2019-0560272,0,0,0.021925697853683257
LC-2024-0463318,0,0,0.012334534199144985
LC-2024-0058165,0,0,0.3451948061065082
LC-2019-0545665,0,0,0.0040498481039186116
LC-2024-0725892,0,0,0.19966718450656476
LC-2023-0177061,0,0,0.08574505614404927
LC-2024-0537790,0,0,0.07499398396343065
LC-2023-0684286,0,0,0.07159982541680254
LC-2022-0631724,0,0,0.33686457374205453
LC-2024-0310281,0,0,0.002067129578870968
LC-2025-0433530,0,0,0.0052859850364862845
LC-2023-0537339,0,0,0.3445982811188557
LC-2025-0513363,0,0,0.09067773199679596
LC-2024-0503570,0,0,0.003502986108386147
LC-2025-0623030,0,1,0.0436825896115469
LC-2022-0273685,0,0,0.06145405011538897
LC-2022-0098955,0,0,0.09081226943138283
LC-2022-0132909,0,0,0.10127018511546075
LC-2023-0045469,0,0,0.08476237625257513
LC-2024-0368258,0,0,0.0002756423486435253
LC-2022-0361298,0,0,0.031318955294812045
LC-2019-0054674,0,0,0.006362474994054741
LC-2019-0389569,0,0,0.20957086800367972
LC-2021-0597412,0,0,0.1514415536567593
LC-2021-0018395,0,0,0.20458796233458135
LC-2024-0743219,0,0,0.16334451246858822
LC-2019-0357162,0,0,0.10677999633201947
LC-2022-0114885,0,0,0.1266235427926295
LC-2024-0709538,0,0,0.2657948794038181
LC-2023-0612650,0,0,0.07255811554311455
LC-2021-0575606,0,0,0.048404554803807925
LC-2019-0213587,0,0,0.048453373787734774
LC-2023-0298548,0,0,0.0004963634299968018
LC-2024-0404388,0,0,0.004978334835954661
LC-2021-0485434,0,0,0.5752463339401427
LC-2024-0108086,0,0,0.0009153679983132447
LC-2022-0636095,0,0,0.003618908885559761
LC-2019-0547054,0,0,0.028647852886426163
LC-2025-0242775,0,0,0.10015733545112336
LC-2024-0514231,0,0,0.0019639901084484357
LC-2024-0283798,0,0,0.11294489323842008
LC-2023-0369319,0,0,0.0006985840022907585
LC-2021-0499805,0,0,0.19055637476916637
LC-2023-0693467,0,0,0.4803102309760021
LC-2025-0327965,0,0,0.4787885469889519
LC-2021-0512090,0,0,0.4170528375480533
LC-2025-0872255,0,0,0.0007952155505291389
LC-2019-0367795,0,1,0.04331261518380484
LC-2023-0480157,0,0,0.05582440408862868
LC-2024-0383062,0,0,0.002353346398537452
LC-2019-0535069,0,0,0.032323788989178995
LC-2025-0028352,0,0,0.062312187680986814
LC-2022-0050266,0,0,0.06280791700235622
LC-2021-0459267,0,0,0.048155675806083986
LC-2024-0234222,0,0,0.279724481350598
LC-2024-0079052,0,0,0.0004963634299968018
LC-2024-0672877,0,0,0.0769296729335029
LC-2021-0589215,0,0,0.01134303538001131
LC-2019-0476747,0,0,0.11343574777314082
LC-2025-0900772,0,0,0.04443299503825724
LC-2021-0542728,0,0,0.05531355657504962
LC-2024-0538593,0,0,0.12568982642089022
LC-2021-0070204,0,0,0.08188287939492297
LC-2021-0540186,0,0,0.06921872623858852
LC-2022-0005271,0,0,0.03916287160360295
LC-2022-0210033,0,0,0.0006384404814127712
LC-2024-0356332,0,0,0.0061000067597506025
LC-2025-0177585,0,0,0.06876480568635907
LC-2025-0463979,0,0,0.20841863013485162
LC-2025-0117840,0,0,0.017857314068557683
LC-2021-0058484,0,0,0.0823629494524207
LC-2020-0470436,0,0,0.06955158361964471
LC-2025-0289743,0,0,0.02169355887601178
LC-2023-0184422,0,0,0.0004963634299968018
LC-2019-0163957,0,0,0.07689476669126111
LC-2023-0185230,0,0,0.08078707878736312
LC-2024-0291772,0,0,0.29253772548529133
LC-2022-0676235,0,0,0.0007118622577623397
LC-2019-0483972,0,0,0.0004229416536472334
LC-2019-0419219,0,0,0.016558765120381756
LC-2023-0664545,0,0,0.05852665480667877
LC-2024-0075115,0,0,0.03415666213858488
LC-2019-0812215,0,0,0.07759486175177278
LC-2023-0054643,0,0,0.20846207238222267
LC-2024-0507363,0,0,0.01923499049113699
LC-2023-0147629,0,0,0.04952592622134613
LC-2024-0399002,0,0,0.09077743465130872
LC-2019-0070748,0,0,0.054859062522309265
LC-2019-0251314,0,0,0.051705653387905774
LC-2022-0438818,0,0,0.0011321891251130582
LC-2021-0046698,0,0,0.08294437020055319
LC-2021-0532449,0,0,0.11363706310022811
LC-2025-0383174,0,0,0.001081703704790743
LC-2025-0838312,0,0,0.031827110404492806
LC-2020-0577396,0,0,0.065329217688205
LC-2024-0779299,0,0,0.14677029903170172
LC-2024-0689736,0,0,0.0821416798560583
LC-2023-0098274,0,0,0.059433461870783716
LC-2021-0149102,0,0,0.3726962206876985
LC-2021-0392924,0,0,0.035392760051199255
LC-2025-0494629,0,0,0.0018810473661358563
LC-2021-0099283,0,0,0.050573303100936016
LC-2025-0276463,0,0,0.07565628330123285
LC-2024-0628153,0,0,0.027567785360560464
LC-2023-0703598,0,0,0.1600180464788892
LC-2022-0175524,0,0,0.09445037318834255
LC-2022-0658177,0,0,0.17881691468703756
LC-2022-0271119,0,0,0.052526741923852434
LC-2025-0370887,0,0,0.014459174812862328
LC-2020-0037688,0,0,0.0668571706393291
LC-2023-0406092,0,0,0.012151927743433813
LC-2024-0297785,0,0,0.2015315942026831
LC-2025-0944278,0,0,0.016384343238536648
LC-2019-0445837,0,0,0.037919087049989246
LC-2023-0189971,0,0,0.43985593563628617
LC-2020-0235285,0,0,0.06547556646038843
LC-2022-0290163,0,0,0.23816755418937918
LC-2022-0656341,0,0,0.11885039511138369
LC-2021-0492857,0,0,0.0004229416536472334
LC-2022-0140353,0,0,0.0
LC-2022-0127413,0,0,0.06698353100451619
LC-2023-0705705,0,0,0.02255247232117186
LC-2023-0136970,0,0,0.060710812995653826
LC-2024-0419611,0,0,0.010967392869968024
LC-2024-0754424,0,0,0.009499702016092744
LC-2023-0733664,0,0,0.0043303909028240654
LC-2022-0045073,0,0,0.09043865057819563
LC-2019-0284288,0,0,0.018556127764775648
LC-2023-0628441,0,0,0.3152166916925203
LC-2021-0441617,0,0,0.0008288155314413557
LC-2019-0525494,0,0,0.060232911264449684
LC-2021-0048768,0,0,0.3270581685755191
LC-2025-0454682,0,0,0.2053210028310654
LC-2021-0648946,0,0,0.09860765496638539
LC-2019-0459311,0,0,0.01973608778686351
LC-2025-0605506,0,0,0.021509099685568647
LC-2021-0569526,0,0,0.10844147211314867
LC-2022-0584885,0,0,0.3097006122348353
LC-2022-0578323,0,0,0.2938544388449437
LC-2024-0451150,0,0,0.010692054412654261
LC-2022-0316598,0,0,0.10239286869733163
LC-2021-0150764,0,0,0.0858511783110162
LC-2022-0431528,0,0,0.008415760629844836
LC-2023-0528039,0,0,0.0036541115949330154
LC-2021-0098414,0,0,0.08025096043783109
LC-2024-0582149,0,0,0.1618234526636524
LC-2020-0291636,0,0,0.19770410802199287
LC-2020-0485502,0,0,0.01948908227624695
LC-2025-0477073,0,0,0.02456415605755501
LC-2019-0619269,0,0,0.09091474547323664
LC-2019-0307325,0,0,0.03843922212813315
LC-2019-0691629,0,0,0.027830884429210234
LC-2021-0566797,0,0,0.14067805082037985
LC-2025-0392334,0,0,0.0062783601062141
LC-2024-0168377,0,0,0.1637795321759233
LC-2023-0556064,0,0,0.19278851652536486
LC-2022-0063238,0,0,0.001405600003229118
LC-2024-0739967,0,0,0.007673591825089327
LC-2019-0367933,0,0,0.011627924071603743
LC-2025-0788033,0,0,7.342177634956852e-05
LC-2025-0266585,0,0,0.13040332075621436
LC-2024-0568567,0,0,0.004011863592556331
LC-2019-0767625,0,0,0.007896176203068908
LC-2023-0453815,0,0,0.19671641353586927
LC-2025-0472939,0,0,0.1475488651895618
LC-2023-0405221,0,0,0.0015213738598349247
LC-2021-0424718,0,0,0.23519714107879705
LC-2021-0484229,0,0,0.09464311174360171
LC-2019-0375233,0,0,0.07703881715974922
LC-2025-0194818,0,0,0.45744210029722077
LC-2025-0057889,0,0,0.03774888393183163
LC-2019-0507811,0,0,0.04046273452134945
LC-2022-0297493,0,0,0.04206421670418234
LC-2019-0200171,0,0,0.02719422266416562
LC-2023-0405147,0,0,0.23326101731236626
LC-2020-0453503,0,0,0.05681328204877614
LC-2025-0222296,0,0,0.051893816186804706
LC-2019-0820359,0,0,0.030735107202103436
LC-2024-0157308,0,0,0.07822594282762979
LC-2024-0622202,0,0,0.02486022717838619
LC-2019-0540757,0,0,0.030833256118188546
LC-2023-0391935,0,0,0.03469121136290342
LC-2025-0048029,0,0,0.1417110642293158
LC-2024-0722389,0,0,0.012662831964072125
LC-2021-0596781,0,0,0.2062088903756332
LC-2023-0400122,0,0,0.1620919501487198
LC-2023-0250697,0,0,0.0006384404814127712
LC-2020-0467318,0,0,0.18932740363224768
LC-2020-0648060,0,0,0.01891740905074733
LC-2024-0461957,0,0,0.07927808028688146
LC-2019-0239355,0,0,0.016098780545714585
LC-2025-0779181,0,0,0.0030127856754782125
LC-2021-0520776,0,0,0.08508138258785496
LC-2022-0587707,0,0,7.342177634956852e-05
LC-2025-0145049,0,0,0.5775910429265494
LC-2019-0549888,0,0,0.016454089860667903
LC-2023-0345831,0,0,0.09503391735837502
LC-2021-0221715,0,0,0.006369582849971245
LC-2024-0040024,0,0,0.001553808479726016
LC-2025-0133497,0,0,0.046383672083085976
LC-2024-0695743,0,0,0.05427654297302489
LC-2024-0610671,0,0,0.045740276937066005
LC-2024-0593947,0,0,0.006747502867042792
LC-2021-0082777,0,0,0.08950813867332574
LC-2024-0705204,0,0,0.0004229416536472334
LC-2021-0398903,0,0,0.004059824814238208
LC-2024-0769490,0,0,0.09852109120146425
LC-2022-0602481,0,0,0.00555277727977049
LC-2024-0538322,0,0,0.10085322650500508
LC-2022-0291189,0,0,7.342177634956852e-05
LC-2023-0593660,0,0,0.018903365651633863
LC-2020-0141101,0,0,0.12818987974141702
LC-2024-0733144,0,0,0.1101023556604445
LC-2022-0607476,0,0,0.11535274671314104
LC-2023-0417415,0,0,0.025251240087695765
LC-2023-0244724,0,0,0.0006985840022907585
LC-2025-0343499,0,0,0.025467503607958467
LC-2019-0451980,0,0,0.1674607957678111
LC-2021-0337974,0,0,0.009161518249063232
LC-2024-0617534,0,0,0.12476099734716486
LC-2019-0285173,0,0,0.06576647319637324
LC-2020-0381694,0,0,0.114037426526369
LC-2024-0028253,0,0,0.0006985840022907585
LC-2024-0605060,0,0,0.004317393635025032
LC-2023-0047683,0,0,0.13970734765126178
LC-2020-0647397,0,0,0.002353346398537452
LC-2021-0594786,0,0,0.29014758687630626
LC-2025-0785582,0,0,0.11654144564051391
LC-2025-0622914,0,0,0.09376750278657646
LC-2025-0921751,0,0,0.08315587534412151
LC-2021-0481814,0,0,0.21815805673057945
LC-2021-0601405,0,0,0.2615949401297927
LC-2022-0147833,0,0,0.4599148132889281
LC-2025-0052184,0,0,0.3881283503728031
LC-2023-0506558,0,0,0.14632935436044658
LC-2025-0140657,0,0,0.016110936647338897
LC-2024-0578311,0,0,0.1565089163448806
LC-2024-0230696,0,1,0.008221368433075242
LC-2020-0547999,0,0,0.0002756423486435253
LC-2023-0330601,0,0,0.0543579190921525
LC-2019-0704458,0,0,0.16407635477735752
LC-2024-0497858,0,0,0.05130533638425328
LC-2024-0081745,0,0,0.10624364512159862
LC-2025-0873575,0,0,0.021970494501694478
LC-2021-0127299,0,0,0.45390169437736033
LC-2024-0578023,0,0,0.3457733648399017
LC-2023-0302685,0,0,0.0747098184108089
LC-2021-0276680,0,0,0.2320744337640479
LC-2020-0497283,0,0,0.36462503201262436
LC-2025-0302087,0,0,0.06629180873527143
LC-2024-0087643,0,0,0.01453792904874091
LC-2023-0598398,0,0,0.06151998283459838
LC-2023-0392314,0,0,0.04416252012036837
LC-2025-0968076,0,0,0.16132981662345144
LC-2019-0555398,0,0,0.018432145499183993
LC-2025-0743512,0,0,0.009842432430714027
LC-2020-0298774,0,0,0.0730132290586944
LC-2023-0181104,0,0,0.07448039575601262
LC-2021-0546073,0,0,0.04132051104138604
LC-2020-0560245,0,0,0.09019822380848291
LC-2022-0208217,0,0,0.10615266915547501
LC-2019-0215995,0,0,0.073678915906273
LC-2019-0349751,0,0,0.021814847008337135
LC-2019-0252501,0,0,0.0
LC-2020-0151261,0,0,0.04741376784522178
LC-2025-0127219,0,0,0.047346552237770956
LC-2023-0325540,0,0,0.4147487067378468
LC-2024-0638466,0,0,0.0721923870003036
LC-2025-0835297,0,0,0.08862702710036868
LC-2022-0054150,0,0,0.19695499147817006
LC-2019-0283816,0,0,0.07455558009886558
LC-2022-0379068,0,0,0.0006251622259411901
LC-2022-0249117,0,0,0.11198499309161468
LC-2025-0440970,0,0,0.057930835591807055
LC-2020-0054395,0,0,0.09100669307057195
LC-2024-0273677,0,0,0.0006985840022907585
LC-2023-0583277,0,0,0.2247989633562479
LC-2019-0179179,0,0,0.017478520673922672
LC-2023-0535960,0,0,0.02824548279856248
LC-2025-0524325,0,0,0.03901204275114198
LC-2022-0304179,0,0,0.027533057477020367
LC-2025-0056911,0,0,0.12967926723722387
LC-2025-0370474,0,0,0.02300589171996357
LC-2023-0159647,0,0,0.2154583534002347
LC-2021-0607736,0,0,0.1550026319710031
LC-2020-0294689,0,0,0.4932289980312106
LC-2024-0273452,0,0,0.2764781867689468
LC-2025-0004551,0,0,0.3720539824420465
LC-2023-0076470,0,0,0.01135495628136209
LC-2021-0501841,0,0,0.004860534079933213
LC-2023-0599959,0,0,0.02195157623105871
LC-2022-0007121,0,0,0.03076686415118983
LC-2019-0160195,0,0,0.03859511061638022
LC-2024-0108296,0,0,0.2188721842292314
LC-2025-0165577,0,0,0.01634650727287868
LC-2025-0967190,0,0,0.014573021573354255
LC-2024-0257605,0,0,0.010075996518435071
LC-2021-0339331,0,0,0.14603708876904192
LC-2020-0438388,0,0,0.03333511907669054
LC-2025-0898922,0,0,0.04240455681102518
LC-2022-0415879,0,0,0.21061681172573454
HC-2021-0202053,1,1,0.6690896295693928
LC-2025-0915308,0,0,0.296047998452301
LC-2024-0127924,0,0,0.18149873613389006
LC-2025-0123908,0,0,0.19424323342301214
LC-2024-0582650,0,0,0.040154219679526836
LC-2021-0090232,0,0,0.19211945185571686
LC-2024-0199674,0,0,0.012950897039597856
LC-2022-0511394,0,0,0.002441910122304809
LC-2020-0629795,0,0,0.035087934628667515
LC-2025-0670016,0,0,0.002935023715700603
LC-2024-0286941,0,0,0.1935040004382019
LC-2024-0536960,0,0,0.0991578528287721
LC-2022-0068336,0,0,0.15713630072548174
LC-2024-0075303,0,0,0.24482952943088437
LC-2019-0257188,0,0,0.02180847442983471
LC-2023-0012372,0,0,0.06790329623587535
LC-2025-0327360,0,0,0.02502308579350619
LC-2021-0399729,0,0,0.004073172877115777
LC-2025-0813697,0,0,0.15043643225281775
LC-2022-0407992,0,0,0.08972893706105886
LC-2024-0345256,0,0,0.08489208606904794
LC-2025-0351137,0,0,0.04674173525170747
LC-2025-0705722,0,0,0.01137222116103279
LC-2025-0742323,0,0,0.012215050226737342
LC-2022-0261357,0,0,0.09460592768122343
LC-2024-0785687,0,0,0.1279855894505116
LC-2022-0076556,0,0,0.0011045253252438395
LC-2022-0217688,0,0,0.029866573345099744
LC-2022-0307703,0,0,0.2904265867520424
LC-2021-0544287,0,0,0.0234851163823748
LC-2024-0074161,0,0,0.09105223075097539
LC-2019-0399369,0,0,0.004521809313870135
LC-2020-0065364,0,0,0.10645973714205499
LC-2024-0403250,0,0,0.12030295925388375
LC-2023-0352930,0,0,0.07488819503698133
LC-2021-0147224,0,0,0.15121580235048193
LC-2025-0002509,0,0,0.25210815627806016
LC-2019-0404192,0,0,0.030464148980649065
LC-2024-0749624,0,0,0.20901230399115836
LC-2019-0531366,0,0,0.08559052721949191
LC-2020-0150015,0,0,0.0837137286838092
LC-2024-0108791,0,0,0.11290406798642451
LC-2020-0636656,0,0,0.02732610593997808
LC-2020-0497249,0,0,0.08458996585465725
LC-2024-0700884,0,0,0.0009904891602002567
LC-2020-0245091,0,0,0.08620648913598808
LC-2019-0093432,0,0,0.005853422477892496
LC-2023-0016355,0,0,0.015461183222088842
LC-2023-0157245,0,0,0.09269128819391005
LC-2025-0224053,0,0,0.08396400886860565
LC-2019-0016278,0,0,0.054264813251176186
LC-2024-0073551,0,0,0.12463434706241337
LC-2024-0233610,0,0,0.0007876922712552258
LC-2019-0354351,0,0,0.10898663421521683
LC-2024-0719547,0,0,0.1505601466318259
LC-2023-0671283,0,0,0.07931758089597725
LC-2024-0059792,0,0,0.19002206018351128
LC-2019-0426121,0,0,0.03225358959846075
LC-2019-0271815,0,0,0.012670483213808233
LC-2024-0474890,0,0,0.1538686474063823
LC-2023-0182938,0,0,0.06935310663495643
LC-2019-0197269,0,0,0.05265256152238653
LC-2019-0751554,0,0,0.021722042226637317
LC-2021-0248232,0,0,0.0002756423486435253
LC-2023-0732929,0,0,0.2577519622737291
LC-2022-0367489,0,0,0.05235729957897399
LC-2022-0045109,0,0,0.09610572364660738
LC-2019-0768531,0,0,0.02527720366282045
LC-2022-0613000,0,0,0.03324937547271544
LC-2019-0148106,0,0,0.10959951815407504
LC-2020-0638399,0,0,0.008119129723164876
HC-2024-0384460,1,0,0.37263990364063093
LC-2023-0724654,0,0,0.017433398815250065
LC-2023-0251075,0,0,0.11674183955402206
LC-2023-0137730,0,0,0.23917246854004443
LC-2020-0112269,0,0,0.011141217911548866
LC-2022-0117149,0,0,0.07230551544387118
LC-2023-0248350,0,0,0.03755003780848516
LC-2020-0202209,0,0,0.08511531655276641
LC-2023-0243794,0,0,7.342177634956852e-05
LC-2020-0481695,0,0,0.10861649326186573
LC-2023-0673218,0,0,0.015245709788929836
LC-2025-0036039,0,0,0.18689139476240346
LC-2024-0398779,0,0,0.09213670539583312
LC-2020-0548736,0,0,0.008365884251239115
LC-2020-0446400,0,0,0.023590620471898034
LC-2022-0353082,0,0,0.0004963634299968018
LC-2025-0424468,0,0,0.018943803486072983
LC-2021-0248761,0,0,0.05825069937895256
LC-2020-0241929,0,0,0.07515043061012251
LC-2021-0405868,0,0,0.015300153397586034
LC-2019-0728964,0,0,0.030990558166918827
LC-2022-0086695,0,0,0.027975804687714857
LC-2022-0086378,0,0,0.00777529202097993
LC-2023-0074264,0,0,0.5356198308478018
LC-2019-0096162,0,0,0.03118553196145026
LC-2021-0555667,0,0,0.09723775117678013
LC-2020-0438463,0,0,0.04537390334598519
LC-2021-0500565,0,0,0.007605620083759121
LC-2025-0104845,0,0,0.11331680943770923
LC-2020-0476727,0,0,0.1692401650663383
LC-2019-0362622,0,0,0.04267750193059868
LC-2021-0260152,0,0,0.07670828323322162
LC-2019-0665076,0,0,0.026991788092169254
LC-2019-0803502,0,0,0.03140221356920656
LC-2025-0912387,0,0,0.012202815208734192
LC-2019-0499069,0,0,0.017292197825329723
LC-2020-0052075,0,0,0.45733887477930524
LC-2022-0264291,0,0,0.006257705464199039
LC-2019-0033821,0,0,0.012647435399137413
LC-2025-0669664,0,0,0.014467769978653629
LC-2024-0697279,0,0,0.6544416726961195
LC-2024-0110025,0,0,0.7006542921499037
LC-2025-0948313,0,0,0.17385883705033522
LC-2025-0569965,0,0,0.015735124561164302
LC-2019-0576640,0,0,0.011668440624880644
LC-2019-0391857,0,0,0.02156288674237164
LC-2022-0257395,0,0,0.03462946006793737
LC-2020-0595826,0,0,0.047627259306820664
LC-2024-0760448,0,0,0.04283705482832082
LC-2020-0569237,0,0,0.047302005262667056
LC-2019-0511090,0,0,0.07487415495061307
LC-2021-0586815,0,0,0.1996879579880694
LC-2022-0388125,0,0,0.07585911259766825
LC-2022-0414133,0,0,0.0006985840022907585
LC-2021-0536626,0,0,0.0887183271158753
LC-2019-0555981,0,0,0.015547541216109271
LC-2025-0886893,0,0,0.009070464037306493
LC-2025-0698474,0,0,0.07274737755912566
LC-2023-0630035,0,0,0.0011103617813807303
LC-2023-0113994,0,0,0.058379142110701325
LC-2022-0283237,0,0,0.4906711205373761
LC-2019-0173934,0,0,0.012686763582739673
LC-2019-0175924,0,0,0.04454506204851101
LC-2024-0415159,0,0,0.037000168769789364
LC-2024-0396405,0,0,0.011661970143311417
LC-2024-0744958,0,0,0.2421017398994148
LC-2024-0645054,0,0,0.41211055926145773
LC-2021-0625076,0,0,0.05976749995140719
LC-2019-0267021,0,0,0.019431769701016642
LC-2024-0134565,0,0,0.005103801202771754
LC-2022-0319006,0,0,0.027533120752588562
HC-2021-0077157,1,0,0.6795319061071414
LC-2021-0571717,0,0,0.012416286187614029
LC-2020-0548062,0,0,0.00863855138539852
LC-2021-0474563,0,0,0.003978850723550061
LC-2022-0604284,0,0,0.20195036323960502
LC-2023-0411299,0,0,0.004684920683185282
LC-2023-0559894,0,0,0.08575236814170589
LC-2023-0379099,0,0,0.007448072493847561
LC-2020-0275395,0,0,0.1932553381697257
LC-2024-0606063,0,0,0.0030501477682311822
LC-2019-0442885,0,0,0.051571505715699656
LC-2025-0115535,0,0,0.055170621515983384
LC-2024-0191024,0,0,0.03737888695876201
LC-2019-0141730,0,0,0.04255585258959418
LC-2024-0336773,0,0,0.025746360652323132
LC-2022-0531069,0,0,0.19760193834257167
LC-2025-0309747,0,0,0.059779778876999715
LC-2021-0147764,0,0,0.048381493851377765
LC-2019-0661235,0,0,0.018742425550748145
LC-2024-0165466,0,0,0.03566104262283364
LC-2025-0968341,0,0,0.3940069891255076
LC-2019-0065453,0,0,0.06066741691750255
LC-2020-0676311,0,0,0.003861096132964513
LC-2022-0295019,0,0,0.09657744728864409
LC-2022-0106455,0,0,0.07976064128772299
LC-2025-0493512,0,0,0.08275941476813081
LC-2021-0304021,0,0,0.0015464131328419984
LC-2020-0232615,0,0,0.32751178900230726
LC-2025-0018275,0,0,0.30296608618022786
LC-2021-0029308,0,0,0.42382122964146207
LC-2019-0230704,0,0,0.03234366141502648
LC-2019-0641452,0,0,0.010011096318792857
LC-2022-0288566,0,0,0.09557750852239291
LC-2024-0682572,0,0,0.3260729222449996
LC-2025-0376138,0,0,0.03542602730323629
LC-2019-0583649,0,0,0.00779030458011965
LC-2022-0187347,0,0,0.12603126234355186
LC-2021-0381676,0,0,0.008111718626966908
LC-2025-0084165,0,0,0.1149631455977912
LC-2025-0946123,0,0,0.00904421449004374
LC-2025-0648072,0,0,0.001081703704790743
LC-2025-0210290,0,0,0.19323404129631572
LC-2024-0743493,0,0,0.06796597147247946
LC-2022-0449807,0,0,0.018349059297638824
LC-2019-0238158,0,0,0.11065131756823296
LC-2021-34404302,0,0,0.013029632159444061
LC-2024-0642484,0,0,0.07003800677750399
LC-2019-0643251,0,0,0.03572364323764083
LC-2023-0214044,0,0,0.011488355747514884
LC-2023-0621488,0,0,0.036931098570725636
LC-2025-0220734,0,0,0.0034011085595316713
LC-2022-0679739,0,0,0.1721275412227241
LC-2024-0595816,0,0,0.09278980020444491
LC-2019-0247994,0,0,0.029778831598790273
LC-2019-0672071,0,0,0.11704381229104661
LC-2019-0821504,0,0,0.027794099079751156
LC-2019-0625415,0,0,0.03104767986333039
LC-2019-0721634,0,0,0.09698498405439594
LC-2022-0043375,0,0,0.08562798115285897
LC-2020-0466875,0,0,0.14389993565081766
LC-2025-0815439,0,0,0.057967234897892454
LC-2021-0204446,0,0,0.004018571625482116
LC-2024-0108220,0,0,0.1219880684639979
LC-2023-0457122,0,0,0.13800934932599745
LC-2024-0296853,0,0,0.6778066313203219
LC-2019-0246341,0,0,0.06888843092099094
LC-2023-0308775,0,0,0.06145170108519189
LC-2025-0313940,0,0,0.2542199433571075
LC-2025-0562997,0,0,0.1370106991809797
LC-2021-0367406,0,0,0.021096230964056818
LC-2019-0354877,0,0,0.03602881404776771
LC-2024-0313895,0,0,0.32868271991852444
LC-2021-0609087,0,0,0.14054199681046056
LC-2024-0275750,0,0,0.39818933637415155
LC-2025-0688983,0,0,0.015776953735797496
LC-2020-0465239,0,0,0.23270872904047268
LC-2023-0174375,0,0,0.017791875126127912
LC-2024-0567397,0,0,0.06351248932242443
LC-2019-0415433,0,0,0.045908636684337145
LC-2019-0115097,0,0,0.037507443928636454
LC-2019-0101957,0,0,0.2874806027127906
LC-2020-0370612,0,0,0.056754403599106794
LC-2023-0328467,0,0,0.016630067560542902
LC-2019-0242710,0,1,0.020656501542702762
LC-2021-0270539,0,0,0.13386382054778548
LC-2023-0003163,0,1,0.232582916159411
LC-2025-0465440,0,0,0.05369157414356846
LC-2024-0671599,0,0,0.13073786777391638
LC-2023-0185260,0,0,0.0909713490125194
LC-2024-0720377,0,0,0.09716587318261376
LC-2020-0438343,0,0,0.054945613325640144
LC-2025-0889567,0,0,0.022953936158527682
LC-2021-0494447,0,0,0.16656398231085148
LC-2020-0272362,0,0,0.07938882338751908
LC-2025-0149687,0,0,0.06450300245637004
LC-2021-0624584,0,0,0.011207952625400341
LC-2019-0825252,0,0,0.044438821470061465
LC-2025-0449355,0,0,0.035471151464798185
LC-2022-0550268,0,0,0.005569461672086317
LC-2025-0935146,0,0,0.0002756423486435253
LC-2019-0402937,0,0,0.05513623771801978
LC-2024-0134405,0,0,0.045854239462869976
LC-2025-0789466,0,0,0.08185692929122874
LC-2024-0293264,0,0,0.0006985840022907585
LC-2025-0486819,0,0,0.16701201542848004
LC-2025-0892975,0,0,0.06911908067074782
LC-2019-0549707,0,0,0.15405895147448895
LC-2019-0197398,0,0,0.038043528651998094
LC-2022-0064973,0,0,0.04040301112085445
LC-2019-0213926,0,0,0.05602174413124782
LC-2021-0340207,0,0,0.07240707457430977
LC-2025-0858181,0,0,0.4213899838029506
LC-2023-0735281,0,0,0.014289865826325384
LC-2022-0232370,0,0,0.22414239418289114
LC-2022-0448085,0,0,0.05887431673052349
LC-2025-0295866,0,0,0.5950560138482244
LC-2025-0797950,0,0,0.4056766395705781
LC-2022-0378419,0,0,0.15882409033980902
LC-2023-0262851,0,0,0.15195494741310325
LC-2021-0540126,0,0,0.01081604448024774
LC-2024-0009607,0,0,0.0018810473661358563
LC-2022-0125218,0,0,0.0051511080108282955
LC-2023-0393662,0,0,0.0033309388303382377
LC-2023-0708995,0,0,0.5548642521165604
LC-2019-0475309,0,0,0.01533458207591894
LC-2019-0641444,0,0,0.10972406336954027
LC-2022-0283142,0,0,0.11563845028061483
LC-2023-0546061,0,0,0.04453205197923345
LC-2021-0436491,0,0,0.011929238000307218
LC-2024-0677574,0,0,0.1761205098546717
LC-2020-0414511,0,0,0.17634281139599062
LC-2023-0738443,0,0,0.19554806441677752
LC-2020-0668217,0,0,0.15024269100895593
LC-2024-0133645,0,0,0.028872229571614852
LC-2025-0581932,0,1,0.03822968752861395
LC-2019-0004718,0,0,0.08638867408350245
LC-2021-0374111,0,0,0.10753711413901262
LC-2025-0057758,0,0,0.006148409282877325
LC-2024-0629167,0,0,0.05601538810730615
LC-2025-0663166,0,0,0.004349986717838332
LC-2023-0354314,0,0,0.03056606910081683
LC-2025-0552968,0,0,0.0031621351131940222
LC-2022-0099961,0,0,0.17549693498776053
HC-2022-0581572,1,0,0.15754268276712372
LC-2022-0474857,0,0,0.04312245551153939
LC-2022-0486717,0,0,0.0004015113218132165
LC-2025-0823951,0,0,0.23543008536775367
LC-2021-0414551,0,0,0.013775772844359985
LC-2024-0574841,0,0,0.0008288155314413557
LC-2021-0537647,0,0,0.0
LC-2019-0104321,0,0,0.1413589144713426
LC-2019-0028794,0,0,0.20264519822501093
LC-2020-0462941,0,0,0.03373384249017347
LC-2025-0275823,0,0,0.06782731134372094
LC-2024-0710302,0,1,0.002575735105099768
LC-2021-0495914,0,0,0.011550068813359474
LC-2020-0495509,0,0,0.10683959599286391
LC-2022-0598902,0,0,0.1948869593844632
LC-2022-0331503,0,0,0.20923168215736535
LC-2019-0382567,0,0,0.6107138372311347
LC-2023-0107288,0,0,0.001803109327534598
LC-2025-0596579,0,0,0.13058650234740127
HC-2021-0527748,1,0,0.38406253275004415
LC-2021-0250091,0,0,0.21846552424146812
LC-2025-0203936,0,0,0.0028970506495479015
LC-2019-0039611,0,0,0.14249201403449027
LC-2019-0123698,0,0,0.044129647229562946
LC-2024-0398651,0,0,0.220457398122038
LC-2025-0304093,0,0,0.063037909123326
LC-2019-0292667,0,0,0.010996283858826474
LC-2021-0629515,0,0,0.008795076947388309
LC-2025-0696768,0,0,0.24421478173201205
LC-2024-0087766,0,0,0.19329771442859198
LC-2024-0689004,0,0,0.007648587198340384
LC-2025-0272493,0,0,0.001081703704790743
LC-2021-0401908,0,0,0.04020089532694463
LC-2024-0380416,0,0,0.0009022373077909242
LC-2022-0335348,0,0,0.03158769448299362
LC-2020-0586400,0,0,0.0029364750292558027
LC-2019-0265076,0,0,0.18899607239404273
LC-2020-0054444,0,0,0.10194412846012842
LC-2023-0622623,0,0,0.04117290949233767
LC-2020-0233493,0,0,0.06372281125274776
LC-2024-0383635,0,0,0.25481601857461533
LC-2020-0213645,0,0,0.09515117844733251
LC-2022-0244773,0,0,0.09155157736772937
LC-2024-0615148,0,0,0.08108337065674542
LC-2020-0000841,0,0,0.14615173880303042
LC-2019-0790955,0,0,0.02739737467535754
LC-2025-0557431,0,0,0.0075191517665622685
LC-2020-0332788,0,0,0.22369871045074144
LC-2021-0251528,0,1,0.0018112832957734733
LC-2025-0607482,0,0,0.07295614306266923
LC-2021-0425266,0,0,0.1482906116818371
LC-2021-0184476,0,0,0.1236546015573449
LC-2025-0488212,0,0,0.07023552299028678
LC-2025-0427229,0,0,0.05870357054898134
LC-2020-0472079,0,0,0.3843353007834438
LC-2019-0498336,0,0,0.05919678615660895
LC-2025-0914733,0,0,0.12593868950759432
LC-2020-0179846,0,0,0.01247746505634268
LC-2019-0556471,0,0,0.04670682677231338
LC-2024-0378086,0,0,0.43004960395987873
LC-2019-0632044,0,0,0.02778050097893963
LC-2024-0164273,0,0,0.17096870864429392
HC-2019-0277985,1,0,0.42786094274642594
LC-2020-0468722,0,0,0.052696764571107765
LC-2023-0319497,0,0,7.342177634956852e-05
LC-2021-0630601,0,0,0.10981633688236954
LC-2019-0032150,0,0,0.0301163612984001
LC-2024-0111287,0,0,0.002797562231427365
LC-2024-0661347,0,0,0.3159476972893936
LC-2020-0642713,0,0,0.005504432216159332
LC-2022-0620194,0,0,0.14819877444261403
LC-2021-0651445,0,0,0.0004229416536472334
LC-2025-0169654,0,0,0.038546727292721086
LC-2020-0006316,0,0,0.20260243204498848
LC-2025-0599913,0,0,0.04243155318179779
LC-2025-0329575,0,0,0.12380677190158851
LC-2024-0354049,0,0,0.021928313224834812
LC-2019-0540423,0,0,0.050863919700308985
LC-2021-0529622,0,0,0.0018810473661358563
LC-2019-0068971,0,0,0.02228533073124758
LC-2024-0412565,0,0,0.08444569057160851
LC-2021-0562464,0,0,0.03133541491939004
LC-2021-0374698,0,0,0.22807340131084172
LC-2019-0502594,0,0,0.0026330256052441653
LC-2024-0588813,0,0,0.124246452247269
HC-2023-0436295,1,0,0.5641829762704738
LC-2020-0472618,0,0,0.0243018437724586
LC-2019-0422454,0,0,0.06593850668995618
LC-2024-0614426,0,0,0.0045423550582054315
LC-2019-0288140,0,0,0.03081810145148928
LC-2020-0462256,0,0,0.2064215676613499
LC-2020-0567637,0,0,0.0006985840022907585
LC-2024-0470849,0,0,0.28242913586014035
LC-2020-0568580,0,0,0.08673238063535607
LC-2019-0645490,0,0,0.058722327154121456
LC-2021-0575682,0,1,0.19957289437987474
LC-2023-0099951,0,0,0.10709049837894881
LC-2023-0418865,0,0,0.00032891405366972917
LC-2023-0201038,0,0,0.12933835660590035
LC-2022-0503626,0,0,0.03282730493941041
LC-2025-0496990,0,0,0.02693348448201759
LC-2025-0329525,0,0,0.08289426886711732
LC-2021-0335875,0,0,0.0038493335472422952
LC-2020-0148186,0,0,0.15596527445476494
LC-2022-0314731,0,0,0.06101665087663315
LC-2025-0860747,0,0,0.023859259239762984
LC-2025-0785309,0,0,0.07657545282744253
LC-2025-0177061,0,0,0.004607964328127707
LC-2021-0376228,0,0,0.17159862331759007
LC-2025-0961357,0,0,0.020427651553774948
LC-2019-0426000,0,0,0.01722574728602595
LC-2024-0467132,0,0,0.009675612400891953
LC-2025-0488130,0,0,0.12417241768945106
LC-2024-0687043,0,0,0.0035974835009826033
LC-2020-0526904,0,0,0.11849933873569048
LC-2019-0476613,0,0,0.02933992728163122
HC-2023-0110298,1,0,0.5363760511255118
LC-2023-0087563,0,0,0.11945033263192002
LC-2023-0237485,0,0,0.018626663412798252
LC-2023-0375804,0,0,0.08259962598492365
LC-2020-0595282,0,0,0.30298121837237046
LC-2020-0497593,0,0,0.021935153637162474
LC-2022-0615630,0,0,0.23355819994446264
LC-2024-0485185,0,0,0.006453191989446263
LC-2025-0456228,0,0,0.0792161829672825
LC-2021-0448766,0,0,0.023877204266925158
LC-2022-0176934,0,0,0.20223221730595134
LC-2021-0610266,0,0,0.013828891907871723
LC-2019-0744202,0,0,0.01995143422838939
LC-2025-0075260,0,0,0.21384831897367385
LC-2019-0253778,0,0,0.04605395846261057
LC-2021-0598265,0,0,0.009192008894858243
LC-2021-0216699,0,0,0.001081703704790743
LC-2021-0003610,0,0,0.049889355596186354
LC-2019-0018474,0,0,0.006196062434164804
LC-2022-0618940,0,0,0.12713385171595773
LC-2025-0105751,0,0,0.027545467400884812
LC-2022-0070883,0,0,0.03317401666358077
LC-2024-0252739,0,0,0.09071881284631933
LC-2022-0471274,0,0,0.002465673932153876
LC-2019-0445498,0,0,0.022181797468632292
LC-2022-0659547,0,0,0.0009140828300562965
LC-2025-0899617,0,0,0.12255142506113574
LC-2019-0565665,0,0,0.04836170837001755
LC-2022-0078873,0,0,0.21263405265409108
LC-2022-0696379,0,0,0.3189817886913195
LC-2019-0263016,0,0,0.024060363670339348
LC-2025-0526102,0,0,0.09822894765755988
LC-2022-0472184,0,0,0.17832420697598608
LC-2022-0005995,0,0,0.005696278490629973
LC-2019-0083429,0,0,0.021097683184227892
HC-2024-0012267,1,0,0.32897288765045324
LC-2020-0294532,0,0,0.0013067029936822527
LC-2019-0376309,0,0,0.0004229416536472334
LC-2022-0001460,0,0,0.429346904996451
LC-2020-0044582,0,0,0.10695625235683628
LC-2019-0457933,0,0,0.01989355858832595
LC-2025-0886264,0,0,0.28786788036642547
LC-2025-0884024,0,0,0.0043303909028240654
LC-2025-0571961,0,0,0.0002756423486435253
LC-2019-0209063,0,0,0.027325387183030257
LC-2019-0610244,0,0,0.07689864054419751
LC-2025-0263459,0,0,0.025334252314533137
LC-2021-0479611,0,0,0.15765098168618796
LC-2020-0170509,0,0,0.08514614747535583
LC-2025-0622474,0,0,0.1334553033357082
LC-2025-0504966,0,0,0.014526288848967473
LC-2021-0529043,0,0,0.5726807218559572
LC-2023-0064520,0,0,0.1398753191089232
LC-2019-0678891,0,0,0.08912881138791211
LC-2021-0031388,0,0,0.21547100873303798
LC-2019-0238104,0,0,0.05760117371038625
LC-2024-0180985,0,0,0.0344582172474682
LC-2021-0197961,0,0,0.031771802061455044
LC-2021-0218201,0,0,7.342177634956852e-05
LC-2023-0005179,0,0,0.259392761845283
LC-2021-0285571,0,0,0.19541620066273868
LC-2021-0133006,0,0,0.1717661174858776
LC-2021-0254708,0,0,0.009889965869587906
LC-2022-0477052,0,0,0.014791256169611952
LC-2025-0403707,0,0,0.024205111722147666
LC-2025-0893593,0,0,0.49174772388727084
LC-2021-0070276,0,0,0.024139718793665357
LC-2023-0469829,0,0,0.013874228583856008
LC-2020-0602876,0,0,0.0047228645173535535
LC-2019-0318317,0,0,0.18652594037268952
LC-2025-0021512,0,0,0.024312118933132613
LC-2021-0045520,0,0,0.0067074639041188235
LC-2021-0161315,0,0,0.041460581902732274
LC-2024-0089597,0,0,0.08634611664336277
LC-2022-0412115,0,0,0.37159321678596696
LC-2020-0635646,0,0,0.13773495350572432
LC-2021-0122011,0,0,0.009233194647507565
LC-2022-0582437,0,0,0.029505070446611416
LC-2021-0131449,0,0,0.09912674662431224
LC-2022-0000288,0,0,0.0017429658066566106
LC-2021-0538786,0,0,0.0
LC-2021-0641851,0,1,0.0477888067423653
LC-2025-0170271,0,0,0.059380477422306
LC-2022-0343396,0,0,0.2135881621792258
LC-2024-0660044,0,0,0.0948358390269723
LC-2024-0219953,0,0,0.0002756423486435253
LC-2019-0332914,0,0,0.051523484532527135
LC-2019-0503697,0,0,0.03035998523845918
LC-2019-0394276,0,0,0.040169839460785395
LC-2020-0046361,0,0,0.10119085317094101
LC-2021-0050791,0,0,0.014143774618991434
LC-2025-0139936,0,0,0.01618976864349896
LC-2024-0366793,0,0,0.29687089505354386
LC-2021-0467469,0,0,0.0004963634299968018
LC-2021-0479121,0,0,0.0
LC-2025-0140410,0,0,0.07263876143022224
LC-2021-0004613,0,0,0.18160153598261
LC-2025-0871687,0,0,0.033435414958783986
LC-2024-0698890,0,0,0.0002756423486435253
LC-2022-0173702,0,0,0.10299352920642957
LC-2019-0544967,0,0,0.001909850006597949
LC-2024-0127681,0,0,0.39774694560221685
LC-2023-0443297,0,0,0.014015882048182738
LC-2019-0643830,0,0,0.0748612464650672
LC-2024-0102104,0,0,0.05787200685580067
LC-2022-0010158,0,0,0.0024428349772043175
LC-2021-0271307,0,0,0.0853695078386844
LC-2021-0530604,0,0,0.0006588934753108378
LC-2021-0052232,0,0,0.1238246083909326
LC-2024-0670318,0,0,0.15373102260563867
LC-2020-0506327,0,0,0.06943535692501458
LC-2022-0149407,0,0,0.16998888243298726
LC-2024-0548455,0,0,0.2490794265989358
LC-2023-0343426,0,0,0.14952432730474163
LC-2020-0563216,0,0,0.09611283491658802
LC-2025-0044493,0,0,0.8168268108493115
LC-2022-0390658,0,0,0.20437501345661718
LC-2022-0273594,0,0,0.029845095068053648
LC-2022-0223737,0,0,0.014527915627916894
LC-2023-0188811,0,0,0.0007118622577623397
LC-2020-0647173,0,0,0.01046418340998875
LC-2019-0033459,0,0,0.03420822961131965
LC-2023-0236944,0,0,0.001386544434097931
LC-2019-0697040,0,0,0.03666911820973327
LC-2021-0012931,0,0,0.0891906865498306
LC-2019-0585428,0,0,0.1069886968525915
LC-2019-0660938,0,0,0.02007178318530922
LC-2025-0778663,0,0,0.08110992583405847
LC-2024-0198114,0,0,0.13080119269680926
LC-2020-0114013,0,0,0.034498373217044125
LC-2025-0457886,0,0,0.33732230491611725
LC-2025-0278700,0,0,0.004828778012050176
LC-2021-0222868,0,0,0.01595056063309851
LC-2025-0147383,0,0,0.14018441512332153
LC-2024-0131083,0,0,0.024330329614492396
LC-2022-0144886,0,0,0.10220639735209083
LC-2019-0465737,0,0,0.015787101932621582
LC-2022-0344918,0,0,0.02989361221335805
LC-2019-0352935,0,0,0.11715905191902826
LC-2025-0786977,0,0,0.1584963880499197
LC-2021-0259121,0,0,0.11198994905752123
LC-2024-0333548,0,0,0.002633113667145078
LC-2024-0499171,0,0,0.04426021499931623
LC-2021-0520143,0,0,0.044653127334431685
LC-2021-0137294,0,0,0.0073374367262127186
LC-2023-0194913,0,0,0.4058142254145964
LC-2019-0049648,0,0,0.019831884554294847
LC-2023-0707855,0,0,0.026218388664231918
LC-2025-0077274,0,0,0.04388874568150149
LC-2019-0449018,0,0,0.11043223529769489
LC-2019-0631980,0,0,0.022432038673392322
LC-2021-0325586,0,0,0.29653921190992644
LC-2023-0192181,0,0,0.1656313124877462
LC-2022-0390619,0,0,0.18843622381440933
LC-2019-0169996,0,0,0.03273049505720592
LC-2021-0109256,0,0,0.11813698336191969
LC-2021-0421690,0,0,0.007854650258111513
LC-2020-0653697,0,0,0.004604092626146721
LC-2025-0404746,0,0,0.0004963634299968018
LC-2023-0087615,0,0,0.011386173230258968
LC-2023-0463613,0,0,0.0034487321411373617
LC-2022-0517843,0,0,0.0038700262752032217
LC-2025-0657054,0,0,0.04074339538904901
LC-2022-0646772,0,1,0.043665077379644764
LC-2021-0038392,0,0,0.07777320316490151
LC-2024-0699743,0,0,0.0742042710357186
LC-2019-0004144,0,0,0.031014863351524372
LC-2019-0584267,0,0,0.013155767906891679
LC-2023-0477430,0,0,0.42881926028913936
LC-2025-0958690,0,0,0.037800867774768966
LC-2025-0109579,0,0,0.011408809954476372
LC-2020-0195719,0,0,0.4577186532553149
LC-2022-0262071,0,0,0.06626282524715671
LC-2024-0411991,0,0,0.08258244345827012
LC-2019-0250903,0,0,0.052433383506363625
LC-2023-0556676,0,0,0.14739765397664123
LC-2022-0450310,0,0,0.0030355617276179637
LC-2022-0555311,0,0,0.12148868459686031
HC-2023-0211428,1,0,0.1717869987599897
LC-2019-0410579,0,0,0.03954908987695352
LC-2023-0681841,0,0,0.09125433051951548
LC-2021-0539225,0,0,0.0030929069473322507
LC-2023-0120987,0,0,0.11352821449542608
LC-2019-0233410,0,1,0.06204622745286131
LC-2019-0372785,0,0,0.16707049964770795
LC-2025-0106603,0,0,0.07214828791395585
LC-2021-0248184,0,0,0.0922480770757461
LC-2023-0471524,0,0,0.020042480667544608
LC-2024-0213781,0,0,0.04487128547092158
LC-2024-0504288,0,0,0.01389975384735297
LC-2024-0667019,0,0,0.012156153015593722
LC-2024-0551709,0,0,0.030496705558555947
LC-2025-0472949,0,0,0.49815441008798544
LC-2020-0131034,0,0,0.12633860663779997
LC-2021-0267212,0,0,0.12669551255030223
LC-2023-0497935,0,0,0.3761567462649376
LC-2022-0628648,0,0,0.1404351849463756
LC-2019-0488354,0,0,0.0075637444773446316
LC-2024-0209861,0,0,0.09331265884977989
LC-2019-0339433,0,0,0.010800663294698887
LC-2021-0390326,0,0,0.003789909073761144
LC-2023-0082259,0,0,0.0
LC-2019-0261513,0,0,0.033782838801114434
LC-2023-0023674,0,0,0.0021861387825117175
LC-2020-0557082,0,0,0.005712861634598467
LC-2019-0157105,0,0,0.1671948592102763
LC-2024-0128611,0,0,0.07566575811057982
LC-2021-0629261,0,0,0.18757767980448953
HC-2023-0440727,1,0,0.595058601502324
LC-2019-0251541,0,0,0.10487064739478098
LC-2021-0249886,0,0,0.07554667546333631
LC-2023-0471179,0,0,0.0004229416536472334
LC-2025-0145517,0,0,0.3689440450008255
LC-2022-0048754,0,0,0.0718266442283651
LC-2023-0729138,0,0,0.1901532381058404
LC-2019-0321456,0,0,0.005241716010350137
LC-2019-0518810,0,0,0.7728605845897014
LC-2023-0322492,0,0,0.15884409570990882
LC-2025-0521089,0,0,0.015084613631220944
LC-2025-0486179,0,0,0.04544318305486658
LC-2023-0374932,0,0,0.049403798546784214
LC-2024-0407824,0,0,0.023566193525349992
LC-2023-0537500,0,0,0.6285504348060695
LC-2022-0655464,0,0,0.17241994079664946
LC-2024-0317717,0,0,0.06578022727224214
LC-2025-0566299,0,0,0.37917610610982116
LC-2023-0217189,0,0,0.014129971410405668
LC-2021-0522331,0,0,0.006729771396479281
LC-2022-0600740,0,0,0.46104556037374805
LC-2022-0256794,0,0,0.5637208870241558
LC-2022-0148618,0,0,0.01606952143317937
LC-2020-0471779,0,0,0.00020222057229395674
LC-2025-0663831,0,0,0.167902390618365
LC-2024-0668219,0,0,0.035494903745543024
LC-2024-0088546,0,0,0.037267861487526505
LC-2019-0104673,0,0,0.13824786803685835
LC-2022-0293553,0,0,0.20017952581505305
LC-2020-0067119,0,0,0.009532557690232691
LC-2025-0460088,0,0,0.017136896883344386
LC-2019-0097886,0,0,0.002332791660245182
LC-2021-0401979,0,0,0.1454473673018536
LC-2022-0385916,0,0,0.0006985840022907585
LC-2023-0091455,0,0,0.001081703704790743
LC-2025-0949132,0,0,0.2505148209105478
LC-2020-0647623,0,0,0.02964740044219334
LC-2025-0460793,0,0,0.11603601599442306
LC-2025-0408439,0,0,0.020544906610423238
LC-2025-0376134,0,0,0.26090805322099453
LC-2019-0293467,0,0,0.023795283470845266
LC-2022-0327197,0,0,0.004304909537698585
LC-2023-0132239,0,0,0.12186532665396195
LC-2024-0286771,0,0,0.13380698666286603
LC-2020-0496272,0,0,0.008637288304308854
LC-2024-0433945,0,0,0.01861176680651689
LC-2021-0521189,0,0,0.3426918325853605
LC-2025-0843216,0,0,0.6654289584613015
LC-2022-0456739,0,1,0.03467224039550139
LC-2024-0241855,0,0,0.19985689159469744
LC-2020-0588449,0,0,0.008215873324316116
LC-2022-0651494,0,0,0.0
LC-2023-0377007,0,0,0.0
LC-2020-0510177,0,1,0.30846608840621176
LC-2022-0539686,0,0,0.21315214997084467
LC-2023-0150307,0,0,0.346539155035386
LC-2019-0187109,0,0,0.0397616141591687
LC-2022-0645869,0,0,0.12769446139179974
LC-2019-0481883,0,0,0.043227569820845864
LC-2025-0211114,0,0,0.12627975996645724
LC-2022-0267015,0,0,0.0006151809897585936
LC-2020-0504002,0,0,0.14000090298409926
LC-2022-0476895,0,0,0.03782573061692205
LC-2019-0779467,0,0,0.010470753170156975
HC-2019-0056051,1,0,0.2209225829095955
LC-2019-0058655,0,0,0.10365068661296961
LC-2022-0643060,0,0,0.282179531745791
LC-2019-0099651,0,0,0.12191358578654077
LC-2023-0589872,0,0,0.002623458258654702
LC-2023-0004742,0,0,0.0017214293544604625
LC-2025-0263663,0,0,0.16033631444420582
LC-2022-0087807,0,0,0.005796387234664097
LC-2024-0727875,0,0,0.17048883711202362
LC-2024-0080707,0,0,0.07744703228636936
LC-2023-0666386,0,0,7.342177634956852e-05
LC-2025-0136272,0,0,0.0921462221858813
LC-2020-0595443,0,0,0.45199793264247634
LC-2024-0337076,0,0,0.013565185370128192
LC-2022-0616340,0,0,0.048970161957811176
LC-2025-0648722,0,0,0.008154528671730867
LC-2020-0569752,0,0,0.029150982977742525
LC-2023-0263202,0,0,0.0006985840022907585
LC-2025-0227559,0,0,0.09077546646402757
LC-2024-0143199,0,0,0.11945817728232087
LC-2025-0636799,0,0,0.0071622095169630315
LC-2020-0099966,0,0,0.009293076606074981
LC-2020-0049803,0,0,0.1303595876716493
HC-2020-0620707,1,1,0.13948440629994555
LC-2021-0406804,0,0,0.002749487073405495
LC-2024-0209624,0,0,0.08483887813212805
LC-2020-0539013,0,0,0.09071609502709041
LC-2025-0177503,0,0,0.082234555638026
LC-2025-0914753,0,0,0.10237887935446541
LC-2025-0389241,0,0,0.11641830240516253
LC-2024-0565010,0,0,0.07088361644920514
LC-2023-0640345,0,0,0.03596971195826875
LC-2020-0608475,0,1,0.003927183667917908
LC-2019-0191965,0,0,0.06260263504244373
LC-2023-0301661,0,0,0.01116382164484233
LC-2025-0800108,0,0,0.011781448736390185
LC-2024-0752596,0,0,0.011011810365474838
LC-2024-0107426,0,0,0.07435775160947426
LC-2022-0171600,0,1,0.0833926333015126
LC-2022-0652669,0,0,0.19485224652288013
LC-2019-0448069,0,0,0.020342911868765846
LC-2023-0289198,0,0,0.3174032506959365
LC-2020-0101083,0,0,0.15114820840833798
LC-2021-0222096,0,0,0.0002756423486435253
LC-2023-0184657,0,0,0.00020222057229395674
LC-2021-0159656,0,0,0.04726872399840811
LC-2023-0099556,0,0,0.008290455156007452
LC-2024-0157379,0,0,0.03299096731054791
LC-2025-0747916,0,0,0.061650563756484617
LC-2021-0512002,0,0,0.18193732373370955
LC-2019-0422089,0,0,0.053184821493702586
LC-2022-0521647,0,0,0.03392040926030626
LC-2020-0618063,0,0,0.003448081924201944
LC-2023-0026020,0,0,0.2122578816854591
LC-2025-0483321,0,0,0.03410706948830948
LC-2022-0462317,0,0,0.04518255646028304
LC-2019-0356174,0,0,0.02651831980591899
LC-2022-0500687,0,0,0.11350988450470301
LC-2024-0734186,0,0,0.11153829098377478
LC-2023-0405634,0,0,0.23835878381985798
LC-2022-0177435,0,0,7.342177634956852e-05
LC-2025-0086335,0,0,0.1317866559945913
LC-2020-0468251,0,0,0.09250203723141809
LC-2021-0492341,0,0,0.013612986494312695
LC-2024-0665924,0,0,0.08170736862846771
LC-2022-0564285,0,0,0.04470610154933356
LC-2021-0201378,0,0,0.20456901277014222
LC-2023-0117919,0,0,0.21673657941618313
LC-2019-0040449,0,1,0.022220638860070464
LC-2022-0691020,0,0,0.05868717014768838
LC-2022-0154379,0,0,0.012553721910697906
LC-2021-0621400,0,0,0.005877003168485657
LC-2021-0599431,0,0,0.16556434718932117
LC-2025-0393441,0,0,0.014835526257293827
LC-2019-0104127,0,0,0.08444105427724939
LC-2025-0800207,0,0,0.07327706681451139
LC-2025-0898915,0,0,0.07159322262064377
LC-2023-0276232,0,0,0.035184422878830474
LC-2019-0607572,0,0,0.009537799831836743
LC-2019-0719844,0,0,0.02718976028163794
LC-2022-0103357,0,0,0.037065035915637756
LC-2021-0320651,0,0,0.22864508964558788
LC-2024-0296978,0,0,0.0020553818784396177
LC-2025-0206027,0,0,0.023615669981262456
LC-2019-0459262,0,0,0.029683526290604403
LC-2025-0236892,0,0,0.06289537086929714
LC-2024-0326441,0,0,0.07150730597798743
LC-2024-0584718,0,0,0.24380707069101118
LC-2020-0157199,0,0,0.04318722270142447
LC-2024-0059281,0,0,0.0002756423486435253
LC-2025-0951774,0,0,0.06065442742323959
LC-2024-0130528,0,0,0.07312982710008237
LC-2020-0483844,0,0,0.035365690163236235
LC-2022-0602801,0,0,0.02375213754061767
LC-2019-0784125,0,0,0.028979092687144346
LC-2022-0527086,0,0,0.005388637341157865
LC-2019-0001879,0,0,0.0
LC-2024-0115782,0,0,0.08657617476410197
LC-2023-0226480,0,0,0.005470155132933628
LC-2019-0105928,0,0,0.00912282873248409
LC-2024-0292471,0,0,0.0016008887552406415
LC-2022-0378616,0,0,0.12095049692326418
LC-2021-0065336,0,0,0.08478098128073054
LC-2019-0494807,0,0,0.02603461330048811
LC-2025-0319086,0,0,0.129696788995897
LC-2021-0124533,0,0,0.050652990539557755
LC-2023-0361511,0,0,0.08041804651539626
LC-2022-0072795,0,0,0.13541683117063383
LC-2024-0771858,0,0,0.015993089117813452
LC-2022-0301525,0,0,0.11076723847603302
LC-2024-0600426,0,0,0.09751560311788422
LC-2025-0357175,0,0,0.041676855996432505
LC-2025-0392036,0,0,0.1339174057089523
LC-2024-0218902,0,0,0.004557420599042206
LC-2022-0582917,0,0,0.02083190741990031
LC-2022-0437793,0,0,0.02307744671163833
LC-2023-0632446,0,0,0.03976769397664345
LC-2023-0050340,0,0,0.04397599706518914
LC-2024-0393121,0,0,0.11630096850631044
LC-2020-0625406,0,0,0.17302736791547807
LC-2021-0228475,0,0,0.0056468803834492706
LC-2019-0512586,0,0,0.09817625758423901
LC-2024-0353386,0,0,0.00519154928052217
LC-2021-0385994,0,0,0.10466114921471242
LC-2021-0394019,0,0,0.34388186932009895
LC-2024-0644189,0,0,0.14889835887069297
LC-2022-0115038,0,0,0.008644233674428623
LC-2023-0693482,0,0,0.002296583234287832
LC-2021-0566232,0,1,0.20210873817786418
LC-2021-0026595,0,0,0.09920166769208333
LC-2020-0296273,0,0,0.18434522921949628
LC-2021-0338579,0,0,0.5376320847137877
LC-2019-0679308,0,0,0.014313042991031593
LC-2022-0273619,0,0,0.31781378912295105
LC-2025-0068419,0,0,0.41471322820530476
LC-2023-0678342,0,0,0.11655983880984955
LC-2022-0013990,0,0,0.08968527464125665
LC-2020-0331236,0,0,0.3599262487497373
LC-2023-0673420,0,0,0.09141377411707036
LC-2024-0760298,0,0,0.003486987906901801
LC-2022-0355193,0,0,0.00020222057229395674
LC-2024-0565154,0,0,0.04678919930838796
LC-2025-0612232,0,0,0.0034369252338003063
LC-2025-0314821,0,0,0.04353459763221983
LC-2023-0583836,0,0,0.013164321431894855
LC-2022-0046753,0,0,0.10721133935714797
LC-2021-0590971,0,0,0.09510813186887475
LC-2019-0443111,0,0,0.011155687201555782
LC-2020-0532757,0,0,0.09159545898555174
LC-2024-0589027,0,0,0.14437839128173033
LC-2020-0657661,0,0,0.028747523428572782
LC-2021-0473911,0,0,0.0002756423486435253
LC-2022-0035723,0,0,0.04529073759016662
LC-2025-0379989,0,0,0.032797354792103446
LC-2020-0365451,0,0,0.05504782592781504
LC-2021-0461742,0,0,0.010998486508519636
LC-2025-0250604,0,0,0.21179363876522891
LC-2020-0075528,0,0,0.0018810473661358563
LC-2025-0248339,0,0,0.13974811701776427
LC-2019-0357875,0,0,0.010076369552434279
LC-2025-0059353,0,0,0.01996497224793497
LC-2021-0320622,0,0,0.1607409824352591
LC-2025-0240032,0,0,0.07718680806722028
LC-2019-0752064,0,0,0.01902917698970739
LC-2025-0101784,0,0,0.13532479461698776
LC-2022-0253550,0,0,0.07455731055723507
LC-2021-0251283,0,0,0.10832848557401294
LC-2024-0418335,0,0,0.0643783956913436
LC-2021-0528107,0,0,0.20016126802048656
LC-2022-0438190,0,0,0.0011103617813807303
LC-2023-0265956,0,0,0.05426190613263196
LC-2020-0600413,0,0,0.4425593846760881
LC-2024-0770102,0,0,0.07006405130306051
LC-2021-0002791,0,0,0.10207915442832331
LC-2025-0972160,0,1,0.009010256977708854
LC-2020-0156235,0,0,0.0861542542328676
LC-2023-0151253,0,0,0.02312911910816674
LC-2023-0412997,0,0,0.04562019772654399
LC-2020-0114510,0,0,0.07782179898867052
LC-2024-0348607,0,0,0.026501918360430678
LC-2023-0666972,0,0,0.0002756423486435253
LC-2019-0063875,0,0,0.021865598471764204
LC-2024-0434107,0,0,0.12266251171277562
LC-2025-0312304,0,0,0.2592518159273291
LC-2019-0242816,0,0,0.02890326212972042
LC-2019-0414622,0,0,0.05127287518024388
LC-2023-0313162,0,0,0.0677213469002364
LC-2025-0815940,0,1,0.08579422334147352
LC-2024-0313942,0,0,0.2612914470552707
LC-2023-0378358,0,0,0.04195178220259074
LC-2019-0558510,0,0,0.14736866769872406
LC-2019-0415331,0,0,0.0034332662993333592
LC-2024-0290536,0,0,0.5693428875763635
LC-2021-0144818,0,0,0.0784087063146397
LC-2023-0576431,0,0,0.017711772159432912
LC-2020-0086636,0,0,0.13212201137458138
LC-2023-0175782,0,0,0.009725988958197434
LC-2023-0704489,0,0,0.030747766437983364
LC-2024-0608724,0,0,0.0020259439019756826
LC-2022-0280587,0,0,0.16705491858618488
LC-2025-0028965,0,0,0.3318441550045626
LC-2022-0262817,0,0,7.342177634956852e-05
LC-2022-0029837,0,0,0.00558658874119923
LC-2023-0089059,0,0,0.1835069465232958
LC-2024-0652556,0,0,0.21978757465190216
LC-2025-0604288,0,0,0.0002756423486435253
LC-2023-0497639,0,0,0.13381786990680836
LC-2021-0336989,0,0,0.08166015116604736
LC-2024-0523862,0,0,0.07482042804433045
LC-2025-0051222,0,0,0.17243629626357332
LC-2024-0116319,0,0,7.342177634956852e-05
LC-2023-0658257,0,0,0.11262989545687169
LC-2025-0391959,0,0,0.23673681590896728
LC-2019-0330599,0,0,0.011758199342752995
LC-2025-0359075,0,0,0.07634698524497169
LC-2023-0749287,0,0,0.012793020602219478
LC-2019-0119628,0,0,0.06630270206412027
LC-2021-0208620,0,0,0.0009170673838506882
LC-2019-0689194,0,0,0.036524675345638496
LC-2020-0677517,0,0,0.12849586603596555
LC-2022-0525134,0,0,0.23323485333880106
LC-2024-0168740,0,0,0.0069396415679530135
LC-2023-0725035,0,0,0.06474018568296395
LC-2025-0250016,0,0,0.014424368020590685
LC-2025-0503430,0,0,0.005078792331424478
LC-2025-0199230,0,0,0.009084225836821964
LC-2025-0652711,0,0,0.1452765270051534
LC-2022-0603994,0,0,0.06258510896690923
LC-2023-0313391,0,0,0.7881903452518054
LC-2024-0031698,0,0,0.006601617746394269
LC-2023-0403232,0,0,0.00243964528679253
LC-2023-0751441,0,0,0.013056307668947614
LC-2023-0621914,0,0,0.002227205487804659
LC-2024-0167317,0,0,0.18921585049352177
LC-2019-0529190,0,0,0.01156434469349968
LC-2024-0183491,0,0,0.029152604116415067
LC-2025-0554644,0,0,0.010231472848964814
LC-2019-0204212,0,0,0.060885662155957115
LC-2025-0285265,0,0,0.15855298131380247
LC-2024-0478723,0,0,0.1013415242639567
LC-2021-0407334,0,0,0.04114971921770153
LC-2024-0728876,0,0,0.17305820063839117
HC-2022-0592674,1,0,0.3569686336153922
LC-2023-0087105,0,0,0.11310276606831952
LC-2023-0459145,0,0,0.06840061093012778
LC-2022-0548298,0,0,0.06121798267196555
LC-2019-0146074,0,0,0.11164949960659484
LC-2019-0058288,0,0,0.046815115709753406
LC-2025-0080449,0,0,0.08525234490644565
LC-2025-0791390,0,0,0.1229278262874344
LC-2019-0472785,0,0,0.07773972695423262
LC-2022-0623038,0,0,0.04959526560340374
LC-2020-0651083,0,0,0.18332554635453902
LC-2023-0384213,0,0,0.035566692459580065
LC-2025-0899919,0,0,0.03587717343280779
LC-2024-0036350,0,0,0.001553808479726016
LC-2025-0151734,0,0,0.1104378338967944
LC-2023-0018282,0,0,0.14649471104230583
LC-2022-0403213,0,0,0.1297927911830833
HC-2020-0663427,1,0,0.6808578089523801
LC-2021-0320567,0,0,0.004632239056904126
LC-2019-0504068,0,0,0.015637272358874875
LC-2021-0568138,0,0,0.45517380834623294
LC-2020-0638920,0,0,0.009011490634654066
LC-2024-0636970,0,0,0.23084188983726822
LC-2022-0192965,0,0,0.0007118622577623397
LC-2020-0591586,0,0,0.4311849572866382
LC-2022-0185691,0,0,0.2510772165170347
LC-2023-0687488,0,0,0.0012324532557198185
LC-2019-0583989,0,0,0.008582161291592122
LC-2023-0700778,0,0,0.06985192804470011
LC-2023-0414417,0,0,0.1034213517454494
LC-2024-0227774,0,0,0.09138934536358775
LC-2019-0306891,0,0,0.02398466063359013
LC-2023-0361552,0,0,0.0190278734095913
LC-2020-0164839,0,0,0.1029522467454979
LC-2024-0636189,0,0,0.333049745991819
LC-2024-0683563,0,0,0.08434789047463437
LC-2019-0736612,0,0,0.02020911870648763
LC-2022-0056059,0,0,0.0013801676738873648
LC-2020-0503604,0,0,0.11551097189769789
LC-2020-0539206,0,0,0.004097088348882736
LC-2023-0746245,0,0,0.01641485972927563
LC-2022-0684099,0,0,0.047603711470611175
LC-2021-0108474,0,0,0.02689697191010241
LC-2019-0399168,0,0,0.10204022432338393
LC-2024-0510949,0,0,0.25132095308419333
LC-2019-0101378,0,0,0.007398848075147442
LC-2023-0405632,0,0,0.22814879095870821
LC-2019-0201700,0,0,0.1365594740825073
LC-2023-0261598,0,0,0.1634660022373599
LC-2020-0663155,0,0,0.06293248042947788
LC-2021-0597344,0,0,0.1518041078423394
LC-2022-0458171,0,0,0.025947558618059082
LC-2020-0153229,0,0,0.03592923703227744
LC-2022-0011037,0,0,0.4331363814662653
LC-2025-0906748,0,0,0.027690109829277956
LC-2023-0451242,0,0,0.030527786751279498
LC-2023-0184635,0,0,0.031959529690647734
LC-2025-0898006,0,0,0.05004602073916743
LC-2024-0057506,0,0,0.031243277165199864
LC-2022-0178726,0,0,0.16658289416048855
LC-2021-0554343,0,0,0.06493132061645897
LC-2024-0675568,0,0,0.09066791499512282
LC-2023-0359420,0,0,0.007093913540512309
LC-2021-0488003,0,0,0.0008611140476047944
LC-2019-0609548,0,0,0.01898993228909202
LC-2019-0587732,0,0,0.0021829764568332397
LC-2023-0669403,0,0,0.5507437647730632
LC-2022-0557558,0,0,0.04589945972690881
LC-2024-0233658,0,1,0.01597277711356088
LC-2022-0378942,0,0,0.12345939653425407
LC-2020-0035035,0,0,0.613727172025237
LC-2024-0565187,0,0,0.4204905933700097
LC-2019-0253965,0,0,0.025940708695008908
LC-2022-0518616,0,0,0.042188825371797536
LC-2022-0063930,0,0,0.11337146740003484
LC-2024-0585989,0,0,0.14418449171117348
LC-2024-0227903,0,0,0.1875031814823066
LC-2020-0662766,0,0,0.0924208754750816
LC-2021-0550204,0,0,0.1308814088403704
LC-2025-0198629,0,0,0.0371123199676839
LC-2025-0276607,0,0,0.08003230449267239
LC-2022-0306327,0,0,0.09016755878967915
LC-2025-0875690,0,0,0.0002756423486435253
LC-2025-0625289,0,0,0.12013480354900868
LC-2024-0596165,0,0,0.001956844619015823
LC-2019-0118481,0,0,0.0350421530551375
LC-2025-0967539,0,0,0.4886004053234136
LC-2022-0281009,0,0,0.005382952670078322
LC-2019-0581978,0,0,0.016207570172691255
LC-2022-0389244,0,0,0.2946847906213049
LC-2023-0130506,0,0,0.013661367775337463
LC-2025-0039627,0,0,0.012208053212499253
LC-2020-0441735,0,0,0.07152546654427477
LC-2021-0614701,0,0,0.0
LC-2023-0567501,0,0,0.1696899877105663
LC-2025-0955857,0,0,0.2918999509963633
LC-2019-0129573,0,0,0.021881146168658598
LC-2022-0209572,0,0,0.1485941110030731
LC-2019-0353184,0,0,0.07439801769668582
LC-2021-0173179,0,0,0.06110186911997453
LC-2022-0035638,0,0,0.0013383096519604782
LC-2025-0762327,0,0,0.018151503677601495
LC-2019-0439772,0,0,0.07847814785772497
LC-2025-0109676,0,0,0.09513432871761837
LC-2024-0515661,0,0,0.028998501406063762
LC-2024-0432272,0,0,0.0027766366305527258
LC-2021-0618881,0,0,0.304532463329335
LC-2022-0503692,0,0,0.168344025079836
LC-2020-0446273,0,0,0.08328300126332072
LC-2022-0051855,0,0,0.0002756423486435253
LC-2019-0195662,0,0,0.004073504937651838
LC-2019-0717582,0,0,0.03221377521241859
LC-2019-0202077,0,0,0.025817495784953733
LC-2024-0645669,0,0,0.17816686049583413
LC-2025-0725281,0,0,0.01856711185229612
LC-2021-0112068,0,0,0.07128628355541916
LC-2021-0419638,0,0,0.010512153799993817
LC-2021-0494367,0,0,0.10146361499151554
LC-2023-0642046,0,0,0.1904723522439833
LC-2019-0352905,0,0,0.03795892793300094
LC-2025-0675573,0,0,0.06098541082738766
LC-2024-0254202,0,0,0.02671621403210741
LC-2024-0392609,0,0,0.20156024859591742
LC-2022-0315577,0,0,0.17210565228666963
LC-2025-0857934,0,0,0.08522241649854692
LC-2023-0517120,0,0,0.10330542792894644
LC-2024-0652816,0,0,0.09372941640416749
LC-2022-0622748,0,0,0.07720141728502117
LC-2021-0553091,0,0,0.09130717343360145
LC-2022-0343069,0,0,0.024195527993337494
LC-2023-0072712,0,0,0.0981908187676642
LC-2024-0687642,0,0,0.05050617787431345
LC-2025-0485899,0,0,0.05549744771283804
LC-2025-0144474,0,0,0.04695977330381083
LC-2022-0656506,0,0,0.32232473260418215
LC-2025-0538677,0,0,0.02763783126788568
LC-2019-0452870,0,0,0.029405042605553277
LC-2023-0643581,0,0,0.056214352189314726
LC-2022-0236975,0,0,0.12245096235789331
LC-2021-0077908,0,0,0.10747091329628022
LC-2023-0173177,0,0,0.00556142860997586
LC-2023-0655248,0,0,0.24557936759204663
LC-2022-0611105,0,0,0.135470390902672
LC-2019-0594837,0,0,0.023302042583851035
LC-2022-0149941,0,0,0.0540214585461241
LC-2024-0035182,0,0,0.007910079534645896
LC-2019-0358102,0,0,0.03880754254546999
LC-2019-0402716,0,0,0.03823860534649968
LC-2019-0713393,0,0,0.008882955763105648
LC-2020-0561367,0,0,0.0032647477147689685
LC-2021-0013775,0,0,0.14991685422373066
LC-2022-0162533,0,0,0.30503694237994317
LC-2024-0720754,0,0,0.06884759619939328
LC-2020-0513262,0,0,0.03720845250013587
LC-2020-0018621,0,0,0.0069529711584325315
LC-2025-0340610,0,0,0.3166931326573382
LC-2025-0307976,0,0,0.08313960851548595
LC-2023-0413888,0,0,0.0009904891602002567
LC-2024-0275037,0,0,0.2378083861742709
LC-2019-0499684,0,0,0.039473373130113815
LC-2021-0268991,0,1,0.011262234290230154
LC-2022-0525362,0,0,0.32689900826113394
LC-2020-0063332,0,0,0.010140981255317136
LC-2021-0128539,0,0,0.7224816171866801
LC-2025-0439105,0,0,0.04287957263355616
LC-2020-0599166,0,0,0.08261480860665518
LC-2023-0418080,0,0,0.0002756423486435253
LC-2025-0670540,0,0,0.06010286339386948
LC-2024-0148140,0,0,0.03647935081836864
LC-2022-0427278,0,0,0.024405128912285728
LC-2023-0404069,0,0,0.038961065988278795
LC-2024-0587077,0,0,0.09320233396258602
LC-2023-0627695,0,0,0.007663292616414305
LC-2021-0595854,0,0,0.206838883498389
HC-2025-0579830,1,0,0.53873260612821
LC-2020-0171000,0,0,0.06876264830960083
LC-2022-0220670,0,0,0.023376734625309564
LC-2025-0068792,0,0,0.010652426341459187
LC-2021-0077382,0,0,0.002547973475216151
LC-2023-0604823,0,0,0.04624442208116797
LC-2024-0551449,0,0,0.16932731561753042
LC-2022-0209620,0,0,0.07652489496227759
LC-2021-0606045,0,0,0.09668872318250189
LC-2020-0096957,0,0,0.43100262498033237
LC-2021-0648485,0,0,0.2707400881514331
LC-2021-0129953,0,0,0.2758685916712525
LC-2019-0564257,0,0,0.024299510367381063
LC-2023-0321217,0,0,0.1172014485696913
LC-2025-0928253,0,0,0.022945430701052122
LC-2023-0170710,0,0,0.03691429189411756
LC-2021-0526966,0,0,0.0012517571850885892
LC-2019-0079068,0,0,0.06081270932625062
LC-2024-0563110,0,0,0.14371818021623237
LC-2024-0740452,0,0,0.024891827342050296
LC-2019-0226900,0,0,0.025870643114602968
LC-2023-0565385,0,0,0.006057538590568495
LC-2024-0528122,0,0,0.06897501215993308
LC-2019-0118122,0,0,0.01981533762664758
LC-2019-0545449,0,0,0.07217571273123492
LC-2023-0288694,0,0,0.02448607276243808
LC-2020-0595697,0,0,0.04015929253414402
LC-2022-0675178,0,0,0.05764816317651235
LC-2019-0261869,0,0,0.09802354697230108
LC-2021-0571870,0,0,0.07777679899936542
LC-2021-0314098,0,0,0.0721148535639786
LC-2021-0587304,0,0,0.16258456968936383
LC-2022-0177104,0,0,0.030489104531011117
LC-2019-0433022,0,0,0.014197602889934902
LC-2020-0255862,0,0,0.17853516667877567
LC-2022-0119882,0,0,0.005883000950514487
LC-2022-0401004,0,0,0.010266400095729196
LC-2022-0056534,0,0,0.011150593414452974
LC-2024-0438877,0,0,0.1351456444108262
LC-2025-0412764,0,0,0.0068129820200091675
LC-2019-0232884,0,0,0.005800246461263544
LC-2023-0445330,0,0,0.09906836179171676
LC-2024-0719688,0,0,0.20150956407494333
LC-2025-0861466,0,0,0.0856788544420854
LC-2021-0630159,0,0,0.17763876075833257
LC-2019-0674885,0,0,0.13712679537182157
LC-2025-0923700,0,0,0.02192496690009589
LC-2023-0331610,0,0,0.0015464131328419984
LC-2024-0295272,0,0,0.10505935360553371
LC-2023-0724552,0,0,0.5149414759508034
LC-2022-0473568,0,0,0.07541665064230496
LC-2023-0503790,0,0,0.5411925513164713
LC-2019-0490018,0,0,0.026020025746443534
LC-2022-0192748,0,0,0.038588916674195804
LC-2023-0314179,0,0,0.16406232536340618
LC-2022-0404720,0,0,0.3916399649168515
LC-2024-0723058,0,0,0.39096187172130376
LC-2020-0314880,0,0,0.06148324239782097
LC-2019-0709013,0,0,0.0323030715063416
LC-2022-0142493,0,0,0.022275960143273446
LC-2025-0849929,0,0,0.020087376067111827
LC-2021-0497276,0,0,0.005754831839803143
LC-2019-0493729,0,0,0.015873055156717688
LC-2019-0597251,0,0,0.09725049117264506
LC-2025-0921249,0,0,0.12492621626778824
LC-2023-0431228,0,0,0.2634916269299547
LC-2020-0633107,0,0,0.06411883309647647
LC-2019-0234241,0,0,0.059996468787745574
LC-2023-0723444,0,0,0.0010369400050311618
LC-2022-0312106,0,0,0.08567844931863208
LC-2021-0538972,0,0,0.0008288155314413557
LC-2022-0604763,0,0,0.01764827408726817
LC-2022-0048955,0,0,0.05221121110094598
LC-2020-0470556,0,0,0.004414513394346436
LC-2019-0372901,0,0,0.08116480828339698
LC-2024-0384995,0,0,0.1040371275455616
LC-2021-0551498,0,0,0.24990764375344554
LC-2022-0250531,0,0,0.06305379930280863
LC-2019-0132702,0,0,0.014341043729168796
LC-2025-0165488,0,0,0.17052598005741193
LC-2019-0277953,0,0,0.007387783781445629
LC-2019-0238534,0,0,0.023487783907144247
LC-2023-0732376,0,0,0.019888432029379968
LC-2024-0135923,0,0,0.007502992896108408
LC-2020-0608204,0,0,0.18067648672958372
LC-2025-0896508,0,0,0.04388430478580416
LC-2023-0099839,0,0,0.047829806548966236
LC-2021-0065802,0,0,0.1963512337759696
LC-2019-0678389,0,0,0.01547481910153029
LC-2023-0555103,0,0,0.008545121902164846
LC-2023-0163309,0,0,0.21746829487492947
LC-2024-0715991,0,0,0.22455583539217436
LC-2023-0548718,0,0,0.047320026018157664
LC-2020-0033052,0,0,0.08411415391419136
LC-2022-0048217,0,0,0.020754363518865504
LC-2022-0132457,0,0,0.028501855550457908
LC-2019-0171301,0,0,0.0040809242728725844
LC-2019-0348690,0,0,0.020783914037831742
LC-2020-0048423,0,0,0.06285574784516049
LC-2019-0274390,0,0,0.02729641541403714
LC-2023-0292387,0,0,0.026246016744228707
LC-2022-0094812,0,0,0.08099506019881708
LC-2025-0748600,0,0,0.019232027804029512
LC-2021-0457161,0,0,0.10929759453508109
LC-2020-0472245,0,0,0.47438506795556845
LC-2019-0553674,0,0,0.021573328750982623
LC-2019-0462040,0,0,0.0478019640422535
LC-2021-0634978,0,0,0.00629568777299735
LC-2021-0536441,0,0,0.05802939266221557
LC-2019-0624853,0,0,0.06582355090045264
LC-2021-0389273,0,0,0.04472534514625087
LC-2023-0612313,0,0,0.03850698096023442
LC-2019-0686548,0,0,0.017996733822167613
LC-2025-0696063,0,0,0.005694993322373023
LC-2019-0209667,0,0,0.02754735136134598
LC-2022-0147892,0,0,0.21496958537865823
LC-2023-0160079,0,0,0.3319353716828519
LC-2025-0432760,0,0,0.0002756423486435253
LC-2021-0523590,0,0,0.21067309870030188
LC-2023-0506143,0,0,0.11812358799743537
LC-2021-0507533,0,0,0.2086112811115074
LC-2023-0457964,0,0,0.01269983006007746
LC-2025-0581999,0,0,0.10325106425851689
LC-2019-0364654,0,0,0.0
LC-2024-0599397,0,0,0.24186352010456308
LC-2019-0576894,0,0,0.0035573127206391807
LC-2022-0291824,0,0,0.048520258615881336
LC-2021-0069034,0,0,0.10552015898400759
LC-2019-0594654,0,0,0.024314249945899747
HC-2025-0511260,1,0,0.4008088630846893
LC-2019-0093453,0,0,0.018873768282817272
LC-2025-0475221,0,0,0.045532729326974726
LC-2019-0683359,0,0,0.04923565942028135
LC-2021-0091331,0,1,0.06473366708334001
LC-2022-0358535,0,0,0.13619135232484156
LC-2022-0344495,0,0,0.1663918466527461
LC-2021-0651058,0,0,0.004997477478430711
LC-2025-0779905,0,1,0.029508245964033075
LC-2020-0016315,0,0,0.10896023817323963
LC-2025-0112059,0,0,0.2493044640062025
LC-2025-0345811,0,0,0.03549246547160478
LC-2025-0669998,0,0,0.07135729043802445
LC-2019-0748389,0,0,0.04573825576708377
LC-2025-0797645,0,0,0.018671897400778098
LC-2022-0652613,0,0,0.20630180187307434
LC-2022-0079761,0,0,0.016076055296990122
LC-2020-0683770,0,0,0.004997477478430711
LC-2020-0319559,0,0,0.21422374639433805
LC-2023-0229945,0,0,0.01140840285688347
LC-2022-0206180,0,0,0.10679287785107242
LC-2024-0354845,0,0,0.3287767243490128
LC-2020-0046459,0,0,0.1591478013750242
LC-2024-0352800,0,0,0.0002756423486435253
LC-2022-0492569,0,0,0.038034765308480226
LC-2024-0283359,0,0,0.06019734468197762
LC-2021-0336598,0,0,0.0968705538500164
LC-2025-0202730,0,0,0.2695711481563386
LC-2021-0564601,0,0,0.10798717275659271
LC-2023-0430679,0,0,0.029219712537210035
LC-2023-0300671,0,0,0.030062602729274638
LC-2019-0337640,0,0,0.01428065018993234
LC-2024-0628204,0,0,0.0
LC-2020-0612113,0,0,0.07055737689005565
LC-2023-0327321,0,1,0.11542880331890029
LC-2025-0633790,0,0,0.34096604364823735
LC-2021-0420053,0,0,0.17161944669318502
LC-2022-0269411,0,0,0.03589429327595689
LC-2024-0017679,0,0,0.0800907235109865
LC-2021-0379992,0,0,0.016170103393617442
LC-2022-0472360,0,0,0.4564942910494444
LC-2025-0879478,0,0,0.08909583877606288
LC-2024-0676160,0,0,0.004677676234323251
LC-2024-0299689,0,0,0.022800532693402018
LC-2025-0028202,0,0,0.10321090197873332
LC-2024-0035993,0,0,0.32608334740256095
LC-2024-0380979,0,0,7.342177634956852e-05
LC-2024-0359409,0,0,0.011557357103227871
LC-2025-0772508,0,0,0.10922839786804724
LC-2025-0919253,0,0,0.0597815211490504
LC-2019-0077764,0,0,0.013140168756085641
LC-2020-0289893,0,0,0.06601002019805588
LC-2024-0216773,0,0,0.011856619046793386
LC-2024-0684661,0,0,0.1551110857159875
LC-2019-0829142,0,0,0.042771373391903664
LC-2025-0438726,0,0,0.07073504672898126
LC-2025-0900186,0,0,0.2645357147408188
LC-2019-0654613,0,0,0.01644952085085528
LC-2021-0264837,0,0,0.009342097245456853
LC-2019-0557367,0,0,0.10671680377948548
LC-2025-0730602,0,0,0.31224549998185613
LC-2023-0081655,0,0,0.11660461206675189
LC-2021-0457239,0,0,0.0004229416536472334
LC-2022-0135668,0,0,0.006943109166492696
LC-2024-0343919,0,0,0.4210157131406668
LC-2023-0434981,0,0,0.12370819209634165
LC-2022-0206943,0,0,0.3625887411430672
LC-2022-0011142,0,0,0.02781218094062549
LC-2025-0689170,0,0,0.4391861936888274
LC-2020-0656872,0,0,0.012197910659986853
LC-2023-0443621,0,0,0.1055671402649163
LC-2020-0574109,0,0,0.03133520351487804
LC-2022-0523973,0,0,0.28209078211915317
LC-2019-0373129,0,0,0.02007734785011611
LC-2023-0634644,0,0,0.05951083413091226
LC-2023-0158327,0,0,0.008641205380972973
LC-2024-0270426,0,0,0.11116366301456583
LC-2025-0102512,0,0,0.06684568780801654
LC-2023-0180953,0,0,7.342177634956852e-05
LC-2022-0379147,0,0,0.07120128901479088
LC-2024-0715337,0,0,0.11509347390932056
LC-2021-0122907,0,0,0.04064446421962571
LC-2020-0448839,0,0,0.09606221742083777
LC-2021-0641391,0,0,0.005523396736127555
LC-2020-0441893,0,0,0.25288499095550004
LC-2022-0054600,0,0,0.010040144229541692
LC-2023-0116015,0,0,0.07860279620439113
LC-2025-0970925,0,0,0.1134943572162293
LC-2024-0755093,0,0,0.009100087742750208
LC-2025-0618661,0,0,0.01742395844327692
LC-2024-0233031,0,0,0.11183771375322987
LC-2021-0465494,0,0,0.072380159889985
LC-2022-0314638,0,0,0.13038613165938998
LC-2021-0401399,0,0,0.0013441925605480415
LC-2024-0617897,0,0,0.0063150986341806836
LC-2025-0515904,0,0,0.07275078880243224
LC-2022-0514172,0,0,0.0013377242622002134
LC-2022-0521385,0,0,0.10741035331896205
LC-2020-0100794,0,0,0.07910614950770958
LC-2023-0228009,0,0,0.18700512406756084
LC-2024-0004955,0,0,0.0009153679983132447
LC-2025-0145413,0,0,0.0017201441862035145
LC-2023-0584125,0,0,0.0
LC-2021-0499450,0,0,0.002207391304527809
LC-2021-0610183,0,0,0.05747342027246418
LC-2024-0597910,0,0,0.22294733033907796
LC-2025-0461327,0,0,0.06538014868845801
LC-2025-0951384,0,0,0.0455247536266303
LC-2021-0544718,0,0,0.05253136525658229
LC-2023-0673721,0,0,0.007771137492515787
LC-2025-0682472,0,0,0.13268034481306082
LC-2022-0344932,0,0,0.23357950320385312
HC-2021-0066981,1,0,0.6876683486241439
LC-2023-0312675,0,0,0.058303220416615315
LC-2022-0563575,0,0,0.362650244625328
LC-2024-0139819,0,0,0.08633886805697459
LC-2024-0507114,0,0,0.10067864387507791
LC-2020-0633626,0,0,0.16363167769108017
LC-2024-0720078,0,0,0.14463543032078152
LC-2022-0626718,0,0,7.342177634956852e-05
LC-2019-0267409,0,0,0.005982074452871392
LC-2019-0069018,0,0,0.07234071545532314
LC-2019-0563683,0,0,0.01896717163494293
LC-2019-0497988,0,0,0.1609215624446673
LC-2021-0253514,0,0,0.045378171773687324
LC-2021-0307402,0,0,0.21018395672976534
LC-2020-0420100,0,0,0.014563498385681155
LC-2025-0176803,0,0,0.021185688256289505
LC-2023-0451708,0,0,0.09026858325360716
LC-2021-0028138,0,0,0.12849553570871977
LC-2023-0136621,0,0,0.001081703704790743
LC-2021-0520603,0,0,0.08892828967955788
LC-2024-0124758,0,0,0.13941540730979704
LC-2023-0317130,0,0,0.05907920565990977
LC-2025-0811476,0,0,0.03470627351502697
LC-2022-0301084,0,0,0.08480578352718224
LC-2023-0740530,0,0,0.178709336051662
LC-2023-0461326,0,0,0.11362099057922917
LC-2022-0699081,0,0,0.1201947330444093
LC-2020-0570684,0,0,0.008786607085157811
LC-2023-0694058,0,0,0.13720648435419755
LC-2025-0829020,0,0,0.01026197884331605
LC-2023-0248754,0,0,0.11459724238463576
LC-2024-0545696,0,0,0.009060690137878209
LC-2019-0113473,0,0,0.035154230291899416
LC-2022-0247911,0,0,0.550254134161206
LC-2024-0671024,0,0,0.06240441335642129
LC-2023-0655908,0,0,0.06220440382304422
LC-2023-0581507,0,0,0.19264142723400987
LC-2024-0756891,0,0,0.0062321536530744815
LC-2025-0169012,0,0,0.17632307137373876
LC-2019-0577547,0,0,0.026250103719540178
LC-2023-0542595,0,0,0.264804413353845
LC-2022-0569406,0,0,0.18411847187539934
LC-2025-0070877,0,0,0.2117560873495604
LC-2022-0693152,0,0,0.3828536158486231
LC-2024-0564078,0,0,0.10645155788876579
LC-2022-0546017,0,0,0.07292565014465376
LC-2021-0575254,0,0,0.0937849514544376
LC-2020-0044598,0,0,0.014919271458533431
LC-2021-0514868,0,0,0.0250354418286745
LC-2019-0138765,0,0,0.008867743928204547
LC-2025-0622356,0,0,0.046788803018381724
LC-2019-0181576,0,0,0.1048597502032319
LC-2023-0511552,0,0,0.21662364240274823
LC-2023-0362091,0,0,0.2232759329725797
LC-2022-0079551,0,1,0.014315449528705329
LC-2019-0290032,0,0,0.046958890150368804
LC-2025-0444389,0,1,0.07695228881829105
LC-2022-0212497,0,0,0.24993717994179424
LC-2019-0086575,0,0,0.01413413831534483
LC-2025-0653759,0,0,0.045899255363078664
LC-2025-0286869,0,0,0.08287336670975762
LC-2023-0649618,0,0,7.342177634956852e-05
LC-2021-0498900,0,0,0.0185816373573071
LC-2025-0233491,0,0,0.05383405298407677
LC-2025-0351282,0,0,0.0004963634299968018
LC-2025-0866851,0,0,0.281956533581776
LC-2024-0560821,0,0,0.12941982917331632
LC-2019-0647436,0,0,0.020151895314599284
LC-2025-0261330,0,0,0.062052574855840203
LC-2023-0580302,0,0,0.1836344443513956
LC-2020-0285189,0,0,0.1678032469783906
LC-2021-0441490,0,0,0.0002756423486435253
LC-2025-0390097,0,0,0.029757025056443568
LC-2024-0603480,0,0,0.08306925589514325
LC-2022-0531093,0,0,0.38344875327381595
LC-2024-0682557,0,0,0.11485992314198659
LC-2020-0110480,0,0,0.17475319647413248
LC-2019-0295203,0,0,0.18890958012937664
LC-2025-0637114,0,0,0.014656254536382004
LC-2025-0016518,0,0,0.01922252629235337
LC-2019-0769100,0,0,0.03531901854330451
LC-2025-0630543,0,0,0.4405146744022553
LC-2022-0557719,0,0,0.03458216320465966
LC-2024-0531676,0,0,0.10626321018486269
LC-2024-0143101,0,0,0.009664069739704599
LC-2019-0625503,0,0,0.031112261537633343
LC-2024-0749839,0,0,0.21668749287752098
LC-2019-0344178,0,0,0.20062034248529262
LC-2020-0097757,0,0,0.08935188458103237
LC-2024-0250537,0,0,0.44840410802188607
LC-2019-0024408,0,0,0.03178258963713043
LC-2022-0660605,0,0,0.2262283378528582
LC-2025-0485867,0,0,0.013313572288767079
LC-2024-0267497,0,0,0.08276350100192907
LC-2023-0570302,0,0,0.22368556318628474
LC-2025-0491678,0,0,0.12781437859528277
LC-2020-0610647,0,0,0.20801209433706375
LC-2021-0560023,0,0,0.04961843348403781
LC-2019-0293949,0,0,0.014006636838589962
LC-2025-0508046,0,0,0.15045369994951716
LC-2024-0396158,0,0,0.0006985840022907585
LC-2019-0645773,0,0,0.015208889949356059
LC-2019-0426175,0,0,0.03171153391429557
LC-2022-0438938,0,0,0.19288457914110213
LC-2024-0377233,0,0,0.1075237235430808
LC-2019-0332837,0,0,0.01886941438952918
HC-2021-0367801,1,0,0.45633462381544876
LC-2024-0703157,0,0,0.272960892806718
LC-2023-0031484,0,0,0.2669340967229801
LC-2024-0351639,0,0,0.015487683112380241
LC-2024-0757149,0,0,0.016436100793114736
LC-2025-0855749,0,0,0.009681916337324951
LC-2021-0510339,0,0,0.00810296524194412
LC-2025-0674031,0,0,0.05831366191836215
LC-2024-0235838,0,0,0.08977138513797586
LC-2023-0326518,0,0,0.43379568662981904
LC-2019-0062578,0,0,0.15096582353849694
LC-2020-0543742,0,0,0.270052966754194
LC-2025-0659863,0,0,0.08790244003077444
LC-2024-0417794,0,0,0.2851877313982865
LC-2024-0104511,0,0,0.0917956488590839
LC-2021-0385552,0,0,0.0005854716989612692
LC-2019-0348466,0,0,0.0024811188677987387
LC-2025-0095124,0,0,0.028175005943454047
LC-2023-0713086,0,0,0.008058563074951279
LC-2021-0638380,0,0,0.0002756423486435253
LC-2024-0672075,0,0,0.4228387859866531
LC-2023-0328129,0,0,0.12131393981555438
LC-2023-0123380,0,0,0.15881290414026603
LC-2019-0310337,0,0,0.06313568196235912
LC-2019-0539947,0,0,0.029943452985527804
LC-2024-0314879,0,0,0.14737937980724347
LC-2023-0603387,0,0,0.23021954711064196
LC-2023-0285618,0,0,0.30542114489146216
LC-2024-0329321,0,0,0.004454073589921498
LC-2019-0435066,0,0,0.11014033903245413
LC-2023-0188347,0,0,0.0987836603467203
LC-2019-0040935,0,0,0.03441097202170807
LC-2019-0061590,0,0,0.008678777227043378
LC-2023-0550701,0,0,0.16708345417263093
LC-2019-0540363,0,0,0.08533571253759359
LC-2023-0463538,0,0,0.028623213198452954
LC-2025-0381946,0,0,0.5521872993847812
LC-2023-0112702,0,0,0.052459975500490044
LC-2022-0125223,0,0,0.003280170352047886
LC-2024-0328469,0,0,0.005442894907495974
LC-2021-0549725,0,0,0.22710018432699366
LC-2019-0419566,0,0,0.018999748871913892
LC-2024-0616409,0,0,0.06311064389642042
LC-2025-0123842,0,0,0.027457158818513565
LC-2019-0557266,0,0,0.05457937216638078
LC-2019-0328100,0,0,0.021407292918394792
LC-2025-0773253,0,0,0.10070517555057328
LC-2021-0145089,0,0,0.16611914379595377
LC-2023-0517947,0,0,0.16506054094176725
LC-2024-0164228,0,0,0.003280170352047886
LC-2022-0116990,0,0,0.06168385827763975
LC-2019-0559928,0,0,0.020719718656851394
LC-2021-0199336,0,0,0.0012517571850885892
LC-2025-0179306,0,0,0.14124966435465414
LC-2023-0511538,0,0,0.16619702182662785
LC-2023-0328342,0,0,0.030386129269578125
LC-2025-0961397,0,0,0.014130455640539004
LC-2019-0405189,0,0,0.003182861032621672
LC-2024-0645782,0,0,0.4124116709395522
LC-2021-0254382,0,0,0.1729170164721978
LC-2021-0023515,0,0,0.19129938447971465
LC-2020-0594841,0,0,0.16553467763286922
LC-2022-0331172,0,0,0.05681068727109406
LC-2025-0820482,0,0,0.4862493866128419
LC-2021-0268626,0,0,0.035716225841017135
LC-2022-0665384,0,0,0.09071516114183682
LC-2024-0167792,0,0,0.0735876357659507
LC-2023-0492748,0,0,0.16183567542920244
LC-2019-0139260,0,0,0.1957453619022203
LC-2023-0059237,0,0,0.03799834762912856
LC-2022-0196495,0,0,0.37585568807187186
LC-2025-0161852,0,0,0.014882206196985968
LC-2020-0190553,0,0,0.3274817148800956
LC-2019-0043166,0,0,0.017673715275707744
LC-2024-0206233,0,0,0.001081703704790743
LC-2024-0558183,0,0,0.07232129748667934
HC-2019-0238590,1,0,0.530720814137469
LC-2024-0432493,0,0,0.289961353542904
LC-2019-0434001,0,0,0.13815204456761024
LC-2025-0299575,0,0,0.10684933280823099
LC-2021-0253584,0,0,0.0049884142974381965
LC-2022-0139146,0,0,0.07254508411931297
LC-2025-0974394,0,0,0.07832328599775751
LC-2023-0736773,0,0,0.02290022360230726
LC-2019-0428424,0,0,0.2009948617662338
LC-2025-0239778,0,0,0.010841599313170414
LC-2022-0278193,0,0,0.04136623283717034
LC-2025-0293318,0,0,0.38877091294938
LC-2019-0609716,0,0,0.26024144430493545
LC-2023-0209578,0,0,0.07766766931015572
LC-2019-0464848,0,0,0.009505000907634701
LC-2025-0705289,0,0,0.025756681147265308
LC-2020-0154167,0,0,0.15481134977103309
LC-2019-0244796,0,0,0.021235891511955134
LC-2024-0056657,0,0,0.13300155357571827
LC-2022-0463287,0,0,0.05821521298713679
LC-2022-0317621,0,0,0.11084550117554022
LC-2019-0570599,0,0,0.027953911309626447
LC-2019-0567984,0,0,0.014390822775598215
LC-2022-0083906,0,0,0.04967388242810504
LC-2025-0699922,0,0,0.0006985840022907585
LC-2019-0619023,0,0,0.027933914673399292
LC-2021-0505647,0,0,0.0
LC-2022-0642112,0,0,0.08412498962228847
LC-2024-0323671,0,0,0.17451774152841412
LC-2024-0118067,0,0,0.0698664115914999
LC-2020-0559783,0,0,0.1033267119601199
LC-2019-0318178,0,0,0.05643602775947185
LC-2020-0672051,0,0,0.18536776993462165
LC-2021-0135060,0,0,0.12285189341622514
LC-2020-0009521,0,0,0.09648165528192643
LC-2021-0501831,0,0,0.011407520858030859
LC-2023-0073126,0,0,0.025123085613962544
LC-2024-0451217,0,0,0.02544176466718849
LC-2022-0187165,0,0,0.35783137115217906
LC-2022-0041635,0,0,0.02666921736835965
LC-2024-0460135,0,0,0.4767171129238792
LC-2023-0430783,0,0,0.051561171163317404
LC-2022-0696009,0,0,0.016925875720661267
LC-2019-0222538,0,0,0.008889341312268694
LC-2020-0106004,0,0,0.09712540551818796
LC-2025-0783647,0,0,0.27163325911061287
LC-2024-0082985,0,0,0.00697663639172854
LC-2024-0074118,0,0,0.41402343433628686
LC-2025-0173471,0,0,0.0004963634299968018
LC-2023-0080222,0,0,0.04093885893905878
LC-2023-0676072,0,0,0.031037980517465286
LC-2025-0857600,0,0,0.06270443112698505
LC-2022-0625605,0,0,0.1728869754852065
LC-2022-0290577,0,0,0.18921519883464805
LC-2022-0498825,0,0,0.03389295999687649
LC-2023-0508685,0,0,0.1405244783058651
LC-2025-0282493,0,0,0.29472820058450305
LC-2023-0676364,0,0,0.015104309324022982
LC-2019-0267769,0,0,0.057103287827614285
LC-2021-0533501,0,0,0.007164975233392879
LC-2022-0313196,0,0,0.08366805773159015
LC-2024-0702702,0,0,0.09731779808102373
LC-2019-0750206,0,0,0.03429202894840201
LC-2024-0460577,0,0,0.0037555681561534477
LC-2024-0058601,0,0,0.06001136567973795
LC-2024-0243875,0,0,0.008818498459985866
LC-2020-0671978,0,0,0.004192360169450468
LC-2022-0385184,0,0,0.28850295690763433
LC-2024-0700098,0,0,0.1854689581782242
LC-2025-0328919,0,0,0.18617655726768853
LC-2025-0637066,0,0,0.0368054438525744
LC-2024-0579954,0,0,0.11602155530183632
LC-2024-0448387,0,0,0.04684506593232438
LC-2019-0029346,0,0,0.020745392093631868
LC-2022-0000327,0,0,0.37114778067333004
LC-2024-0769351,0,0,0.08115518410258012
LC-2025-0565194,0,0,0.012181994391084845
LC-2023-0311399,0,0,0.0019028542612725856
LC-2020-0235195,0,0,0.08772460993446668
LC-2025-0421127,0,0,0.0052008491066699225
LC-2022-0670941,0,0,0.09215592291472975
LC-2019-0105252,0,0,0.16545382057153404
LC-2019-0664591,0,0,0.03390398662417289
LC-2022-0524871,0,1,0.009901385016020704
LC-2021-0194969,0,0,0.31510175970096305
LC-2025-0119285,0,0,0.05361699921397659
LC-2025-0920058,0,0,0.12555484490769056
LC-2022-0074456,0,0,0.3360213949149232
LC-2025-0946321,0,0,0.15139943111397725
LC-2024-0366728,0,0,0.25723062740543784
LC-2020-0135736,0,0,0.08809779963982865
LC-2022-0563082,0,0,0.06346605371273434
LC-2025-0188586,0,0,0.08740006823724843
LC-2022-0305246,0,0,0.009626532928022097
LC-2024-0595112,0,0,0.012388118033718658
LC-2019-0562552,0,0,0.062119610016995536
LC-2024-0284752,0,0,0.004434209280678431
LC-2023-0406149,0,0,0.12984288268435493
LC-2022-0529242,0,0,0.3823052589732534
LC-2021-0020739,0,0,0.5979104632109563
LC-2022-0079837,0,0,0.08239677240856036
LC-2021-0629019,0,0,0.04017910691792656
LC-2020-0229256,0,0,0.15318010939048773
LC-2025-0663045,0,0,0.12094680229574724
LC-2021-0184925,0,0,0.01811307481137206
LC-2023-0271909,0,0,0.04979650638729953
LC-2021-0261051,0,0,0.04223311809338541
LC-2022-0537237,0,0,0.10951452045972715
LC-2024-0252370,0,0,0.03830794786987431
LC-2021-0640676,0,0,0.010435808461897504
LC-2022-0633744,0,0,0.0002756423486435253
LC-2025-0456540,0,0,0.1659820861575867
LC-2019-0756062,0,0,0.0844019354745965
LC-2019-0661413,0,0,0.03170307553451537
LC-2019-0655276,0,0,0.04662392959941011
LC-2022-0682100,0,0,0.43353602762183163
LC-2021-0176760,0,0,0.18779259906649845
LC-2022-0193010,0,0,0.06827076189174963
LC-2024-0425001,0,0,0.1759036668513027
LC-2023-0317267,0,0,0.1608951348685051
LC-2023-0554954,0,0,0.48740379821905366
LC-2019-0335230,0,1,0.06284959014049528
LC-2021-0263818,0,0,0.300605591049149
LC-2022-0690473,0,0,0.06134219692434959
LC-2021-0113872,0,0,0.04026561610900175
LC-2019-0349283,0,0,0.024856041843385218
LC-2019-0464802,0,0,0.04975884213631663
LC-2023-0163189,0,0,0.12023728367815176
LC-2022-0267968,0,0,0.13865955100285454
LC-2022-0062201,0,0,0.06901914853137808
LC-2023-0147199,0,0,0.007311648634564844
LC-2020-0561712,0,0,0.08398333528698647
LC-2023-0195372,0,0,0.04231417343875043
LC-2023-0210581,0,0,0.1069771104997526
LC-2019-0338134,0,0,0.022680909352628245
LC-2019-0448272,0,0,0.04103970698882345
LC-2020-0447589,0,0,0.03496184569621228
LC-2020-0458861,0,0,0.09271674725749401
LC-2025-0837203,0,0,0.08521653449298708
LC-2022-0431391,0,0,0.005352337627044035
LC-2023-0498373,0,0,0.025033369187389867
LC-2021-0085572,0,0,0.011489103493561003
LC-2022-0287588,0,0,0.09066236432016185
LC-2023-0217440,0,0,0.08757634424063557
LC-2019-0172601,0,0,0.014211059002135495
LC-2022-0609866,0,0,0.08805609876202164
LC-2021-0129665,0,0,0.0061243492766217475
LC-2023-0699829,0,0,0.320166751272254
LC-2025-0936702,0,0,0.22766081254459647
LC-2024-0624873,0,0,0.5016768016642144
LC-2024-0723749,0,0,0.007298629237185912
LC-2019-0357254,0,0,0.07046353462719535
LC-2023-0674764,0,0,0.051761280674172114
LC-2022-0612931,0,1,0.20924774813311459
LC-2025-0329495,0,0,0.11737373762524447
LC-2023-0326997,0,0,0.01748052959868486
LC-2025-0705926,0,0,0.006849038223842315
LC-2023-0574757,0,0,0.023278244830312666
LC-2024-0063238,0,0,0.06630284720049325
LC-2020-0647601,0,0,0.054513985824699074
LC-2021-0571290,0,0,0.03841160131984526
LC-2020-0006458,0,1,0.6218621120960496
LC-2024-0286241,0,0,0.11780384591674395
HC-2021-0234518,1,0,0.7104550183043795
LC-2023-0188302,0,0,0.023367087968746193
LC-2022-0193673,0,0,0.10701185526874513
LC-2019-0825162,0,0,0.10744873718729121
LC-2023-0508354,0,0,0.012882540354594659
LC-2021-0226377,0,0,0.001081703704790743
LC-2019-0114039,0,0,0.04815054949761665
LC-2025-0136945,0,0,0.002441910122304809
LC-2019-0580811,0,0,0.05284446824062852
LC-2021-0628215,0,0,0.0008611140476047944
LC-2023-0619896,0,0,0.08513551036545358
LC-2020-0573898,0,0,0.03946607018953419
LC-2022-0478829,0,0,0.16791954985453375
LC-2020-0101598,0,1,0.07158908807766844
LC-2023-0043930,0,0,0.10245565546047443
LC-2024-0115288,0,0,0.006216915751979329
LC-2025-0479152,0,0,0.020844310933830244
LC-2024-0542078,0,0,0.0
LC-2021-0598894,0,0,0.16814193718456794
LC-2020-0449986,0,0,0.09322417822999159
LC-2020-0077845,0,0,0.15292863290353043
LC-2019-0662186,0,0,0.02080213298105923
LC-2020-0669958,0,0,0.0002756423486435253
LC-2020-0061399,0,0,0.0036752873772876826
LC-2022-0113762,0,0,0.08768248949890785
LC-2021-0401330,0,0,0.14968888111409628
LC-2025-0276610,0,0,0.0004963634299968018
LC-2024-0377381,0,1,0.25882036930310887
LC-2024-0582228,0,0,0.1947068065487869
LC-2021-0566435,0,0,0.3430117880412441
LC-2025-0441081,0,0,0.33932289663447784
LC-2022-0525211,0,0,0.042564141443700514
LC-2025-0891830,0,0,0.06455049707663182
LC-2023-0467155,0,0,0.26954200564008113
LC-2022-0524290,0,0,0.02828002091561044
LC-2025-0486691,0,0,0.22393004910714423
LC-2023-0421377,0,0,0.07428883903777456
LC-2023-0514594,0,0,0.08120029822591227
LC-2021-0449640,0,0,0.013134327330476543
LC-2025-0624382,0,0,0.001081703704790743
LC-2021-0444580,0,0,0.3071269630911207
LC-2019-0447319,0,0,0.04968031786524062
LC-2025-0612227,0,0,0.08380591164817798
LC-2021-0488557,0,0,0.15873778604079886
LC-2024-0208224,0,0,0.007334347395929843
LC-2022-0359256,0,0,0.00851286792175674
LC-2019-0287209,0,0,0.14263053127026193
LC-2025-0965824,0,0,0.006822339451799524
LC-2023-0404802,0,0,0.024097157328267064
LC-2020-0493496,0,0,0.0004963634299968018
LC-2019-0409779,0,0,0.05528624890689378
LC-2021-0061753,0,0,0.1275295279895904
LC-2021-0496655,0,0,0.11893778554465166
LC-2020-0364692,0,0,0.15011850353596418
LC-2022-0448191,0,0,0.0381666959427911
LC-2025-0905186,0,0,0.01867036104231371
HC-2025-0940439,1,0,0.6132150385062994
LC-2020-0254165,0,0,0.09169887890496074
LC-2023-0052791,0,0,0.054239017435220235
LC-2023-0361424,0,0,0.002353346398537452
LC-2023-0267027,0,0,0.4625689637771315
LC-2023-0324385,0,0,0.010867103027862706
LC-2023-0714156,0,0,0.03717879781160311
LC-2022-0624424,0,0,0.01467027846193259
LC-2022-0422877,0,0,0.33638898633626707
LC-2019-0657457,0,0,0.06001248484438351
LC-2022-0091865,0,0,0.002227205487804659
LC-2024-0671456,0,0,0.008570086595839395
LC-2025-0079415,0,0,0.10371951880098544
LC-2019-0680990,0,0,0.19544780957082114
LC-2021-0573426,0,0,0.05339933560024239
LC-2023-0200834,0,0,7.342177634956852e-05
LC-2019-0690376,0,0,0.022308151411383835
LC-2022-0614463,0,0,0.0004963634299968018
LC-2021-0291106,0,0,0.051430405468474376
LC-2025-0822507,0,0,0.0823739316621192
LC-2021-0189560,0,0,0.007056783441961836
LC-2024-0752794,0,0,0.10995653446345695
LC-2022-0114670,0,0,0.43917771910742187
LC-2021-0439142,0,0,0.029478734307167676
LC-2021-0566740,0,0,0.028606708331233705
LC-2020-0047819,0,0,0.04335702334804784
LC-2022-0314782,0,0,0.31622352943061977
LC-2021-0061453,0,0,0.11622878616754496
LC-2025-0823430,0,0,0.002296583234287832
LC-2019-0208041,0,0,0.0
LC-2022-0020572,0,0,0.0442415356804679
LC-2021-0579197,0,0,0.1255365226591616
LC-2021-0615107,0,0,0.0002756423486435253
LC-2023-0217356,0,0,0.14762610563742068
LC-2025-0137272,0,0,0.18434389680581506
LC-2021-0021093,0,0,0.006499302088539974
LC-2025-0245864,0,0,0.0002756423486435253
LC-2023-0085314,0,0,0.03336235759215595
LC-2025-0711062,0,0,0.13377210198849104
LC-2024-0243156,0,0,0.14787022168380073
LC-2019-0793866,0,0,0.05273182271358493
LC-2021-0311806,0,0,0.11061578621620093
LC-2022-0573195,0,0,0.03244072984917219
LC-2025-0374959,0,0,0.2615477538575757
LC-2019-0257406,0,0,0.1106848445583472
LC-2022-0314217,0,0,0.11914879906058501
LC-2025-0312469,0,0,0.48249026356750435
LC-2022-0182427,0,0,0.08939677308777717
LC-2024-0067176,0,0,0.12038956684721118
LC-2025-0164080,0,0,0.006216093258100773
LC-2025-0971400,0,0,0.0018699326090394755
LC-2025-0328413,0,0,0.15642751607782826
LC-2024-0528624,0,0,0.31520529062271174
LC-2020-0068902,0,0,0.13694519332121177
LC-2019-0191427,0,0,0.10001986885547509
LC-2019-0283929,0,0,0.021736563041934828
LC-2025-0961280,0,0,0.00712322257091633
LC-2025-0765280,0,0,0.23287527646956935
LC-2024-0728203,0,0,0.1300852402546768
LC-2023-0352532,0,0,0.0004229416536472334
LC-2021-0222923,0,0,0.0013801676738873648
LC-2025-0039351,0,0,0.0027510665805731715
LC-2023-0606048,0,0,0.014108596327012494
LC-2021-0098397,0,0,0.30401385580097096
LC-2019-0721985,0,0,0.03615278813989513
LC-2023-0320969,0,0,0.001081703704790743
LC-2023-0583952,0,0,0.007659238456774893
LC-2022-0407551,0,0,0.018159975121169455
LC-2024-0138474,0,0,0.038493304319823854
LC-2025-0114114,0,0,0.06537474524334423
LC-2023-0543430,0,0,0.04540296127027606
LC-2024-0236976,0,0,0.0018144830608513402
LC-2019-0276146,0,0,0.02266626822900245
LC-2021-0586798,0,0,0.04576218635770795
LC-2020-0072702,0,0,0.06833970990291366
LC-2022-0167680,0,0,0.09015365503822405
HC-2023-0137713,1,0,0.469649212446702
LC-2023-0517030,0,0,0.21643654614858276
LC-2021-0538207,0,0,0.0551194638790674
LC-2019-0555305,0,0,0.0048752402203934625
LC-2023-0004834,0,0,0.21329784783564892
LC-2019-0410397,0,0,0.014350592594827549
LC-2024-0131639,0,0,0.10164358151068933
LC-2025-0937211,0,0,0.01654825699446337
LC-2024-0413028,0,0,0.04964699308311811
LC-2024-0135151,0,0,0.0034133235189733767
LC-2022-0293551,0,0,0.14496756798163632
LC-2025-0059581,0,0,0.1293343768999046
LC-2024-0319599,0,0,0.12071996648368896
LC-2024-0348613,0,1,0.2399943364717501
LC-2020-0152993,0,0,0.05242492631879156
LC-2024-0468450,0,0,0.15227829506683457
LC-2019-0760720,0,0,0.0004229416536472334
LC-2020-0109531,0,0,0.11162171067519668
LC-2024-0693353,0,0,0.3586716649309033
LC-2021-0444613,0,0,0.059957490737276666
LC-2019-0761893,0,0,0.08266715727427514
LC-2025-0215562,0,0,0.37273835218635976
LC-2020-0064877,0,0,0.07320547194282993
LC-2025-0933003,0,0,0.023643622431440085
LC-2019-0753855,0,0,0.3401521876002157
LC-2021-0182773,0,0,0.1810602887577472
LC-2023-0154555,0,0,0.1305004636450435
LC-2022-0371877,0,0,0.057735538826667925
LC-2020-0075877,0,0,0.05560485240982088
LC-2022-0074472,0,0,0.2653526172615331
LC-2020-0004057,0,0,0.1290866038980874
LC-2020-0524609,0,0,0.18308376160040027
LC-2024-0130832,0,0,0.5357029045225
LC-2025-0751773,0,0,0.08720045385616419
LC-2022-0180902,0,0,0.4755560224448336
LC-2025-0769817,0,0,0.004278427344834482
LC-2025-0459979,0,0,0.03468592047396847
LC-2025-0526916,0,0,0.783938943179226
LC-2020-0567011,0,0,0.0002756423486435253
LC-2022-0280738,0,0,0.09476217427668374
LC-2023-0548085,0,0,0.07787317284822085
LC-2024-0482632,0,0,0.05282505148240733
HC-2025-0571515,1,0,0.3707280947572715
LC-2024-0448053,0,0,0.3209568310507771
LC-2024-0573472,0,0,0.03766207602136217
LC-2021-0560703,0,0,0.16702342654322874
LC-2021-0510935,0,0,0.15985299946435103
LC-2024-0345613,0,0,0.3742016197474816
LC-2025-0452900,0,0,0.03548135294100702
LC-2022-0671277,0,0,0.07571298130135899
LC-2025-0718685,0,0,0.014485898529098677
LC-2025-0293973,0,0,0.09931460556529555
LC-2025-0728623,0,0,0.04638042949837393
LC-2023-0740345,0,0,0.17433146089390203
LC-2023-0659719,0,0,0.08584940399608622
LC-2021-0101439,0,0,0.04506391014220598
LC-2024-0347210,0,0,0.05477275764521122
LC-2019-0541420,0,0,0.05398768739304536
LC-2023-0581633,0,0,0.39070675207834527
LC-2025-0312132,0,0,0.09945358397413719
LC-2022-0206332,0,0,0.26720186340173063
LC-2024-0288772,0,0,0.0
LC-2024-0431241,0,0,0.12853878400811725
LC-2019-0120821,0,0,0.19500685222546327
LC-2022-0330691,0,0,0.10056909090085332
LC-2022-0085514,0,0,0.16117750869990702
LC-2021-0209435,0,0,0.002296583234287832
LC-2022-0553758,0,0,0.3411695609200403
LC-2021-0245452,0,0,0.2119760301653649
LC-2019-0444464,0,0,0.15082141747016564
LC-2019-0626600,0,0,0.02414774625319747
LC-2024-0389447,0,0,0.6463954020532288
LC-2022-0319036,0,0,0.08086415134172541
LC-2020-0527277,0,0,0.3287566214596134
LC-2024-0310578,0,0,0.20352545838959418
LC-2022-0051723,0,0,0.07541035983653269
LC-2022-0505484,0,0,0.05326165622282768
LC-2025-0959709,0,0,0.006819756217512688
LC-2019-0419691,0,0,0.015443961419328583
LC-2023-0667011,0,0,0.01063543181730016
LC-2025-0752578,0,0,0.03664417846755569
LC-2020-0148631,0,0,0.1599250807968223
LC-2023-0492625,0,0,0.5569200808819559
LC-2019-0334553,0,0,0.06223165564473442
LC-2023-0015453,0,0,0.09129114312384022
LC-2024-0027710,0,0,0.2602974201848557
LC-2024-0149505,0,0,0.14530086173962714
LC-2019-0162166,0,0,0.06604814346926643
LC-2019-0177577,0,0,0.023541604631565658
LC-2024-0399306,0,1,0.15960114386194427
LC-2021-0638701,0,0,0.0002756423486435253
LC-2023-0213074,0,0,0.04347508170541573
LC-2022-0418580,0,0,0.07354582995105366
LC-2025-0434808,0,0,0.01708743439333657
LC-2022-0015622,0,0,0.006145610820883281
LC-2019-0112769,0,0,0.02265091586040753
LC-2023-0611708,0,0,0.08639641174010773
LC-2022-0100704,0,0,0.0406904182665268
LC-2021-0126528,0,0,0.07343676214343853
LC-2023-0578520,0,0,0.044603029781048305
LC-2023-0648331,0,0,0.052462489219344315
LC-2019-0379850,0,0,0.02064129795735633
LC-2020-0610916,0,0,0.020851860179391505
LC-2019-0493214,0,0,0.011512992804591091
LC-2019-0293645,0,0,0.11123575815156578
LC-2023-0724670,0,0,0.6006229433409705
LC-2022-0057921,0,0,0.031395775640691695
LC-2023-0463131,0,0,0.028973801266505575
LC-2019-0792595,0,0,0.07524818428310238
LC-2021-0553351,0,0,0.0038977812163903296
LC-2023-0064095,0,0,0.007154197582622079
LC-2020-0557399,0,0,0.008639163767501038
LC-2022-0665376,0,0,0.25627011189733073
LC-2021-0310706,0,0,0.18856233042853668
LC-2024-0462072,0,0,0.12270824141705805
LC-2023-0699784,0,0,0.0819110713504065
LC-2022-0422611,0,0,0.1245345961644214
LC-2022-0323397,0,0,0.031720905121734075
LC-2024-0092230,0,0,0.09395880579018855
LC-2025-0083242,0,0,0.0189500364980013
LC-2020-0497937,0,0,0.16060315470193529
LC-2021-0576309,0,0,0.013018688167645887
LC-2022-0450942,0,0,0.17119309541228966
LC-2025-0793012,0,0,0.15329420722782341
LC-2020-0174002,0,0,0.18165170630636954
LC-2024-0369099,0,0,0.0002756423486435253
LC-2020-0161107,0,0,0.23808968798215396
LC-2023-0042661,0,0,0.18639955692191407
LC-2023-0110852,0,0,0.09799480772623866
LC-2022-0573480,0,0,0.15685570704011892
LC-2022-0486864,0,0,0.13783326735779133
LC-2020-0515275,0,0,0.10645232879046347
LC-2023-0489773,0,0,0.08785237029390083
LC-2023-0474003,0,0,0.13971784729178405
LC-2024-0453765,0,0,0.0
LC-2023-0128105,0,0,0.10101313281261906
LC-2023-0025542,0,0,0.10510242224311703
LC-2022-0200153,0,0,0.07712365163450198
LC-2024-0385138,0,0,0.01183551578961581
LC-2024-0477009,0,0,0.0657769995909605
LC-2019-0188210,0,0,0.07361228376641515
LC-2023-0455766,0,0,0.09539830850073835
LC-2021-0387549,0,0,0.0
LC-2022-0456763,0,0,0.16214884400309937
LC-2024-0466424,0,0,0.0002756423486435253
LC-2019-0719687,0,0,0.04383620111864619
LC-2024-0164457,0,0,0.2422819317467565
LC-2021-0401543,0,0,0.004557420599042206
LC-2023-0248866,0,0,0.25590276099243314
LC-2019-0441759,0,0,0.020816649684564828
LC-2025-0319216,0,0,0.004629851988013914
LC-2024-0255190,0,0,0.006164027310329378
LC-2020-0519491,0,0,0.40140916950431405
LC-2022-0497705,0,0,0.17730832184308554
LC-2024-0730701,0,0,0.16526487669981993
LC-2024-0349015,0,0,0.03032592146301774
LC-2021-0314979,0,0,0.5440193349788305
LC-2021-0436626,0,0,0.004891691523872064
LC-2023-0087156,0,0,0.024248562953430607
LC-2023-0260564,0,0,0.0548511761893793
LC-2022-0608774,0,0,0.45345277384802024
LC-2022-0048655,0,0,0.08097308272450553
LC-2023-0267432,0,0,0.15347407083845319
LC-2022-0374928,0,0,0.002353346398537452
LC-2019-0262162,0,0,0.05875835553809045
LC-2019-0139118,0,0,0.5126700584424174
LC-2022-0560474,0,0,0.32901900252828153
LC-2024-0022506,0,0,0.28401048578444793
LC-2022-0216023,0,0,0.35806761520092406
LC-2022-0306332,0,0,0.0004963634299968018
LC-2025-0885260,0,0,0.020624705708752408
LC-2021-0478499,0,0,0.001386544434097931
LC-2024-0481833,0,0,0.016376203577790294
LC-2024-0445547,0,0,0.12823899855092816
LC-2022-0213994,0,0,0.13370785663639426
LC-2019-0796436,0,0,0.10956603776163128
LC-2023-0694353,0,0,0.0
LC-2022-0362089,0,0,0.20858605275184794
LC-2024-0612339,0,0,0.0355379862753781
LC-2019-0642380,0,0,0.22422476304134292
LC-2019-0286308,0,0,0.0399059978691445
LC-2025-0930417,0,0,0.020014966594023412
LC-2024-0430519,0,0,0.18348086141979572
LC-2022-0007386,0,0,0.11631766194225454
LC-2019-0261739,0,0,0.0004229416536472334
LC-2025-0933285,0,0,0.49354318697431593
LC-2024-0197860,0,0,0.024109351414685468
LC-2023-0471867,0,0,0.3669167388451401
LC-2019-0225102,0,0,0.007913963327648309
LC-2023-0568566,0,0,0.10063352143220407
LC-2019-0490491,0,0,0.026997508596995054
LC-2019-0701865,0,0,0.05140220063113465
LC-2021-0308407,0,0,0.053040447349239114
LC-2021-0566571,0,0,0.055938520897303494
LC-2021-0552426,0,0,0.016251226329570188
LC-2019-0572043,0,0,0.10728145512307824
LC-2023-0097950,0,0,0.04328118980561955
LC-2023-0515156,0,0,0.17299006841396314
LC-2023-0158833,0,0,0.21746829487492947
LC-2024-0234024,0,0,0.09248402848994677
LC-2021-0559046,0,0,0.18807844407313346
LC-2019-0168260,0,0,0.03463431303048643
LC-2024-0424198,0,0,0.0004963634299968018
LC-2025-0621125,0,0,0.003328180592905827
LC-2019-0022496,0,0,0.014061834612759146
LC-2020-0451834,0,0,0.011875940360801624
LC-2019-0194192,0,0,0.024662070638647275
LC-2020-0439708,0,0,0.02199170961473325
LC-2020-0047073,0,0,0.015138973638236986
LC-2023-0681434,0,0,0.10761117535483418
LC-2021-0469397,0,0,0.09730770295341501
LC-2022-0520722,0,0,0.1537293191233049
LC-2024-0398956,0,0,0.0894474420348616
LC-2023-0611169,0,0,0.11758656200771216
LC-2024-0725117,0,0,0.0642530290022457
LC-2024-0593160,0,0,0.03304812663867284
LC-2023-0511802,0,0,0.05934722785286431
LC-2021-0533487,0,0,0.03416519487436161
LC-2022-0356216,0,0,0.08268153279261466
LC-2025-0879853,0,0,0.15088612410099
LC-2020-0433538,0,0,0.10054454440572219
LC-2019-0031001,0,0,0.01518038613714876
LC-2021-0607812,0,0,0.3026480012356176
LC-2023-0457487,0,0,0.11778902447714083
LC-2023-0210042,0,0,0.14499338107000764
LC-2021-0327631,0,0,0.00872002561574713
LC-2022-0186221,0,0,0.020959281857225086
LC-2020-0236244,0,0,0.0
LC-2025-0273187,0,0,0.06328204831385711
LC-2024-0568279,0,0,0.019698079273750464
LC-2020-0178036,0,0,0.014158243430081728
LC-2024-0688111,0,0,0.47457884102946785
LC-2023-0692443,0,0,0.07467571913626289
LC-2022-0038967,0,0,0.02792719627224222
LC-2021-0532383,0,0,0.010985819891752837
LC-2020-0086624,0,0,0.013521317562149476
LC-2022-0178357,0,0,0.06914849868399373
LC-2021-0391142,0,0,0.011775400455882738
LC-2022-0636992,0,0,0.036143837880610485
LC-2019-0054689,0,1,0.028539070163714157
LC-2025-0856771,0,0,0.008276179854500111
LC-2025-0818978,0,0,0.002752765805692796
LC-2023-0392402,0,0,0.03023639717535832
LC-2024-0264190,0,0,0.027853868939972964
LC-2020-0101921,0,0,0.16134238523107122
LC-2024-0456969,0,0,0.6397122487764896
LC-2024-0643798,0,0,0.07364576892461107
LC-2025-0567108,0,0,0.0014049701172736474
LC-2019-0218755,0,0,0.01981903287455475
LC-2019-0413144,0,0,0.022659132123753752
LC-2021-0262021,0,0,0.1262643216988296
LC-2024-0632144,0,0,0.20867152120212468
LC-2024-0645530,0,0,0.12883374042258075
LC-2023-0704836,0,0,0.1169586458800564
LC-2019-0239114,0,0,0.02595161408150905
LC-2021-0580535,0,0,0.12447515203843017
LC-2019-0112880,0,0,0.005041149996842873
LC-2025-0356273,0,0,0.04784792295184731
LC-2023-0551167,0,0,0.22459976105559223
LC-2019-0112211,0,0,0.013134810530060236
LC-2019-0561606,0,0,0.01590734271454941
LC-2023-0225641,0,0,0.4429324919309699
LC-2021-0420152,0,0,7.342177634956852e-05
LC-2022-0282095,0,0,0.0455977088608213
LC-2023-0161274,0,0,0.17392349488293238
LC-2025-0669655,0,0,0.009343834094713274
LC-2022-0033251,0,0,0.401593945188081
LC-2022-0609878,0,0,0.11343305812042193
LC-2025-0670222,0,0,0.07935254499742833
LC-2019-0663595,0,0,0.07968102800036249
LC-2023-0642542,0,0,0.10931704850447621
LC-2025-0875902,0,0,0.001081703704790743
LC-2021-0104546,0,0,0.16691529103283564
LC-2023-0482981,0,0,0.20433794978836972
LC-2021-0216875,0,0,0.001081703704790743
LC-2022-0671418,0,0,0.023621860917415374
LC-2019-0451343,0,0,0.014147081730210216
LC-2019-0738851,0,0,0.03516027051645801
HC-2021-0232740,1,0,0.3227227391098193
LC-2025-0070478,0,0,0.21676047714674088
LC-2023-0304305,0,0,0.18157387383580254
LC-2024-0296100,0,0,0.12484416790946062
LC-2023-0503709,0,0,0.25569947338094023
LC-2025-0495333,0,1,0.0004963634299968018
LC-2019-0259677,0,0,0.02492037649248717
LC-2023-0676971,0,0,0.02414871804793722
LC-2022-0168298,0,0,0.048280406095218484
LC-2020-0147573,0,0,0.12560453336698413
LC-2022-0257223,0,0,0.05663038035879156
LC-2021-0516473,0,1,0.001081703704790743
LC-2025-0956115,0,0,0.05897312074762745
LC-2022-0139086,0,0,0.09444627960644894
LC-2020-0207881,0,0,0.18516681003798133
LC-2019-0751943,0,0,0.0004229416536472334
LC-2019-0154921,0,0,0.22675982500816494
LC-2020-0580022,0,0,0.12275592895352955
LC-2023-0003515,0,0,0.15255349231920845
LC-2021-0350281,0,0,0.1794291220268561
LC-2023-0388883,0,0,0.14324442232277168
LC-2022-0616642,0,0,0.32544839910470225
LC-2023-0141660,0,0,0.2614009913493455
LC-2024-0295292,0,0,0.42571741724426054
LC-2020-0664886,0,0,0.006099837459614459
LC-2025-0732018,0,1,0.01094600389931596
LC-2020-0431381,0,0,0.145545372191533
LC-2024-0757729,0,0,0.1718712042157292
LC-2020-0114471,0,0,0.5389596766172949
LC-2022-0244793,0,0,0.14945381050521847
LC-2021-0342875,0,0,0.05950847032707494
LC-2022-0207753,0,1,0.15235614536322958
LC-2023-0276094,0,0,0.09620821462924273
LC-2022-0225945,0,0,0.07698616747849107
LC-2025-0850944,0,0,0.011025236479982024
LC-2022-0163993,0,0,0.5934605158455463
LC-2019-0327094,0,0,0.01988039292313916
LC-2025-0557938,0,0,0.11714616510857555
LC-2021-0090741,0,0,0.030240783483314528
LC-2023-0544394,0,0,0.04380245862228272
LC-2024-0534762,0,0,0.036799495145835574
LC-2021-0196252,0,0,0.1054899327719896
LC-2021-0466505,0,0,0.00271944122713951
LC-2025-0239410,0,0,0.2076992216909294
LC-2025-0055391,0,0,0.06263993102272802
LC-2020-0047007,0,0,0.1949430185354647
LC-2022-0252778,0,0,0.4749915405157277
LC-2025-0504943,0,0,0.012706476402266438
HC-2023-0065419,1,0,0.5887844286989139
LC-2025-0859979,0,0,0.052762807084881264
LC-2019-0258416,0,0,0.027651965894546996
LC-2020-0146851,0,0,0.017243310357421028
LC-2024-0129571,0,0,0.020861661205450382
LC-2021-0091572,0,0,0.098883992801961
LC-2025-0758702,0,0,0.07656824764564231
LC-2024-0356489,0,0,0.00892923273008369
LC-2020-0015519,0,0,0.2272990727292665
LC-2020-0602462,0,0,0.3919174101024895
LC-2024-0772257,0,0,0.2528792884705479
LC-2025-0118505,0,0,0.020093176728312
LC-2021-0216916,0,0,0.008790040484742195
LC-2025-0190832,0,0,0.05338003571048531
LC-2024-0747555,0,0,0.06630829929481054
LC-2020-0638562,0,0,0.0483389193970262
LC-2019-0655068,0,0,0.027031493743646492
LC-2025-0363148,0,0,0.008100928207661869
LC-2024-0121289,0,0,0.10458305276352771
LC-2024-0335969,0,0,0.0002756423486435253
LC-2019-0299243,0,0,0.03246948067322866
LC-2023-0022754,0,0,0.009885723445878515
LC-2025-0723296,0,0,0.08049294439190309
LC-2022-0305467,0,0,0.09999589746407488
LC-2024-0177824,0,0,0.006645074873437542
LC-2019-0563435,0,1,0.0
LC-2019-0370914,0,0,0.02291686520099277
LC-2024-0393832,0,0,0.12469490146874308
LC-2022-0068777,0,0,0.0
LC-2019-0055419,0,0,0.04889692419765503
LC-2025-0692880,0,0,0.06537827200147457
LC-2022-0330687,0,0,0.0
LC-2023-0442620,0,0,0.0032562828089712404
LC-2024-0319350,0,0,0.00020222057229395674
LC-2023-0540874,0,0,0.014855351906273274
LC-2023-0016533,0,0,0.15699138067779417
LC-2022-0369975,0,0,0.4503115751006724
LC-2021-0318041,0,0,0.10247600790277094
LC-2025-0477381,0,0,0.5629489961537137
LC-2022-0465465,0,0,0.022130155341588496
LC-2021-0404917,0,0,0.011349807027134623
LC-2024-0652447,0,0,0.1359680577029566
LC-2024-0641674,0,1,0.003182861032621672
LC-2025-0951492,0,1,0.2707909197957054
LC-2025-0365319,0,0,0.2718224191344813
LC-2022-0591001,0,0,0.004801609478463387
LC-2021-0569759,0,0,0.15810182334527417
LC-2022-0570620,0,0,0.022373625296229268
LC-2025-0943613,0,0,0.0033087712316472217
LC-2024-0284870,0,0,0.011526390250656982
LC-2022-0499696,0,0,0.054066238565740804
LC-2024-0143405,0,0,0.03315601852813112
LC-2025-0152853,0,0,0.0067568367650632346
LC-2021-0379398,0,0,0.012857517915964775
LC-2025-0318658,0,0,0.0155137442923927
LC-2019-0797795,0,0,0.03218846038900554
LC-2022-0655497,0,0,0.15609310688336928
LC-2023-0723978,0,0,0.018633248477891606
LC-2022-0430136,0,0,0.0275555578670365
LC-2022-0597868,0,0,0.09703978873454737
LC-2023-0532782,0,0,0.010274160172350858
LC-2023-0341378,0,0,0.08465221161638112
LC-2025-0358579,0,0,0.02117134043619379
LC-2022-0008171,0,0,0.07227351973238563
LC-2025-0843733,0,0,0.013095471687095642
LC-2023-0404706,0,0,0.21129686516095122
LC-2023-0348519,0,0,0.09570235704035734
LC-2022-0401801,0,0,0.00316568707370965
LC-2022-0159487,0,0,0.019282498960311298
LC-2023-0038255,0,0,0.11953020313040552
LC-2021-0563055,0,0,0.11494185469085716
LC-2024-0307289,0,0,0.4296270231914418
LC-2025-0674280,0,0,0.41200128874774145
HC-2019-0211461,1,0,0.29477291085833285
LC-2023-0276045,0,0,0.0593995603365073
LC-2020-0610013,0,0,0.016982682611731005
LC-2025-0137197,0,0,0.005929379348390293
LC-2025-0813045,0,0,0.02870335453806989
LC-2025-0419285,0,0,0.14940984822202596
LC-2025-0218175,0,0,0.06362989432859184
LC-2023-0400128,0,0,0.047209133382369435
LC-2021-0119152,0,0,0.12897562617403782
LC-2019-0404104,0,0,0.05942961436435534
LC-2020-0120245,0,0,0.0770369436713495
LC-2024-0261994,0,0,0.04253154026924106
LC-2021-0302641,0,0,0.17464204085921126
LC-2024-0616708,0,0,0.0017201441862035145
LC-2023-0157836,0,0,0.1511356572873365
LC-2025-0424024,0,0,0.0055673012712532935
LC-2025-0766360,0,0,0.01357815002192791
LC-2021-0268690,0,0,0.03793306710194124
LC-2025-0777052,0,1,0.12048372610987622
LC-2025-0007822,0,0,0.36807549233995573
LC-2020-0593386,0,0,0.026311455460081602
LC-2021-0266154,0,0,0.43223233891790547
LC-2025-0149533,0,0,0.07117639473860195
LC-2025-0355381,0,0,0.009239226742577822
LC-2024-0108618,0,0,0.10513745762937235
HC-2022-0237519,1,0,0.06510328498718546
LC-2021-0225858,0,0,0.0006985840022907585
LC-2021-0582967,0,0,0.04915940378754742
LC-2024-0356094,0,0,0.00968534299242252
LC-2022-0358562,0,0,0.0987429687005746
LC-2023-0343492,0,0,0.001081703704790743
LC-2023-0399864,0,0,0.042575626756532474
LC-2022-0539620,0,0,0.09964004652618647
LC-2025-0468217,0,1,0.0479452801051256
LC-2025-0419197,0,0,0.10612317236212548
LC-2020-0604519,0,0,0.0002756423486435253
LC-2020-0595529,0,0,0.36111261086330443
LC-2021-0628675,0,0,0.0
LC-2025-0778657,0,0,0.14648006874183736
LC-2025-0791629,0,0,0.08927473075619513
LC-2021-0521615,0,0,0.11168980513113659
LC-2023-0070253,0,0,0.12022163078259576
LC-2021-0256435,0,0,0.08707680046603127
LC-2022-0531667,0,0,0.010779430841178932
LC-2020-0648128,0,0,0.012121972332676258
LC-2023-0492651,0,0,0.10093965818204818
LC-2020-0485870,0,0,0.026474181956968375
LC-2019-0786466,0,0,0.001092439271894885
LC-2025-0615015,0,0,0.04977372250360856
LC-2023-0261092,0,0,0.10369755642076088
LC-2023-0071647,0,0,0.13351187493170782
LC-2023-0518109,0,0,0.32200113295000427
LC-2023-0119520,0,0,0.3006472483632903
LC-2021-0417476,0,0,0.10604413720039128
LC-2022-0090473,0,0,0.21265310769649268
LC-2025-0350829,0,0,0.04566908886659802
LC-2019-0381360,0,0,0.40667055056650214
LC-2022-0484510,0,0,0.010581760635006812
LC-2020-0233223,0,0,0.29421575758614854
LC-2025-0706545,0,0,0.10486503080382512
LC-2023-0581003,0,0,0.01934625121281515
LC-2019-0083523,0,0,0.02369355649658243
LC-2024-0237175,0,0,0.0
LC-2025-0451664,0,0,0.012716635402087733
LC-2025-0785849,0,0,0.029279897811223744
LC-2024-0569268,0,0,0.0008288155314413557
LC-2022-0182906,0,0,0.19108418262015558
LC-2019-0651269,0,0,0.02867468503207818
LC-2022-0327117,0,0,0.14828418837596508
LC-2022-0510626,0,0,0.007730948088752953
LC-2025-0922014,0,0,0.01650132019428852
LC-2023-0707157,0,0,0.1226597803115122
LC-2025-0605347,0,0,0.007643733347336458
LC-2020-0073707,0,0,0.060559940321486705
LC-2019-0646929,0,0,0.02637413110502186
LC-2025-0527400,0,0,0.26943466248936604
LC-2022-0212635,0,0,0.046673773912531906
LC-2019-0641333,0,0,0.005963803322156997
LC-2019-0025033,0,0,0.17425898795438807
LC-2022-0510868,0,0,0.13981023525912048
LC-2021-0192000,0,0,0.09714241352472248
LC-2024-0224610,0,0,0.1407587599857618
LC-2020-0271448,0,0,0.12221776265186862
LC-2024-0523213,0,0,0.11139020395440034
LC-2024-0323139,0,0,0.20008111848626062
LC-2021-0591869,0,0,0.07303784091074554
LC-2021-0494711,0,0,0.011917389562965109
LC-2022-0169369,0,0,0.008125500233106564
LC-2025-0394970,0,0,0.17772725785428495
LC-2023-0650886,0,0,0.0007118622577623397
LC-2019-0147161,0,0,0.018525261476322205
LC-2023-0526048,0,0,0.4792182798363384
LC-2025-0619024,0,0,0.011577213655385117
LC-2022-0020793,0,0,0.1711606661871345
LC-2021-0232998,0,0,0.013983751270563938
LC-2019-0099613,0,0,0.0035869248679732397
LC-2022-0046706,0,0,0.14469595546963693
LC-2025-0182044,0,0,0.004481783137730175
LC-2025-0079450,0,0,0.050563258445023226
LC-2024-0718013,0,0,0.28507411801192895
LC-2023-0560103,0,0,0.003923135992184829
LC-2025-0584312,0,0,0.0004963634299968018
LC-2024-0669666,0,0,0.16839471445290058
LC-2025-0766608,0,0,0.03216379061897331
LC-2020-0605529,0,0,0.021070606500557965
LC-2022-0252986,0,0,0.1370918868293169
LC-2019-0644746,0,0,0.030264655606225325
LC-2024-0024064,0,0,0.011032630152568326
LC-2022-0135839,0,0,0.023393410066321993
LC-2025-0464816,0,0,0.025622029461562393
LC-2020-0037018,0,0,0.13342065897870106
LC-2024-0047643,0,0,0.1767752996664168
LC-2021-0069299,0,0,0.014047671753526654
LC-2024-0413010,0,0,0.002441910122304809
LC-2020-0655284,0,0,0.008109539946285138
LC-2022-0247250,0,0,0.17028955137512358
LC-2025-0416829,0,0,0.07958134494702594
LC-2019-0107096,0,0,0.23998946589998163
LC-2024-0471735,0,0,0.02729967581077116
LC-2021-0018839,0,0,0.19635674709828813
LC-2019-0293558,0,0,0.01722994676154865
LC-2021-0489714,0,0,0.09717415616537828
LC-2025-0758397,0,0,0.04409427664561788
LC-2023-0460004,0,0,0.002016703633145297
LC-2021-0394577,0,0,0.0071053940742583565
LC-2025-0622777,0,0,0.030417083329319028
LC-2024-0723683,0,0,0.4105626835708355
LC-2024-0179397,0,0,0.002271888423606711
LC-2025-0585398,0,0,0.08912660942510697
LC-2023-0550264,0,0,0.0010507078278492996
LC-2023-0441739,0,0,0.24366092197577946
LC-2024-0732616,0,0,0.27324119669511093
LC-2022-0477376,0,0,0.024772200146882483
LC-2024-0118900,0,0,0.06678168277036341
LC-2025-0433974,0,0,0.06729833772248738
LC-2024-0321634,0,0,0.15408332265087027
LC-2019-0652290,0,0,0.01784318298645225
LC-2022-0629700,0,0,0.02422183280020002
LC-2023-0577157,0,0,0.0632793565207939
LC-2024-0671976,0,0,0.0017526786519212474
LC-2020-0565463,0,0,0.002756761216442264
LC-2024-0373370,0,0,0.006070072286946278
LC-2019-0762753,0,0,0.0182306694341605
LC-2020-0615494,0,0,0.026495389279119954
LC-2023-0314241,0,0,0.4163248720611513
LC-2020-0064106,0,0,0.6316821110663686
LC-2019-0520423,0,0,0.0301460098015472
LC-2022-0554809,0,0,0.17909656249686062
LC-2022-0450329,0,0,0.08052321477030817
LC-2019-0257919,0,0,0.01128995677579139
LC-2025-0759553,0,0,0.27038068793751974
LC-2023-0279011,0,0,0.09428598653204913
LC-2020-0006484,0,0,0.03423295448186859
LC-2019-0134183,0,0,0.028139710641033787
LC-2022-0193779,0,0,0.25272010823786706
LC-2020-0016725,0,0,0.12402307809223054
LC-2019-0403717,0,0,0.00022181116910318716
LC-2019-0650448,0,0,0.03190542767191855
LC-2024-0650585,0,0,0.13594829056111662
LC-2021-0549538,0,0,0.09330252702914282
LC-2021-0089505,0,0,0.12900635037281172
LC-2019-0574086,0,0,0.017551199977425845
LC-2023-0517463,0,0,0.012005393777713577
LC-2024-0498503,0,0,0.09803770904069153
LC-2022-0341784,0,0,0.18291407364724335
LC-2021-0316238,0,0,0.1297789329123133
LC-2021-0254042,0,0,0.2488519648832231
LC-2019-0029065,0,0,0.013139815045887697
LC-2024-0387680,0,0,0.05296799105268227
LC-2025-0879338,0,0,0.19425535161708674
LC-2024-0546616,0,0,0.2344314218293678
LC-2019-0359578,0,0,0.317373001131438
LC-2022-0572188,0,0,0.1149736112664369
LC-2023-0158107,0,0,0.19868535616162394
LC-2024-0331178,0,0,0.05503125427243152
LC-2021-0313284,0,0,0.08747473225843898
LC-2020-0081548,0,0,0.05166341046974851
LC-2019-0152611,0,0,0.016076538249143575
LC-2019-0653954,0,0,0.03757105450442838
LC-2024-0178841,0,0,0.011823739313848898
LC-2021-0422376,0,0,0.0679094359806057
LC-2025-0849642,0,0,7.342177634956852e-05
LC-2025-0394912,0,0,0.3228066037864442
LC-2025-0680981,0,0,0.0456826984137982
LC-2025-0818768,0,0,0.011863028209019461
LC-2019-0287902,0,0,0.013330621944988637
LC-2023-0563972,0,0,0.08359182259930233
LC-2025-0706374,0,0,0.09162579213131043
LC-2025-0810327,0,0,0.46249907466235135
LC-2022-0606159,0,0,0.00884560534643728
LC-2025-0135585,0,0,0.11637185345299414
LC-2020-0599880,0,0,0.07039482485066119
LC-2024-0249009,0,0,0.39934434035906835
LC-2024-0407987,0,0,0.030393896961079813
LC-2019-0117337,0,0,0.021113432772697255
LC-2025-0971598,0,0,0.2148153004972511
LC-2021-0513540,0,0,0.014759039561553841
LC-2019-0101534,0,0,0.01854987583029304
LC-2025-0243667,0,0,0.20583424867463646
LC-2020-0559903,0,0,0.009185780065120292
LC-2025-0922756,0,0,0.10558683447206439
LC-2022-0354045,0,0,0.19398754264614435
LC-2019-0239450,0,0,0.01990960896361938
LC-2024-0549514,0,0,0.00776089319930552
LC-2021-0304286,0,0,0.007971619651376138
LC-2021-0136639,0,0,0.3913891505453144
LC-2025-0305531,0,0,0.14221885792407327
LC-2019-0422078,0,0,0.02924381848303124
LC-2024-0499919,0,0,0.0216975781902826
LC-2024-0749740,0,0,0.4024462007144385
LC-2021-0413321,0,0,0.0004229416536472334
LC-2021-0117180,0,0,0.02925185216140682
LC-2019-0205332,0,0,0.02620689807015873
LC-2024-0416084,0,0,0.058333353197974044
LC-2022-0684761,0,0,0.03132433215263636
LC-2025-0903314,0,1,0.042806713831951185
LC-2021-0163371,0,0,0.0686370844327478
LC-2022-0027133,0,0,0.04425460355077785
LC-2019-0535447,0,0,0.007407443034728563
LC-2025-0616637,0,0,0.06830715130595945
LC-2022-0293488,0,0,0.015668949989742435
LC-2021-0461186,0,0,0.5745108686005744
LC-2021-0120943,0,0,0.17947606406912286
LC-2024-0195567,0,0,0.009440101168877384
LC-2022-0576298,0,0,0.014611151734848537
LC-2023-0311681,0,0,7.342177634956852e-05
LC-2025-0731018,0,0,0.05978362049205337
LC-2020-0463876,0,0,0.06157565670471223
LC-2021-0255355,0,0,0.26193406687580273
LC-2019-0000079,0,0,0.10032862803386525
LC-2024-0149365,0,0,0.21755506690153353
LC-2020-0558255,0,0,0.0
LC-2024-0276142,0,0,0.16044204868353
LC-2021-0209373,0,0,0.0002756423486435253
LC-2024-0557185,0,0,0.010396691277252597
LC-2023-0648914,0,0,0.001081703704790743
LC-2021-0575768,0,0,0.053119581168747036
LC-2020-0609619,0,0,0.06210410738698466
LC-2025-0474554,0,0,0.01710177588789187
LC-2022-0010883,0,0,0.018999385013063294
LC-2025-0648314,0,0,0.0360274387913018
LC-2019-0307738,0,0,0.07572034377108515
LC-2019-0640667,0,0,0.0852496978792273
LC-2025-0927295,0,0,0.031068638063039083
LC-2025-0789369,0,0,0.0786850264208442
LC-2020-0160015,0,0,0.14988265404106293
LC-2021-0242063,0,0,0.0031941700238842185
LC-2023-0446703,0,0,0.10183694809915309
LC-2023-0020484,0,0,0.5868438993375904
LC-2020-0662097,0,0,7.342177634956852e-05
LC-2023-0232640,0,0,0.03879038094574822
LC-2024-0068564,0,0,0.07788442255900195
HC-2020-0377797,1,0,0.6054734667990396
LC-2025-0811378,0,0,0.019870448262986354
LC-2024-0006612,0,0,0.009819364069937915
LC-2024-0491995,0,0,0.0028530508856649955
LC-2025-0042368,0,0,0.012592980653041827
LC-2021-0647399,0,0,0.01011428337477492
LC-2021-0531564,0,0,0.13451482182679453
LC-2020-0140258,0,0,0.11669877083590663
LC-2025-0681552,0,0,0.05048123607836665
LC-2024-0684816,0,0,0.23902898565606498
LC-2025-0535051,0,0,0.02018935330326714
LC-2024-0129386,0,0,0.009872019727597962
LC-2023-0184317,0,1,0.0043303909028240654
LC-2023-0308278,0,0,0.0004963634299968018
LC-2021-0162488,0,0,0.017213269885548207
LC-2022-0469775,0,0,0.2294007813822032
LC-2021-0392374,0,0,0.0030501477682311822
LC-2025-0363629,0,0,0.04123206189540075
LC-2019-0435950,0,0,0.2422504258821283
LC-2025-0876578,0,0,0.04862919508707198
LC-2021-0273522,0,0,0.07726530296646889
LC-2019-0187018,0,0,0.012456351952845874
LC-2025-0823661,0,0,0.012202595267431561
LC-2019-0009123,0,0,0.07597959271381576
LC-2021-0445118,0,0,0.010426243548403127
LC-2020-0228885,0,0,0.23360223617427522
LC-2019-0076224,0,0,0.09148720151842961
LC-2019-0009312,0,0,0.09557179085499916
LC-2023-0205601,0,0,0.0006985840022907585
LC-2025-0369882,0,0,0.3843009039614781
LC-2023-0721358,0,0,0.13252091842011834
LC-2025-0434800,0,0,0.04449439296171718
LC-2019-0801314,0,0,0.3121044393081756
LC-2025-0108165,0,0,0.13577692355091467
LC-2019-0473730,0,0,0.01897449988729851
LC-2020-0060793,0,0,0.018310651725928054
LC-2022-0289413,0,0,0.014190717896783887
LC-2021-0630395,0,0,0.06644201843048472
LC-2024-0453972,0,0,0.01036465526762023
LC-2025-0883386,0,0,0.16780095957186805
LC-2020-0455886,0,0,0.1192244261347148
LC-2019-0540445,0,0,0.006028208654895024
LC-2023-0299453,0,0,0.001081703704790743
LC-2022-0391866,0,0,0.13429382713368077
LC-2021-0620449,0,0,0.28987023985135946
LC-2023-0448860,0,0,0.010586906745918397
LC-2025-0412218,0,0,0.10405854278447184
LC-2020-0081171,0,0,0.05604869739844836
LC-2023-0684686,0,0,0.0018810473661358563
LC-2019-0625551,0,0,0.09351970020544378
LC-2024-0767811,0,0,0.05929007261394705
LC-2022-0519118,0,0,0.0012707707841984731
LC-2020-0580392,0,0,0.0035349928931927162
LC-2024-0612654,0,0,0.1417852442602312
LC-2023-0509050,0,0,0.05874226187298699
LC-2023-0140345,0,0,0.08060801664172565
LC-2023-0055147,0,0,0.1292446663606516
LC-2024-0232426,0,0,0.0024654419154378116
LC-2020-0111128,0,0,0.15411082381452523
LC-2025-0619865,0,0,0.04143741094365118
LC-2023-0705504,0,0,0.009886839571676825
LC-2024-0705317,0,0,0.38245760753978375
LC-2021-0231461,0,0,0.005444659811155313
LC-2020-0074728,0,0,0.0021113409309034526
LC-2021-0169924,0,0,0.13943971053158602
LC-2022-0084375,0,0,0.0808577394524867
LC-2024-0639691,0,0,0.14842791407712874
LC-2021-0616198,0,0,0.275718101486183
LC-2025-0085744,0,0,0.021658601597171537
LC-2021-0458385,0,0,0.006076477297245416
LC-2020-0671075,0,0,0.24841798388780353
LC-2022-0651672,0,0,0.07759632458800621
LC-2022-0178140,0,0,0.06135493015539883
LC-2022-0579273,0,0,0.04707212113466814
HC-2021-0054311,1,0,0.6873514638767424
LC-2024-0498321,0,0,0.07613515566574007
LC-2024-0220781,0,0,0.058572807940529145
LC-2023-0646547,0,0,0.10770742521766591
LC-2021-0457411,0,0,0.0009022373077909242
LC-2023-0493618,0,0,0.0002756423486435253
LC-2019-0242668,0,0,0.006823715019637783
LC-2022-0540155,0,0,0.3069380175171178
LC-2023-0293835,0,0,0.009181294603090574
LC-2019-0142799,0,0,0.0730075051972088
LC-2025-0283984,0,0,0.5760056776846552
LC-2019-0192089,0,0,0.04124938630736505
LC-2019-0568459,0,0,0.02940641904964748
LC-2020-0539875,0,0,0.04356458448156081
LC-2019-0816039,0,0,0.0
LC-2019-0077363,0,0,0.1282598770069565
LC-2025-0726452,0,0,0.0794898375327506
LC-2024-0315866,0,0,0.006131044032913924
LC-2019-0156945,0,0,0.049205858139827995
LC-2023-0320978,0,0,7.342177634956852e-05
LC-2023-0612925,0,0,0.028075369803234603
LC-2019-0683192,0,0,0.04946010295966337
LC-2022-0056114,0,0,0.21874992162571247
LC-2019-0683489,0,0,0.0638682493070011
LC-2024-0026925,0,0,0.18428175812861164
LC-2022-0457021,0,0,0.08430554787084016
LC-2022-0604886,0,0,0.0004963634299968018
LC-2019-0648377,0,0,0.027113672978676936
LC-2022-0677335,0,0,0.2984990252301954
LC-2019-0449541,0,0,0.07504816150849468
LC-2022-0624475,0,0,0.123459774105863
LC-2024-0200709,0,0,0.0
LC-2022-0665934,0,0,0.1593970274613124
LC-2021-0189928,0,0,0.25334293090235593
LC-2024-0420790,0,0,0.030989652648366093
LC-2025-0315577,0,0,0.18981902624396327
LC-2023-0124116,0,0,0.022196660810679582
LC-2023-0322520,0,0,7.342177634956852e-05
LC-2025-0682562,0,0,0.3234889642224275
LC-2021-0047599,0,0,0.21448961128206537
LC-2019-0186468,0,0,0.04650987495986882
LC-2022-0344479,0,0,0.004908214300524455
LC-2019-0059339,0,0,0.028615393446555767
LC-2025-0731434,0,0,0.04863011148856896
LC-2019-0155560,0,0,0.023252009080770783
LC-2025-0648792,0,0,0.0002756423486435253
LC-2019-0509431,0,0,0.06974601328950199
LC-2025-0383155,0,0,0.03930197440549649
LC-2023-0463419,0,0,0.22017979467819715
LC-2025-0802429,0,0,0.04323152559887482
LC-2024-0571334,0,0,0.07497741510702755
LC-2023-0615904,0,0,0.013670626763200609
LC-2025-0135571,0,0,0.02952336310735655
LC-2021-0408830,0,0,0.7244851782237643
LC-2019-0291420,0,0,0.015582017389312587
LC-2024-0172856,0,0,0.002474108995900668
LC-2021-0531738,0,0,0.0018291359108213456
LC-2025-0238346,0,0,0.014038710680705939
LC-2022-0122734,0,0,0.002271888423606711
LC-2021-0405935,0,0,0.2513936642575203
LC-2021-0433326,0,1,0.03895121969654801
LC-2024-0260451,0,0,0.0016366263839964557
LC-2023-0593141,0,0,0.424403660395371
LC-2021-0234816,0,0,0.0002756423486435253
LC-2020-0532014,0,0,0.08196127229409023
LC-2020-0673589,0,0,0.011050422991265524
LC-2025-0180093,0,0,0.029233714665669132
LC-2020-0411477,0,0,0.09665306897534051
LC-2022-0560922,0,0,0.006708958646340504
LC-2022-0585932,0,0,0.1974465050182782
LC-2019-0809345,0,0,0.004141928233259011
LC-2025-0823174,0,0,0.1236326578976078
LC-2019-0098119,0,0,0.26521930749875344
LC-2023-0540659,0,0,0.04296063440864572
LC-2022-0426762,0,0,0.12709761687857873
LC-2019-0664574,0,0,0.019604091511313503
LC-2025-0280011,0,0,0.3145308145256929
LC-2023-0636582,0,0,0.10097829739521073
LC-2023-0228705,0,0,0.08875703683044288
LC-2023-0725217,0,0,0.005735622117323908
LC-2025-0445624,0,0,0.02740581995527937
LC-2025-0005224,0,0,0.16575605341866173
LC-2019-0604254,0,0,0.009529547179005617
LC-2020-0023099,0,0,0.10203616851258117
LC-2019-0300116,0,0,0.019194673677831363
LC-2019-0606459,0,0,0.020761042528520908
LC-2023-0436684,0,0,0.15093573227709686
LC-2025-0152425,0,0,0.01845184688181796
LC-2025-0857986,0,0,0.072293386335277
LC-2020-0235319,0,0,0.13602738837549672
LC-2023-0189346,0,0,0.011549499299407176
LC-2025-0693217,0,0,0.020911024805719824
LC-2025-0124279,0,0,0.21421054762039327
LC-2023-0730841,0,0,0.005148758155839056
LC-2020-0479033,0,0,0.0881913569245527
LC-2020-0656801,0,0,0.0002756423486435253
LC-2021-0130190,0,0,0.4032715972518111
LC-2023-0492004,0,0,0.0869187924582194
LC-2019-0030858,0,0,0.016519609399108685
LC-2021-0404463,0,0,0.020427373106179484
LC-2025-0833174,0,0,0.03965507516900137
LC-2024-0685969,0,0,0.003821030205028229
LC-2023-0719642,0,0,0.02044282581301577
LC-2019-0357837,0,0,0.0010957555923802218
LC-2023-0195750,0,0,0.19920425921506776
LC-2023-0717735,0,0,0.4515658043925155
LC-2020-0571165,0,0,0.4842648815962162
LC-2019-0622698,0,0,0.055801450722208996
LC-2020-0595474,0,0,0.01647032449019705
LC-2022-0556871,0,0,0.0406864872044421
LC-2022-0181554,0,0,0.04014822321275455
LC-2024-0350087,0,0,0.020471025691987523
LC-2021-0330984,0,0,0.06563740215513002
LC-2023-0613657,0,0,0.11687342951564521
LC-2021-0463280,0,0,0.21362759622942448
LC-2021-0441948,0,0,0.4934357896481729
LC-2024-0343815,0,0,0.004700513337525016
LC-2021-0094388,0,0,0.1465420932311086
LC-2023-0273682,0,0,0.07194299328242999
LC-2023-0543789,0,0,0.078572750025294
LC-2024-0350134,0,0,0.34634272029993285
LC-2025-0344604,0,0,0.0002756423486435253
LC-2019-0051508,0,0,0.03127525194198564
LC-2024-0237223,0,0,0.10011569486664747
LC-2019-0302510,0,0,0.09907274178306212
LC-2024-0690525,0,0,0.18848854428848338
LC-2019-0598445,0,0,0.04216097780897381
LC-2020-0305922,0,1,0.2879757439389139
LC-2020-0170569,0,0,0.3571489591902622
LC-2020-0114385,0,0,0.11456232845324575
LC-2025-0744313,0,0,0.006386456255309909
LC-2019-0461097,0,0,0.014700256253398221
LC-2022-0689092,0,0,0.12962156235167915
LC-2024-0408822,0,0,0.003567354018486305
LC-2024-0598466,0,0,0.004219142338872972
LC-2020-0184074,0,0,0.11358497301861777
LC-2021-0037547,0,0,0.0030651076799019395
LC-2020-0196967,0,1,0.19687315658829543
LC-2023-0332776,0,0,0.15800938091435662
LC-2025-0376819,0,0,0.23208010148190855
LC-2024-0175570,0,0,0.16935814037259497
LC-2021-0649090,0,0,0.3943328939009774
LC-2023-0635095,0,0,0.09448511798171558
LC-2021-0337440,0,0,0.22338906816684292
LC-2020-0368537,0,0,0.07518258148183764
LC-2024-0263494,0,0,0.09987587926768109
LC-2024-0127731,0,0,0.022645626963632166
LC-2019-0156033,0,0,0.04122758216295104
LC-2019-0162172,0,0,0.033301590536751455
LC-2022-0166559,0,0,0.13420463208933772
LC-2022-0247582,0,0,0.35749804962437226
LC-2019-0440688,0,0,0.017986963606613022
LC-2024-0775869,0,0,0.36740463903470105
LC-2021-0467969,0,0,0.005280667201120658
LC-2024-0549823,0,0,0.0004963634299968018
LC-2019-0015617,0,0,0.014764605697965156
LC-2024-0691225,0,0,0.10884272297100901
LC-2019-0576412,0,0,0.045025571371142784
LC-2023-0518485,0,0,0.17191580764850656
LC-2025-0253175,0,0,0.08755116125646736
LC-2024-0600528,0,1,0.03679213730265013
LC-2019-0128813,0,0,0.027955594218642493
LC-2019-0154977,0,0,0.1512668624198113
LC-2025-0238629,0,0,0.12859899069986663
LC-2024-0414955,0,0,0.19766492249130052
LC-2025-0038392,0,0,0.009623777675157605
LC-2024-0467488,0,0,0.031045272794065992
LC-2023-0563448,0,0,0.03006784522220527
LC-2023-0244161,0,0,0.05099688393695338
LC-2023-0740890,0,0,0.0007118622577623397
LC-2025-0152230,0,0,0.0845323051186987
LC-2021-0109732,0,0,0.05051572635261396
LC-2023-0248547,0,0,0.0002756423486435253
LC-2023-0543314,0,0,0.47286983007543404
LC-2024-0212675,0,0,0.009426403818889156
HC-2024-0230235,1,0,0.3754716392743929
LC-2024-0500595,0,0,0.09338940520948513
LC-2025-0449289,0,0,0.03607470177379594
LC-2021-0630499,0,0,0.07129728349214569
LC-2021-0297789,0,0,0.12023664914977593
LC-2019-0120604,0,0,0.025517913358926857
LC-2020-0186392,0,0,0.026436256867700725
LC-2024-0553458,0,0,0.1348903848928499
LC-2023-0646430,0,0,0.08883087805202687
LC-2022-0585799,0,0,0.05752061077455946
LC-2020-0284504,0,0,0.170484289822733
LC-2021-0307653,0,0,0.09206319546042802
LC-2020-0049808,0,0,0.2062870752160785
LC-2024-0645218,0,0,0.4819751189382
HC-2022-0294887,1,0,0.4987330734958136
LC-2022-0549164,0,0,0.12771654501479315
LC-2022-0353431,0,0,0.07019402909681191
LC-2023-0302892,0,0,0.10650994036786271
LC-2019-0113849,0,0,0.011167158074070387
LC-2022-0463315,0,0,0.10256254478967673
LC-2022-0702373,0,0,0.04957123049177997
LC-2019-0145496,0,0,0.09775357146928691
LC-2019-0156142,0,0,0.10069366230763485
LC-2022-0043658,0,0,0.09952043289164428
LC-2024-0631036,0,0,0.04240940578178009
LC-2023-0365669,0,0,0.0004963634299968018
LC-2020-0455862,0,0,0.28716661214995454
LC-2019-0620346,0,0,0.02087191034963278
LC-2019-0086980,0,0,0.023707645283871287
LC-2023-0157053,0,0,0.20239244615536678
LC-2022-0603180,0,0,0.43684085600626466
LC-2023-0704382,0,0,0.024215455610706916
LC-2025-0079761,0,0,0.005975715528604604
LC-2021-0054173,0,0,0.48546403408294564
LC-2021-0133158,0,0,0.38231358325937104
LC-2025-0285321,0,0,0.03376638799548317
LC-2021-0591634,0,0,0.1635263868856569
LC-2023-0661281,0,0,0.5818984861577842
LC-2021-0261249,0,0,0.49720945225907903
LC-2019-0594686,0,0,0.009436694711678894
LC-2020-0090876,0,0,0.2638070578481655
LC-2025-0953590,0,0,0.3243162859215956
LC-2025-0033273,0,0,0.16707740850217914
LC-2023-0478855,0,0,0.06057356491607391
LC-2020-0259518,0,0,0.0006251622259411901
LC-2022-0170085,0,0,0.08697619305394162
LC-2022-0365670,0,0,0.14303310351986834
LC-2023-0043533,0,0,0.3346637566917521
LC-2022-0697562,0,0,0.17984609140076432
LC-2023-0478055,0,0,0.48653873286654176
LC-2024-0299564,0,0,0.009627183401361093
LC-2024-0704942,0,0,0.5964064532022564
LC-2020-0583940,0,0,0.13578250379362322
LC-2020-0669890,0,0,0.008329479862883854
LC-2021-0379093,0,0,0.05713536163800265
LC-2022-0569244,0,0,0.049525745088251784
LC-2025-0133687,0,0,0.10214932460839284
LC-2022-0498977,0,0,0.03695781188889841
LC-2020-0578881,0,0,0.20795391494613472
LC-2024-0370858,0,0,0.05338486731531843
LC-2025-0386117,0,0,0.05025153979137877
HC-2021-0404017,1,0,0.715970727725215
LC-2025-0124426,0,0,0.06686454848265135
LC-2019-0431739,0,0,0.16661612019057112
LC-2025-0838419,0,0,0.14288172908922742
LC-2019-0258600,0,0,0.01818323225473341
LC-2024-0042771,0,0,0.06929869458812628
LC-2019-0012172,0,0,0.08403993664078371
LC-2023-0677107,0,0,0.14248033331283738
LC-2023-0599814,0,0,0.15992889318225123
LC-2025-0557609,0,0,0.003681232924902251
LC-2021-0605910,0,0,0.060885486331940936
LC-2025-0208335,0,0,0.05200962441622339
LC-2025-0855786,0,0,0.06739099035513005
LC-2023-0002711,0,0,0.01111211037295038
LC-2025-0051629,0,0,0.010886546067885852
LC-2023-0350421,0,0,0.001081703704790743
LC-2022-0020301,0,0,0.027203376720023514
LC-2024-0332810,0,0,0.09434734528471572
LC-2025-0909228,0,0,0.03713841912636896
LC-2022-0322466,0,0,0.0006985840022907585
LC-2022-0481207,0,0,0.37923177573378347
LC-2020-0111900,0,0,0.3134655559609491
LC-2019-0164426,0,0,0.09040195500573256
LC-2019-0199245,0,0,0.023980432581125682
LC-2021-0115449,0,0,0.019362889704281336
LC-2024-0780697,0,0,0.002913750009159592
LC-2025-0200317,0,0,0.054793079517596446
LC-2023-0542111,0,0,0.0011321891251130582
LC-2023-0224181,0,0,0.07114740514633754
LC-2021-0004326,0,0,0.18532773364369995
LC-2025-0778301,0,0,0.21191648169481322
LC-2021-0636120,0,0,0.011751199297903516
LC-2019-0225358,0,0,0.019444828853792825
LC-2022-0492558,0,0,0.0786801896176969
LC-2021-0382824,0,0,0.005954220243251634
LC-2024-0719918,0,0,0.07082464177015747
LC-2023-0417288,0,0,0.09397860220616859
LC-2019-0440656,0,0,0.026771340697173553
LC-2022-0125341,0,0,0.10467918129263296
LC-2024-0592861,0,0,0.028339021599733293
LC-2024-0587654,0,0,0.04661569168213202
LC-2022-0463673,0,0,0.6607407852345013
LC-2025-0702445,0,0,0.040809711120330563
LC-2019-0157735,0,0,0.02648635967998352
HC-2020-0151968,1,0,0.39532403511243835
LC-2019-0623589,0,0,0.11045006602643853
LC-2021-0179081,0,0,0.2378191662548135
LC-2019-0480284,0,1,0.18162550014081455
LC-2024-0513006,0,0,0.004676976285433244
LC-2019-0149648,0,0,0.00990866004497803
LC-2022-0162694,0,0,0.06285154485357125
LC-2023-0351959,0,0,0.0033777614124756087
LC-2022-0001082,0,0,0.0283186705849568
LC-2024-0196310,0,0,0.011093317994478729
LC-2024-0622712,0,0,0.030182516344423024
LC-2022-0438407,0,0,0.0727886792160435
LC-2023-0531359,0,0,0.029877651777555116
LC-2020-0159491,0,0,0.10333724044194198
LC-2024-0679635,0,0,0.0015662014815320286
LC-2024-0087892,0,0,0.09205246240100605
LC-2020-0141569,0,0,0.04280031950492899
LC-2024-0507882,0,0,0.007335744639681052
LC-2023-0495463,0,0,0.1816863941203539
LC-2021-0245583,0,0,0.18271069995198694
LC-2022-0015341,0,0,0.16504220879516823
LC-2024-0330457,0,0,0.017077757976399176
LC-2022-0625248,0,0,0.01883968716367613
LC-2025-0906280,0,0,0.5435493965663194
LC-2020-0510950,0,0,0.039870138926633276
LC-2021-0045292,0,0,0.05143134134747841
LC-2022-0402644,0,0,0.5235016698599146
LC-2025-0875036,0,0,0.014063171097994931
LC-2020-0248531,0,0,0.08369536983492783
LC-2024-0583324,0,0,0.0166868059949537
LC-2024-0290464,0,0,0.09815068500861213
LC-2019-0668150,0,0,0.0043016149866434315
LC-2022-0382755,0,0,0.05930305887642276
LC-2021-0226031,0,0,0.0
LC-2023-0137612,0,0,0.07707152392115219
LC-2024-0199832,0,0,0.0026948300772539446
LC-2022-0659625,0,0,0.1699049560874265
LC-2022-0042654,0,0,0.21296051551745443
LC-2024-0612444,0,0,0.4106287049428313
HC-2023-0241806,1,0,0.5263900347287638
LC-2019-0671396,0,1,0.13604537749414697
LC-2020-0669785,0,0,0.009045497716012995
LC-2025-0612148,0,0,0.06232233961321845
LC-2023-0013508,0,0,0.09716237799951603
HC-2025-0461444,1,0,0.15053905592205796
LC-2021-0517482,0,0,0.00856853624115128
LC-2023-0480120,0,0,0.06263018822437458
LC-2024-0687766,0,0,0.21805057296167565
LC-2024-0654647,0,0,0.03553505979765466
LC-2020-0000427,0,0,0.15256557855816366
LC-2023-0341678,0,0,0.2142260735561547
LC-2023-0265713,0,0,0.12528164723020857
LC-2024-0592048,0,0,0.006164027310329378
LC-2021-0010494,0,0,0.13484354960398895
LC-2024-0725826,0,0,0.09804727308316304
LC-2024-0725777,0,0,0.27153691986379674
LC-2021-0497843,0,0,0.13845131856254975
LC-2023-0142010,0,0,0.0034726189983488266
LC-2023-0338690,0,0,0.020024791022677974
LC-2024-0629110,0,0,0.12229447916066041
LC-2025-0780109,0,0,0.008419543414718053
LC-2024-0560154,0,0,0.10951206861119613
LC-2024-0215800,0,0,0.022199277470279097
LC-2023-0040938,0,0,0.05755734069511483
LC-2025-0944377,0,0,0.013270759630829482
HC-2022-0322199,1,0,0.3576403942375917
LC-2025-0121574,0,0,0.05535033264913381
LC-2020-0284926,0,0,0.011196366092622964
LC-2020-0683240,0,0,0.01270687136943732
LC-2024-0721794,0,0,0.07875407896168617
LC-2022-0616064,0,0,0.02194519071261086
LC-2024-0533072,0,0,0.01167777752155395
LC-2022-0652461,0,0,0.06828187664485727
LC-2025-0968374,0,0,0.019193277868146685
LC-2024-0660344,0,0,0.0036942587342833864
LC-2021-0254633,0,0,0.425276927005981
LC-2025-0952150,0,0,0.5386495754435843
LC-2023-0190788,0,0,0.00020222057229395674
LC-2019-0660657,0,0,0.02510901448227469
LC-2019-0683257,0,0,0.11221615067003059
LC-2022-0108472,0,0,0.13021226522738152
LC-2024-0652654,0,0,0.042188544865941056
LC-2019-0483684,0,0,0.024315966615434354
LC-2024-0056681,0,0,0.11619440651008561
LC-2023-0294048,0,0,0.38616755486176935
LC-2019-0277258,0,0,0.036517089707981926
LC-2024-0563867,0,0,0.010470009048003232
LC-2022-0238279,0,0,0.13538669106579893
LC-2020-0457667,0,0,0.009387926983973827
LC-2025-0363492,0,0,0.04080832873466222
LC-2019-0153476,0,0,0.09131130084434665
LC-2025-0099793,0,0,0.03555597158661981
LC-2021-0583741,0,0,0.0
LC-2021-0279157,0,0,0.07533205846047951
LC-2019-0551252,0,0,0.034703669660452845
LC-2025-0075042,0,0,7.342177634956852e-05
LC-2023-0282612,0,0,0.011550110283601124
LC-2024-0329966,0,0,0.008843543405553734
LC-2019-0201194,0,0,0.010204547898859632
LC-2023-0092761,0,0,0.0670140453427982
LC-2024-0314883,0,0,0.0028946066919646107
LC-2020-0637842,0,0,0.003342232915403533
LC-2023-0073667,0,0,0.07722672943528078
LC-2023-0472781,0,0,0.054813613128370686
LC-2025-0937675,0,0,0.026674846947573286
LC-2024-0126490,0,0,0.032616274382270424
LC-2025-0561724,0,0,0.008658530530662019
LC-2025-0079119,0,0,0.20096707073525993
LC-2022-0118841,0,0,0.004146421392032981
LC-2023-0238083,0,0,0.0660785573547407
LC-2020-0074244,0,0,0.33138708371483744
LC-2019-0277835,0,0,0.07320595774063585
LC-2024-0768423,0,0,0.004147183103646887
LC-2022-0192554,0,0,0.02312686749449838
LC-2019-0209040,0,0,0.02101371757436761
LC-2022-0058368,0,0,0.10984782167194387
LC-2021-0332881,0,0,0.1948636242298175
LC-2025-0792515,0,0,0.12164567627935302
LC-2023-0484893,0,0,0.005255121276189459
LC-2022-0030373,0,0,0.6778501648584279
LC-2022-0102056,0,0,0.030829129195846426
LC-2019-0646419,0,0,0.011435584261828849
LC-2021-0137758,0,0,0.09411403985129066
LC-2025-0881792,0,0,0.01416811815662192
LC-2019-0043843,0,0,0.021101374331705176
LC-2025-0166335,0,0,0.057062043225579166
LC-2019-0435377,0,0,0.08314198724399947
LC-2025-0842389,0,0,0.19448609544594767
LC-2021-0435927,0,0,0.0
LC-2021-0267101,0,0,0.062020185067910426
LC-2021-0030734,0,0,0.009893334981747293
LC-2024-0037745,0,0,0.10777501554390062
LC-2023-0672233,0,0,0.09434655368829914
LC-2024-0250866,0,1,0.2675763297576028
LC-2024-0342716,0,0,0.002296583234287832
LC-2019-0309041,0,0,0.0075690130999077464
LC-2021-0520534,0,0,0.003821030205028229
LC-2020-0290198,0,0,0.017071860731535323
LC-2020-0234897,0,0,0.08767829816473403
LC-2025-0494236,0,0,0.0026841755152648573
LC-2020-0565081,0,0,0.003342232915403533
LC-2022-0412667,0,0,0.13231762712023679
LC-2019-0703319,0,0,0.018835471448147914
LC-2021-0035644,0,0,0.1428785727115278
LC-2024-0442909,0,0,0.22052215152686835
LC-2024-0295047,0,0,0.02192322790066235
LC-2019-0085764,0,0,0.015308970283056127
LC-2025-0948591,0,0,0.26400916267966
LC-2023-0074939,0,0,0.03957323260085788
LC-2021-0095987,0,0,0.26107128263438395
LC-2025-0463841,0,0,0.10409438960248503
LC-2023-0154261,0,0,0.16855012476042905
LC-2019-0218778,0,0,0.04625780967295576
LC-2019-0450593,0,0,0.009609154789337609
LC-2022-0489837,0,0,0.007671502956808874
LC-2025-0351268,0,0,0.3614478017032732
LC-2019-0216219,0,0,0.0399457890456672
LC-2021-0261937,0,0,0.3257469231779177
LC-2020-0026194,0,0,0.27398392672438193
LC-2025-0037338,0,0,0.3381707231291059
LC-2022-0435175,0,0,0.009900590459791594
LC-2020-0642083,0,0,0.028216872760314805
LC-2025-0283983,0,0,0.012230824081671463
LC-2022-0297692,0,0,0.15465162274817787
LC-2019-0614921,0,0,0.09848454802776774
LC-2024-0230817,0,0,0.17386974917575507
LC-2020-0441211,0,0,0.2770562619337231
LC-2021-0401266,0,0,0.0
LC-2025-0219018,0,0,0.09901629530874305
LC-2024-0108573,0,0,0.12867917710096305
LC-2020-0011571,0,0,0.1260920269707661
LC-2021-0530684,0,0,0.06689633017125204
LC-2024-0004025,0,0,7.342177634956852e-05
LC-2024-0214892,0,0,0.012699219848199104
LC-2025-0778619,0,0,0.10227391683033112
LC-2022-0550087,0,0,0.12314064242549462
LC-2023-0641350,0,0,0.006325110695907205
LC-2025-0249501,0,0,0.3025914564819086
LC-2022-0631053,0,0,0.22811057560216078
LC-2022-0131316,0,0,0.007302709561820564
LC-2024-0705415,0,0,0.082761070684841
LC-2025-0881550,0,0,0.05334245313895678
LC-2024-0097481,0,0,0.11927309325404352
LC-2020-0508229,0,0,0.23639074371301366
LC-2022-0576557,0,0,0.15201817556672498
LC-2025-0057324,0,0,0.10782634041966663
LC-2019-0483080,0,0,0.08533967984264804
LC-2022-0533889,0,0,0.09352325656002802
LC-2022-0569724,0,1,0.07767230647580509
LC-2025-0198401,0,0,0.010505932769222464
LC-2025-0034102,0,0,0.03317273413057681
LC-2022-0617659,0,0,0.0033514286708799814
LC-2025-0169739,0,0,0.06001935013588591
LC-2020-0633710,0,0,0.04244971766925791
LC-2023-0549954,0,0,0.19594416019057068
LC-2025-0018892,0,0,0.5841759248973134
LC-2025-0562816,0,0,7.342177634956852e-05
LC-2022-0593935,0,0,0.052271592507471064
LC-2019-0688687,0,0,0.04911876196246042
LC-2025-0101563,0,0,0.010241361755468343
LC-2022-0586013,0,0,0.11548542660069565
LC-2025-0693597,0,0,0.10735495199133738
LC-2023-0471953,0,0,0.010938684695667443
LC-2021-0462216,0,0,0.009023326477185305
LC-2019-0797902,0,0,0.03981218280912107
LC-2019-0126160,0,0,0.06607549297037306
LC-2023-0531602,0,0,0.05753788960610061
LC-2021-0432493,0,0,0.010229402189131794
LC-2022-0390167,0,0,0.04415710835343902
LC-2024-0206151,0,0,0.5093618903134987
LC-2019-0234106,0,0,0.2289697932506787
LC-2021-0040186,0,0,0.0034493236799479476
LC-2019-0163848,0,0,0.01311782596494647
LC-2024-0341934,0,0,0.0002756423486435253
LC-2019-0332408,0,0,0.021814621985993803
LC-2024-0403175,0,0,0.4734545434062427
LC-2020-0049626,0,0,0.14284413488138142
LC-2025-0420997,0,0,0.3662675400366273
LC-2023-0420548,0,0,0.06562874240811636
LC-2025-0588541,0,0,0.07883190121173003
LC-2021-0322878,0,0,0.06835355760353096
LC-2023-0068010,0,0,0.6242457524888135
LC-2022-0620751,0,0,0.01086708451634102
LC-2022-0088571,0,0,7.342177634956852e-05
LC-2023-0730042,0,0,0.05083839556755836
LC-2021-0544816,0,0,0.377826272670894
LC-2020-0091127,0,0,0.03580703923749571
LC-2019-0822983,0,0,0.012169815347456812
LC-2020-0576279,0,0,0.00020222057229395674
LC-2022-0319290,0,0,0.09311090521487336
LC-2024-0384691,0,0,0.009997372907958477
LC-2019-0766793,0,0,0.03621222850024055
LC-2024-0126267,0,0,0.10246179436199919
LC-2023-0671863,0,0,0.09400887102939627
LC-2023-0719695,0,0,0.12706810100902588
LC-2022-0590142,0,0,0.1592042867975879
LC-2022-0239536,0,0,0.13882862062524134
LC-2022-0662255,0,0,0.018362066107298913
LC-2019-0262951,0,0,0.017008717414274628
LC-2024-0691916,0,0,0.2462793516676193
LC-2019-0454379,0,0,0.18613632933848767
LC-2022-0485839,0,0,0.018319953370391093
LC-2025-0226629,0,0,0.006295720521349213
LC-2024-0590029,0,0,0.1754118688158152
LC-2023-0565222,0,0,0.04150353290585809
LC-2024-0783644,0,0,0.13119585420865118
LC-2022-0268279,0,0,0.1644517107705745
LC-2019-0568300,0,0,0.04347323356933019
LC-2023-0019190,0,0,0.06265296938467478
LC-2022-0581588,0,0,0.037929659941918076
LC-2025-0742219,0,0,0.5051770988887964
LC-2021-0335805,0,0,0.11845554101507628
LC-2023-0398065,0,0,0.4020911506555397
LC-2023-0090815,0,0,0.2529648782189956
LC-2023-0615055,0,0,0.0002756423486435253
LC-2019-0349100,0,0,0.09861780181683741
LC-2021-0345963,0,0,0.10944347899855611
LC-2024-0328515,0,0,0.013881520338614072
LC-2022-0396864,0,0,0.014572900682978404
LC-2025-0329657,0,0,0.44543205074127734
LC-2025-0684106,0,0,0.06921218031153038
LC-2022-0235521,0,0,0.0
LC-2019-0575074,0,0,0.0684598610031441
LC-2023-0267599,0,0,0.05954519116871734
LC-2021-0161044,0,0,0.03622824976433322
LC-2020-0662102,0,0,0.009279118825347472
LC-2023-0492765,0,0,0.08183916460545629
LC-2025-0274671,0,0,0.04107084490057769
LC-2021-0192232,0,0,0.15893904209280976
LC-2023-0576226,0,0,0.01936740413313587
LC-2025-0589634,0,0,0.002227205487804659
LC-2021-0302102,0,0,0.12442070016562568
LC-2025-0022243,0,0,0.1153212194336717
LC-2022-0569299,0,0,0.0533663451725527
LC-2022-0214758,0,0,0.3910854240243639
LC-2024-0145453,0,0,0.04592586585362543
LC-2024-0317613,0,0,0.07561679210683311
LC-2023-0233326,0,0,0.03956368952452017
LC-2023-0011053,0,0,0.1271936864540657
LC-2019-0811899,0,0,0.030869340239367854
LC-2024-0322317,0,0,0.015793621625502928
LC-2020-0673856,0,0,0.007593768451848053
LC-2023-0147127,0,0,0.10141879708522589
LC-2024-0221896,0,0,0.005225007126432562
LC-2022-0332102,0,0,0.06646205055991806
LC-2022-0102083,0,0,0.04820957483722225
LC-2025-0511629,0,0,0.18696410842854289
LC-2023-0131411,0,0,0.08887226538283986
LC-2021-0502211,0,0,0.005172820576530488
LC-2023-0459168,0,0,0.03689098415821986
LC-2024-0732156,0,1,0.15791189626248736
LC-2019-0578074,0,0,0.5115064523582119
LC-2020-0659375,0,0,0.0036942587342833864
LC-2021-0126406,0,0,0.05915538571059584
LC-2020-0603789,0,0,7.342177634956852e-05
LC-2022-0498259,0,0,0.011740463638755458
LC-2023-0502028,0,0,0.23902668017914852
LC-2024-0177844,0,0,0.0035236456086953005
LC-2019-0683129,0,0,0.015626736288459023
LC-2024-0268171,0,0,0.06432957654505754
LC-2023-0676942,0,0,0.21667863478649313
LC-2021-0139777,0,0,0.21351911908517082
LC-2025-0849887,0,0,0.09315844555712466
LC-2024-0501680,0,0,0.11467246301171746
LC-2022-0470759,0,0,0.2971619578302733
LC-2020-0587520,0,0,0.24718409795274596
LC-2020-0303490,0,0,0.4929372467634539
LC-2019-0417183,0,0,0.05434009056383538
LC-2025-0704566,0,0,0.07887057706516386
LC-2020-0562465,0,0,0.005996650510596708
LC-2019-0364977,0,0,0.13899927960560993
LC-2025-0842226,0,0,0.2865644070061773
LC-2024-0661471,0,0,0.02702626908453853
LC-2024-0778385,0,0,0.2613950328258447
LC-2024-0471906,0,0,0.29320324322005054
LC-2025-0925512,0,0,0.08414784175592956
LC-2019-0115239,0,0,0.09544601739233663
LC-2022-0167163,0,0,0.023514113599234592
LC-2023-0153967,0,1,0.09920197632168097
LC-2025-0452061,0,0,0.10829936483404787
LC-2019-0022559,0,0,0.0343032247920444
LC-2022-0262167,0,0,0.19744672892642004
LC-2024-0556638,0,0,0.10031665768746797
LC-2025-0802096,0,0,0.017244927220667207
LC-2022-0566690,0,0,0.09292081442307719
LC-2024-0679748,0,0,0.3131588441849614
LC-2023-0299154,0,0,0.1286419978260152
LC-2021-0607943,0,0,0.13449005052561888
LC-2023-0589504,0,0,0.1538207056415174
LC-2021-0106978,0,0,0.001969354786489232
LC-2020-0648397,0,0,0.38380092747100597
LC-2019-0605109,0,0,0.10665302802878017
LC-2025-0788472,0,0,7.342177634956852e-05
LC-2019-0191740,0,0,0.06897108455591494
LC-2023-0288801,0,0,0.011596783223727418
LC-2019-0248177,0,0,0.032002095824143026
LC-2024-0092622,0,0,0.31213261027231387
LC-2025-0276770,0,0,0.21589195570693004
LC-2022-0649420,0,0,0.03250670459511104
LC-2019-0616483,0,0,0.20578036926334406
LC-2020-0057285,0,0,0.6055719153141176
LC-2024-0298665,0,0,0.03382460968424883
LC-2021-0320513,0,0,0.24638035826714966
LC-2022-0223773,0,0,0.2435101230461757
LC-2024-0247938,0,0,0.009577605701929049
LC-2021-0029855,0,0,0.0009153679983132447
LC-2024-0210186,0,0,0.007044033949072162
LC-2025-0245809,0,0,0.017845749969644817
LC-2021-0629751,0,0,0.1155240164007679
LC-2022-0054914,0,0,0.0017429658066566106
LC-2022-0480224,0,0,0.010669396904064652
LC-2023-0357820,0,0,0.005294713122737845
LC-2020-0047280,0,0,0.021377462975075402
LC-2020-0123531,0,0,0.051538230019312625
LC-2022-0661124,0,0,0.18910801372455346
LC-2025-0742231,0,0,0.011809291029118534
LC-2023-0168504,0,0,0.06632206244599423
LC-2023-0443236,0,0,0.17922781514149144
LC-2021-0501317,0,0,0.15139733577091075
LC-2025-0882774,0,0,0.3364929505602974
LC-2024-0524533,0,0,0.013037663070951205
LC-2024-0510551,0,0,0.21307732627998915
LC-2023-0535890,0,0,0.012868880211006517
LC-2022-0026523,0,0,0.001295654980919754
LC-2022-0413482,0,0,0.013068350616243644
LC-2024-0202280,0,0,0.001081703704790743
LC-2021-0540676,0,0,0.17549079535449613
LC-2025-0079863,0,1,0.2080510404478582
LC-2023-0166977,0,0,0.029242602414538764
LC-2025-0787006,0,0,0.10812913619060388
LC-2019-0586984,0,0,0.035210577884852455
LC-2021-0304156,0,0,0.3730990316571091
LC-2024-0599372,0,0,0.010824498406255276
LC-2021-0540543,0,0,0.012650276609645517
LC-2019-0497476,0,0,0.009231504638570946
LC-2023-0342352,0,0,0.05987539175329317
LC-2025-0663544,0,0,0.009796904070797589
LC-2025-0612584,0,0,0.01953105375046038
LC-2020-0645270,0,0,0.1584743077484075
LC-2019-0010105,0,0,0.0924453622101735
LC-2021-0285280,0,0,0.005306735608777031
LC-2025-0595507,0,0,0.2764426798297228
LC-2025-0310180,0,0,0.13295988231779152
LC-2023-0438384,0,0,0.22765442079039158
LC-2022-0246952,0,0,0.10258231344626523
LC-2019-0716860,0,0,0.04585291155702949
LC-2023-0467906,0,0,0.007886695246880326
LC-2019-0663714,0,0,0.01726935851720809
LC-2019-0133596,0,0,0.5826212000723934
LC-2019-0295317,0,0,0.0
LC-2025-0798010,0,1,0.032035632797933
LC-2020-0087161,0,0,0.1472189803036213
LC-2023-0600437,0,0,0.0002756423486435253
LC-2024-0585027,0,0,0.007270647825264058
LC-2021-0197779,0,0,0.01850806052989825
LC-2025-0031039,0,0,0.11669992903334878
LC-2023-0609222,0,0,0.07951253279991125
LC-2019-0476813,0,0,0.023552103381394622
LC-2021-0460416,0,0,0.0027928630034890784
LC-2022-0448013,0,0,0.06592771807222027
LC-2023-0313283,0,0,0.22353610676034102
LC-2019-0551883,0,0,0.06319536990052435
LC-2024-0363590,0,1,0.278117999309577
LC-2022-0504572,0,0,0.07117184441831621
LC-2019-0404163,0,0,0.039341914914069485
LC-2021-0554019,0,0,0.09302488830157235
LC-2021-0018558,0,0,0.20005202369022293
LC-2019-0424630,0,0,0.19988428143576456
LC-2022-0484036,0,0,0.14788020589317824
HC-2020-0603394,1,0,0.21966382325328815
LC-2024-0202259,0,0,0.13144827178154503
LC-2022-0143763,0,0,0.12162571209086581
LC-2020-0465375,0,0,0.1481844693363302
LC-2022-0515296,0,0,0.0709027253162425
LC-2023-0717321,0,0,0.07322860118925707
LC-2020-0235950,0,0,0.2611491224076714
LC-2021-0585635,0,0,0.029376378836773402
LC-2019-0305321,0,0,0.0028423868446677447
LC-2024-0724153,0,0,0.1561392965312329
LC-2025-0200789,0,0,0.04923145128502635
LC-2021-0037896,0,0,0.08924307588303872
LC-2020-0121111,0,0,0.3547048047418951
LC-2021-0102466,0,0,0.08294146797403748
LC-2025-0105089,0,0,0.25419524053164894
LC-2022-0257748,0,0,0.001803109327534598
LC-2024-0131092,0,0,0.22359114107720626
LC-2020-0194561,0,0,0.09786451768287609
LC-2023-0161503,0,0,0.45048837082895715
LC-2024-0239823,0,0,0.062355248220657924
LC-2019-0260064,0,0,0.0352385567861721
LC-2025-0351411,0,0,0.022298543564290663
LC-2023-0557809,0,0,0.0710733191801287
LC-2025-0631195,0,0,0.02501054694791613
LC-2024-0115767,0,0,0.010800973458511571
LC-2022-0331041,0,0,0.20468424468662058
LC-2021-0079851,0,0,0.13625426644221103
LC-2019-0327682,0,0,0.010314333243002061
LC-2022-0506997,0,0,0.02077600439676758
LC-2022-0412389,0,0,0.1021388916155655
LC-2022-0278674,0,0,0.06443336123635723
LC-2022-0300060,0,0,0.12948331468983607
LC-2023-0619613,0,0,0.05274807262910129
LC-2022-0180823,0,0,0.41048450395750113
LC-2021-0597462,0,0,0.054702162296871186
LC-2024-0387237,0,0,0.06765636858995641
LC-2024-0709560,0,0,0.04266412600062991
LC-2024-0646141,0,0,0.11713071292574825
LC-2023-0208352,0,0,0.025913698962557543
LC-2019-0616786,0,0,0.12705318835159304
LC-2019-0451229,0,0,0.05942602502835543
LC-2023-0068876,0,0,0.30301157456662053
LC-2021-0492469,0,0,0.007179939573708547
LC-2021-0171272,0,0,0.38286697445987483
LC-2021-0194648,0,0,0.0832526648098591
LC-2023-0494110,0,0,0.04333793973254422
LC-2022-0611451,0,0,0.013067058218129493
LC-2023-0282304,0,0,0.021623778299829453
LC-2023-0660903,0,0,0.08853329223980116
LC-2021-0610679,0,0,0.4222034606831629
LC-2021-0265443,0,0,0.02793625708329014
LC-2023-0376813,0,0,0.01516076215877072
LC-2023-0162480,0,0,0.22366490235177977
LC-2021-0488969,0,0,0.0038034235254627703
LC-2021-0400739,0,0,0.0008611140476047944
LC-2019-0815089,0,0,0.03374631392127935
LC-2025-0242379,0,0,0.006558367768332605
LC-2020-0185424,0,0,0.48789665219944545
LC-2022-0351275,0,0,0.012169776276652356
LC-2022-0346348,0,0,0.41301853208949524
LC-2019-0305590,0,0,0.02178317845696017
LC-2019-0538648,0,0,0.01041715153420221
LC-2022-0116277,0,0,0.15872855890815388
LC-2025-0859441,0,0,0.1513617048630968
LC-2024-0285482,0,0,0.14565619353425685
LC-2019-0058859,0,0,0.3213911527408847
LC-2025-0605266,0,0,0.030959470874053187
LC-2019-0007536,0,0,0.020213293758170735
LC-2019-0008924,0,0,0.05180252395688166
LC-2019-0477204,0,0,0.13253469271297416
LC-2019-0170621,0,0,0.02487156712399863
LC-2022-0461004,0,0,0.3743775728194902
LC-2023-0139262,0,0,0.09433562418264835
LC-2024-0687977,0,0,0.18387843763045614
LC-2024-0569723,0,0,0.053710969387339366
LC-2022-0640886,0,0,0.23376395339538095
LC-2024-0525442,0,0,0.01353312110962352
LC-2021-0133881,0,0,0.3044506593921033
LC-2019-0454265,0,0,0.007783345646841027
LC-2025-0879286,0,0,0.05298489597365683
LC-2024-0057860,0,0,0.0208216834856209
LC-2022-0147649,0,0,0.006900223833928384
LC-2025-0584932,0,0,0.0658315777634924
LC-2021-0208444,0,0,0.0006985840022907585
LC-2020-0623470,0,0,0.2369350083926469
LC-2023-0508342,0,0,0.1265704148764785
LC-2024-0569792,0,0,0.16358263628538083
LC-2023-0621213,0,0,0.11470247564249192
LC-2024-0406473,0,0,0.09455176286881589
LC-2025-0622967,0,0,0.012512215881095206
LC-2023-0521758,0,0,0.0009140828300562965
LC-2024-0657776,0,0,0.1801816921094046
LC-2023-0507995,0,0,0.11688614710463595
HC-2025-0084726,1,0,0.39957653097948
LC-2019-0193615,0,0,0.029025143714178313
LC-2023-0223449,0,0,0.10028875975616726
LC-2024-0166566,0,0,0.13125751889846204
LC-2023-0536748,0,0,0.2349937004739565
LC-2021-0399602,0,0,0.0
LC-2023-0222799,0,0,0.36530534086847316
LC-2020-0531783,0,0,0.09312375988368242
LC-2019-0283344,0,0,0.05319742942173315
LC-2023-0118513,0,0,0.07956548646107416
LC-2025-0734971,0,0,0.022239110693855677
LC-2021-0404959,0,0,0.05964616896411838
LC-2025-0625349,0,0,0.0033849512386065882
LC-2021-0405955,0,0,0.00589827367951077
LC-2025-0801343,0,0,0.053003249618533366
LC-2021-0399993,0,0,0.2703924455379065
LC-2019-0226085,0,0,0.0064583256703118165
LC-2020-0584704,0,0,0.008482183698136912
LC-2020-0096706,0,0,0.020727835561910678
LC-2021-0425822,0,0,0.06374059495240107
LC-2025-0187036,0,0,0.030045439925581376
LC-2023-0524611,0,0,0.02941162018811361
LC-2023-0521607,0,1,0.142055784341594
LC-2019-0582122,0,0,0.036788950235757144
LC-2025-0839568,0,0,0.11794264185612897
LC-2024-0575988,0,0,0.455373997718852
LC-2023-0112798,0,0,0.1272494013687766
LC-2019-0204274,0,0,0.123233395344946
LC-2021-0106370,0,0,0.18125033793304648
LC-2023-0010482,0,0,0.32398505859446197
LC-2023-0154966,0,0,0.07991527120279972
LC-2025-0282518,0,0,0.09084752942757372
LC-2025-0905899,0,0,0.005320799900170018
LC-2019-0625927,0,0,0.029989114104046005
LC-2024-0458571,0,0,0.15403008196557563
LC-2020-0031015,0,0,0.10114254439533302
LC-2024-0550792,0,0,0.08462362855786708
LC-2025-0475258,0,0,0.17032464793928503
LC-2025-0615664,0,0,0.31329823721631206
LC-2025-0134250,0,0,0.04165444345209424
LC-2021-0210953,0,0,0.0
LC-2024-0500746,0,0,0.0017557141344717768
LC-2021-0251702,0,0,0.20135266249435607
LC-2021-0345669,0,0,0.05042165290161938
LC-2024-0742903,0,0,0.22369184164908115
LC-2022-0039541,0,0,0.030654695182671058
LC-2021-0568064,0,0,0.10125415171110971
LC-2019-0476169,0,0,0.07403983991491951
LC-2019-0528258,0,0,0.03610517155764888
LC-2025-0576384,0,0,0.25286332881106455
LC-2025-0536399,0,0,0.5154466844421148
LC-2024-0220453,0,0,0.15002887039065477
LC-2023-0191519,0,0,0.011547943313029586
LC-2021-0487635,0,0,0.0004974535177467124
LC-2021-0421884,0,0,0.029428731298724052
LC-2019-0161956,0,0,0.02598655935333074
LC-2019-0144173,0,0,0.015888667494820086
LC-2025-0497111,0,0,0.0016677120367455188
LC-2021-0421906,0,0,0.17578203172977586
LC-2025-0837522,0,0,0.050211800035404215
LC-2023-0159370,0,0,0.3750817675044408
LC-2024-0754633,0,0,0.08939659419657615
LC-2023-0637180,0,0,0.10252424417561834
LC-2022-0196265,0,0,0.4396969621487501
LC-2023-0483563,0,1,0.053914933383816255
LC-2025-0851271,0,0,0.07390745794599649
LC-2025-0107405,0,0,0.11442077559253656
LC-2025-0198352,0,0,0.019847819622296144
LC-2019-0326652,0,0,0.05053766483986083
LC-2025-0242424,0,0,0.11536551035204877
LC-2019-0521398,0,0,0.3505198849932997
LC-2024-0771879,0,0,0.18002644345930915
LC-2024-0557010,0,0,0.002797562231427365
LC-2019-0685969,0,0,0.20588815772657
LC-2024-0280519,0,0,0.12810243294974805
LC-2020-0621521,0,0,0.06337869223015664
LC-2020-0036958,0,0,0.07827320947817742
LC-2019-0816412,0,0,0.022112028891892864
LC-2025-0818441,0,0,0.03142455314017153
LC-2023-0282589,0,0,0.038813272165831435
LC-2024-0352705,0,0,0.2673378638630388
LC-2024-0660032,0,0,0.20747291900911255
LC-2024-0012871,0,0,0.02270514426695398
LC-2021-0204973,0,0,0.0002756423486435253
LC-2023-0402095,0,0,0.30456504733249945
LC-2025-0699356,0,0,0.01760265878411491
LC-2019-0224028,0,1,0.04707959564290453
LC-2019-0086956,0,0,0.02281569105486812
LC-2025-0825316,0,0,0.007393498414821887
LC-2024-0492170,0,0,0.004978334835954661
LC-2020-0531454,0,0,0.06623911602510299
LC-2022-0434812,0,0,0.040063663842711844
LC-2019-0558603,0,0,0.04050634723353913
LC-2025-0000957,0,0,0.4055605587019891
LC-2022-0453883,0,0,0.3345901495166414
LC-2025-0711246,0,0,0.12364589914526636
LC-2024-0071342,0,0,0.16564735872762998
LC-2024-0020320,0,0,0.3918202516404722
LC-2024-0666861,0,0,0.21284451771626428
LC-2020-0621077,0,0,0.030284711071890333
LC-2025-0564190,0,0,0.0496310418778654
LC-2025-0733005,0,0,0.10106640003121611
LC-2024-0279162,0,0,0.21407304209328312
LC-2020-0312268,0,0,0.14011413595296915
LC-2025-0338342,0,0,0.2931770920749072
LC-2022-0399803,0,0,0.04471759664421113
LC-2025-0501701,0,0,0.16508835071809383
LC-2023-0581734,0,0,0.0004229416536472334
LC-2022-0340652,0,0,0.0006985840022907585
LC-2020-0476412,0,0,0.1573547675661151
LC-2025-0285185,0,0,0.004332648467972308
LC-2023-0387243,0,0,0.17844740022510247
LC-2022-0268205,0,0,0.07426103054559129
LC-2023-0380128,0,0,0.04264100067237966
LC-2020-0482768,0,0,0.011626303012405342
LC-2023-0436531,0,0,0.008258690347703346
LC-2025-0973982,0,0,0.03807188328595536
LC-2024-0441798,0,0,0.10966616247562135
LC-2023-0404304,0,0,0.15108523623351877
LC-2023-0313063,0,0,0.056004511211855575
LC-2024-0397983,0,0,0.0037555681561534477
LC-2021-0077705,0,0,0.1825115212441383
LC-2022-0381839,0,0,0.24308073134343286
LC-2024-0618255,0,0,0.11691088128901629
LC-2024-0747540,0,0,0.0044189367650198505
LC-2022-0175140,0,0,0.11038763697500224
LC-2025-0731909,0,0,0.02093340889726952
LC-2025-0067713,0,0,0.04010223529250183
LC-2022-0264190,0,0,0.30228622066543237
LC-2022-0408513,0,0,0.07268755021654058
LC-2025-0781228,0,0,0.0009140828300562965
LC-2021-0177710,0,0,0.03222902702519184
LC-2023-0037612,0,0,0.03956399577921694
LC-2023-0624230,0,0,0.14983796335780986
LC-2020-0012172,0,0,0.0128936779553693
LC-2024-0410476,0,0,0.1833695980189046
LC-2024-0619958,0,0,0.28466243999111956
LC-2019-0290696,0,0,0.03241223852440071
LC-2024-0180852,0,0,0.38481908451657476
LC-2024-0443454,0,0,0.14244127879702034
LC-2022-0217700,0,0,0.09278405359008374
LC-2024-0026409,0,0,0.05662306846163375
LC-2025-0746054,0,0,0.13955806507367866
LC-2021-0544594,0,0,0.004995414855944787
LC-2023-0586496,0,0,0.0301759929178429
LC-2023-0238184,0,0,0.022289419611014837
LC-2019-0609121,0,0,0.04727503003368204
LC-2025-0921582,0,0,0.1588456392719334
LC-2021-0246271,0,0,0.06692954868854213
LC-2025-0281886,0,0,0.5277678321598551
LC-2025-0603096,0,0,0.013601847546122332
LC-2023-0628412,0,0,0.1692126548939952
LC-2025-0449319,0,0,0.10523643714381688
LC-2025-0906674,0,0,0.01042188131398551
LC-2022-0546775,0,0,0.06734465563065142
LC-2023-0271451,0,0,0.36188996865656414
LC-2019-0155569,0,0,0.02072190738118651
LC-2024-0060277,0,0,0.0
LC-2021-0502061,0,0,0.0049962299069857
LC-2024-0184329,0,0,0.009404156935220289
LC-2023-0632532,0,0,0.19656788325446203
LC-2023-0753078,0,0,0.09318143911516398
LC-2019-0182322,0,0,0.01349289987780457
LC-2024-0049322,0,0,0.11350824946718939
LC-2023-0034305,0,0,0.07446760296372786
LC-2021-0052645,0,0,0.091915897074717
LC-2021-0564507,0,0,0.04661843243721403
LC-2019-0584922,0,0,0.029003991024813852
LC-2025-0077499,0,0,0.1846337308848929
LC-2024-0537693,0,0,0.2002899304406642
LC-2024-0721431,0,0,0.011792041615074876
LC-2025-0725078,0,0,0.0038754090811126962
LC-2022-0488255,0,0,0.04690195321110191
LC-2022-0462486,0,0,0.09660019471980481
LC-2021-0228941,0,0,7.342177634956852e-05
LC-2025-0765880,0,0,0.0038700262752032217
LC-2020-0676679,0,0,0.0020117066600391213
LC-2022-0601687,0,0,0.03963569880659024
LC-2022-0690270,0,0,0.0639279881950511
LC-2022-0703257,0,0,0.004478973248057218
LC-2024-0719656,0,0,0.141560270676807
LC-2023-0282706,0,0,0.11978425820711981
LC-2022-0669908,0,0,0.030377086218420484
LC-2025-0058565,0,0,0.08941621740968218
LC-2023-0392737,0,0,0.19215984404356454
LC-2023-0206675,0,0,0.07537083735369479
LC-2020-0023472,0,0,0.3193264891681336
LC-2024-0004169,0,0,0.03209749462667616
LC-2023-0245153,0,0,0.004146421392032981
LC-2024-0619329,0,0,0.13586475274907614
LC-2023-0200928,0,0,0.18547357636861533
LC-2023-0599017,0,0,0.1269954234903974
LC-2023-0129249,0,0,0.0653345200221342
LC-2023-0300336,0,0,0.10559333774808406
LC-2023-0550419,0,0,0.06888467862692989
LC-2024-0489888,0,0,0.09055202640659361
LC-2024-0514222,0,0,0.11056395672119454
LC-2024-0396320,0,0,0.007851505403693629
LC-2022-0619711,0,0,0.04827602019213056
LC-2023-0443084,0,0,0.002145837099245671
LC-2020-0637221,0,0,0.05522492191142181
LC-2024-0071304,0,0,0.10266196965406099
LC-2025-0256579,0,0,0.18749516707587183
LC-2022-0386242,0,0,0.017481224939695863
LC-2019-0239832,0,0,0.031212017890983542
LC-2022-0432090,0,0,0.0038700262752032217
LC-2021-0523447,0,0,0.004700513337525016
LC-2020-0670137,0,0,0.02709224519479584
LC-2024-0040415,0,0,0.013029652137361456
LC-2023-0036637,0,0,0.23076867012959226
LC-2025-0687506,0,0,0.006398105182290304
LC-2022-0317734,0,0,0.0006985840022907585
LC-2024-0117261,0,0,0.6463632771749114
LC-2020-0165618,0,0,0.09552966999346188
LC-2024-0690478,0,0,0.006002718195452295
LC-2023-0609333,0,0,0.0009140828300562965
LC-2024-0497887,0,0,0.002895945110312324
LC-2019-0257495,0,0,0.027423429675026312
LC-2025-0232895,0,0,0.2623145816700426
LC-2019-0751346,0,0,0.04208822205070827
LC-2019-0109567,0,0,0.5950676074838008
LC-2025-0692871,0,0,0.027750413641046266
LC-2023-0651580,0,1,0.15617594525981235
LC-2022-0276082,0,0,0.07226835980746388
LC-2024-0720562,0,0,0.010536826009174358
LC-2022-0217705,0,0,0.12494119485019287
LC-2021-0399987,0,0,0.01919958316825547
LC-2022-0674566,0,0,0.016792200927432197
LC-2021-0611666,0,0,0.0044189367650198505
LC-2024-0745606,0,0,0.01077030879292722
LC-2023-0638043,0,0,0.006023515478744306
LC-2024-0579598,0,0,0.1542136399640107
LC-2023-0425666,0,0,0.2510338212400395
LC-2023-0327459,0,0,0.08639981780648613
LC-2019-0710601,0,0,0.006800877013599641
LC-2020-0419650,0,0,0.15622013704258048
LC-2024-0217294,0,0,0.12904347238649053
LC-2025-0689065,0,0,0.032311284005964114
LC-2022-0224130,0,1,0.08702450377639809
LC-2022-0122408,0,0,0.008597705095238828
LC-2024-0190532,0,0,0.03584136662867783
LC-2020-0083122,0,0,0.19352331446234508
LC-2024-0302685,0,0,0.00997204883533065
LC-2024-0165392,0,0,0.004481251082591884
LC-2019-0125602,0,0,0.45746475447185203
LC-2021-0572508,0,0,0.1883038371381293
LC-2020-0477658,0,0,0.08712638493655209
LC-2023-0448208,0,0,0.0645696620300114
LC-2020-0607168,0,0,0.00149277970518246
LC-2025-0891463,0,0,0.0375569270231694
LC-2021-0560854,0,0,0.10344462901745909
LC-2024-0629137,0,0,0.11468817624176669
LC-2025-0743821,0,0,7.342177634956852e-05
LC-2025-0176369,0,0,0.007873726492253298
LC-2020-0084961,0,0,0.10659738116067548
LC-2019-0140213,0,0,0.06779424140393674
LC-2020-0055115,0,0,0.1332773764688143
LC-2022-0660506,0,0,0.02198222178531978
LC-2020-0040501,0,0,0.009103736476519108
LC-2025-0639696,0,0,0.08194437542853894
LC-2023-0310720,0,0,0.1651936331897457
LC-2024-0461659,0,0,0.046778271448762634
LC-2025-0053660,0,0,0.045531346874447216
LC-2025-0587372,0,0,0.02977332821257439
LC-2025-0563526,0,0,0.07128317163292083
LC-2021-0578895,0,0,0.20443831778759486
LC-2019-0129767,0,0,0.030975079414810595
LC-2020-0113761,0,0,0.028928787235971917
LC-2019-0714056,0,0,0.028039124759197974
LC-2024-0712162,0,0,0.17859985786010135
LC-2021-0512048,0,0,0.06881915633432768
LC-2022-0280735,0,0,0.2534108854554968
LC-2024-0137818,0,0,0.16916354821682889
LC-2022-0430948,0,0,0.024807669134125056
LC-2024-0720177,0,0,0.05407824922764849
LC-2024-0475318,0,0,0.39080856777377
LC-2020-0148825,0,0,0.06383664111053408
LC-2022-0351993,0,0,0.015362221529287717
LC-2023-0009440,0,0,0.24565721119382697
LC-2019-0373053,0,0,0.14034104794008767
LC-2023-0750466,0,0,0.018988563688627214
LC-2022-0093970,0,0,0.038500768909219
LC-2022-0513447,0,0,0.012587119318923668
LC-2022-0394344,0,0,0.055769591728007877
LC-2021-0215847,0,0,0.0004963634299968018
LC-2023-0726626,0,0,0.014899353970791292
LC-2025-0109385,0,0,0.09675973122201699
LC-2020-0607839,0,0,0.1136928144832405
LC-2019-0546721,0,0,0.07120187499438849
LC-2023-0660890,0,0,0.3467582474159632
LC-2025-0143368,0,0,0.3276127003828191
LC-2022-0177199,0,1,0.11735003902901597
LC-2019-0206925,0,0,0.16327415839383488
LC-2024-0715277,0,0,0.07055394317456813
HC-2023-0656688,1,0,0.14835845191097172
LC-2025-0148858,0,0,0.049298730403408736
LC-2023-0109484,0,0,0.5460114262383301
LC-2023-0531908,0,0,0.4228127479367053
LC-2023-0723752,0,0,0.21284245701141824
LC-2022-0166505,0,0,0.07551290800337757
LC-2021-0267620,0,0,0.1867112101362696
LC-2025-0873772,0,0,0.04869925459301177
LC-2024-0522850,0,0,0.2977133582298238
LC-2022-0097681,0,0,0.06295943429670257
LC-2019-0270570,0,0,0.059874791559389184
LC-2023-0024120,0,0,0.0894631609468013
LC-2024-0650083,0,0,0.008677443830112562
LC-2022-0326081,0,0,0.39937955950984977
LC-2025-0934616,0,1,0.013042029916394526
LC-2023-0089667,0,0,0.07841992089722945
LC-2021-0092599,0,0,0.03923988717005882
LC-2022-0628363,0,0,0.10698785884104244
LC-2025-0242297,0,0,0.30739123976662996
LC-2024-0044660,0,0,0.026736000932144913
LC-2025-0417314,0,0,0.0007118622577623397
LC-2022-0486350,0,0,0.018127327983772364
LC-2023-0227913,0,0,0.07346752214210396
LC-2025-0838855,0,0,0.1842929088044898
LC-2020-0268943,0,0,0.05732373351817595
LC-2020-0130062,0,0,0.4070220838136091
LC-2020-0519271,0,0,0.008417235531520233
LC-2019-0668165,0,0,0.025933840051833048
LC-2020-0572880,0,0,0.006351562666673742
LC-2019-0140950,0,0,0.029466872524492406
LC-2024-0415743,0,0,0.5394924302756671
LC-2019-0530436,0,0,0.2860929222780413
LC-2019-0377391,0,0,0.020762714086069348
LC-2023-0491238,0,1,0.07187701922178565
LC-2019-0623681,0,0,0.04958450835058468
LC-2023-0474102,0,0,0.0006985840022907585
LC-2025-0567690,0,0,0.12665422519338285
LC-2022-0275473,0,0,0.09426090340067254
LC-2021-0610061,0,0,0.009969059297820245
LC-2020-0586466,0,0,0.006070072286946278
LC-2024-0100387,0,0,0.10504798190249147
LC-2025-0554013,0,0,0.16075333222482363
LC-2024-0049033,0,0,0.1446179614743865
LC-2019-0211721,0,0,0.006938712423726587
LC-2023-0321588,0,0,0.0332826949013151
LC-2025-0784112,0,0,0.008765942093671032
LC-2024-0149260,0,0,0.4062743072612443
LC-2019-0191726,0,0,0.027811954822819555
LC-2024-0261672,0,0,0.20204536925508754
LC-2024-0549653,0,0,0.002851377453743285
LC-2019-0139924,0,0,0.050568473579129816
LC-2024-0173217,0,0,0.060577674028785417
LC-2023-0164310,0,0,0.1729497751579933
LC-2021-0159965,0,0,0.003234704661506349
LC-2024-0287329,0,0,0.10089422115980938
LC-2023-0636528,0,0,0.40194400610573444
LC-2021-0316566,0,0,0.016253706620927694
LC-2020-0561302,0,0,0.0004963634299968018
LC-2024-0267077,0,0,0.09725235863499168
LC-2022-0501943,0,0,0.06314318340877473
LC-2024-0434054,0,0,0.015545017072598808
LC-2025-0324875,0,0,0.013594568131650511
LC-2019-0722237,0,0,0.02554093330589031
LC-2019-0405494,0,0,0.015469223547388913
LC-2024-0751057,0,0,0.3043842045039748
LC-2025-0743864,0,0,0.03840963229481753
LC-2021-0111619,0,0,0.2854226990262307
LC-2025-0720606,0,0,0.0584444981615811
LC-2020-0358867,0,0,0.09831528784748006
LC-2022-0690472,0,0,0.09375117599412196
LC-2024-0403692,0,0,0.01543822433044801
LC-2024-0018108,0,0,0.07122744938734307
LC-2024-0722595,0,0,0.1380064939276516
LC-2020-0478918,0,0,0.06900133161864928
LC-2020-0499526,0,0,0.0037590524981331737
LC-2025-0027481,0,0,0.00982281630007895
LC-2023-0565982,0,0,0.01969625573189879
LC-2025-0513092,0,0,0.0004963634299968018
LC-2019-0554101,0,0,0.018352722555441913
LC-2022-0321212,0,0,0.25255570137592753
LC-2023-0666307,0,0,0.07361493942120878
LC-2025-0904334,0,0,0.004011459824223081
LC-2022-0313026,0,0,0.07562224372170513
LC-2019-0261328,0,0,0.02387974362344304
LC-2022-0056507,0,0,0.019806320488720136
LC-2022-0117841,0,0,0.009939054514361315
LC-2022-0064821,0,0,0.12779675106172733
LC-2019-0620175,0,0,0.31334830909318356
LC-2024-0051290,0,0,0.27452395636192173
LC-2025-0356003,0,0,0.027408656346863066
LC-2020-0662665,0,0,0.0002756423486435253
LC-2019-0044720,0,0,0.038095850850638824
LC-2023-0571211,0,0,0.2117512133741083
LC-2022-0171126,0,0,0.0006985840022907585
LC-2020-0034070,0,0,0.08771181888656622
LC-2019-0076651,0,0,0.05831012242364299
LC-2023-0632332,0,0,0.0006251622259411901
LC-2022-0155222,0,0,0.031057149922798857
LC-2025-0113639,0,0,0.03604260024944156
LC-2025-0567052,0,0,0.05433360273198618
LC-2024-0371632,0,0,0.06851330863850558
LC-2025-0874778,0,0,0.2288945099673325
LC-2019-0144949,0,0,0.07697641473323062
LC-2025-0253580,0,0,0.08500383445538441
LC-2024-0627663,0,0,0.0
LC-2023-0667760,0,0,0.11289957784619764
LC-2022-0354133,0,0,0.07410694087215976
HC-2019-0101890,1,0,0.46063255476370485
LC-2025-0400158,0,0,0.2674126044627232
LC-2021-0081531,0,0,0.02687066800548629
LC-2020-0628149,0,0,0.05729995877894148
LC-2024-0714502,0,0,0.03346216162556686
LC-2025-0652790,0,0,0.02299786457739422
LC-2021-0437457,0,0,0.004478973248057216
LC-2024-0053642,0,0,0.0009153679983132447
LC-2022-0347815,0,0,0.05707219487635138
LC-2021-0270252,0,0,0.09883723443516099
LC-2021-0226496,0,0,0.0002756423486435253
LC-2022-0223305,0,0,0.09367525960534874
LC-2023-0236831,0,0,0.05258543412905018
LC-2025-0141072,0,0,0.0002756423486435253
LC-2022-0352058,0,0,0.4339051816179588
LC-2024-0439227,0,0,0.358586249575282
LC-2025-0696367,0,0,0.07709258419772141
LC-2020-0600550,0,0,0.008727938040808639
LC-2025-0047350,0,0,0.048978674196854095
LC-2022-0561408,0,0,0.06259144283899243
LC-2024-0225540,0,0,0.030040126835224536
LC-2021-0071416,0,0,0.2567524445593366
LC-2022-0446939,0,0,0.0621256330943698
HC-2019-0539717,1,0,0.6740494152305295
LC-2021-0075460,0,0,0.004162983499220203
LC-2024-0116314,0,0,0.0008288155314413557
LC-2024-0329086,0,0,0.043209658916377826
LC-2025-0905898,0,0,0.11372322955827562
LC-2024-0432180,0,0,0.07726738623940371
LC-2023-0440923,0,0,0.08961385168466322
LC-2021-0143695,0,0,0.14328752379402024
LC-2020-0048949,0,0,0.07110390026667956
LC-2020-0659057,0,0,0.006188482223547375
LC-2019-0486587,0,0,0.04719842650065502
LC-2024-0437857,0,0,0.08336836494869505
LC-2023-0405184,0,0,0.0733486900592898
LC-2024-0024838,0,0,0.07454896978366571
LC-2025-0180468,0,0,0.16360324963394585
LC-2025-0200647,0,0,0.29841831718453277
LC-2021-0389232,0,0,0.014627527746915482
LC-2023-0567760,0,0,0.01043389632130847
LC-2022-0670305,0,0,0.15918267935066505
LC-2024-0692788,0,0,0.2527605422494171
LC-2020-0457387,0,0,0.12108348704903481
LC-2020-0488216,0,0,0.27802475624312034
LC-2023-0079322,0,0,0.053550862875949
LC-2022-0238443,0,0,0.10090636784728188
LC-2021-0608448,0,0,0.009528368802825036
LC-2025-0391685,0,0,0.01943148928691049
LC-2022-0189497,0,0,0.12978811939210197
LC-2023-0058911,0,0,0.08579987907440847
LC-2023-0221720,0,0,0.7269157702719267
LC-2021-0401786,0,0,0.006086552888164146
LC-2025-0261341,0,0,0.11043154557155774
LC-2025-0257830,0,0,0.11088664887531506
LC-2025-0592642,0,0,0.0002756423486435253
LC-2022-0703395,0,0,0.10233691883246225
LC-2021-0381488,0,0,0.0028530508856649955
LC-2022-0658401,0,0,0.2098360154922811
LC-2025-0462195,0,0,0.013294444869295395
LC-2019-0419746,0,0,0.022823578061722014
LC-2023-0160056,0,0,0.2368534516763868
LC-2020-0444516,0,0,0.09706209591980032
LC-2025-0948392,0,0,0.03007461833157411
LC-2022-0365502,0,0,0.5415010227865754
LC-2023-0345772,0,0,0.034955095226734685
LC-2024-0301881,0,0,0.16007079168686378
LC-2025-0465006,0,0,0.04932363895272959
LC-2023-0290619,0,0,0.03604505789271527
LC-2025-0602980,0,0,0.06906726029816196
LC-2023-0120828,0,0,0.04640788849665143
LC-2024-0309257,0,0,0.0627250200357567
LC-2023-0476962,0,0,0.000809511602072585
LC-2019-0666981,0,0,0.09814604503406468
LC-2023-0555948,0,0,0.11386817747181326
LC-2023-0687525,0,0,0.004902397446855522
LC-2025-0551039,0,0,0.1038430470625614
LC-2024-0408629,0,0,0.29439121142123736
LC-2022-0461535,0,0,0.026769192518603623
LC-2019-0140799,0,0,0.09305816862363382
LC-2022-0478764,0,0,0.12047127771714958
LC-2025-0916125,0,0,0.3353350129792109
LC-2023-0748926,0,0,0.02172375883453914
LC-2022-0566822,0,0,0.010708154670297154
LC-2022-0149724,0,0,0.3808398413546021
LC-2021-0161139,0,0,0.36234652229147485
LC-2020-0313081,0,0,0.35293979239818035
LC-2024-0558516,0,0,0.001081703704790743
LC-2025-0758441,0,0,0.015983316243791658
HC-2023-0699497,1,0,0.7644765643009258
LC-2021-0195217,0,0,0.6502194678128862
LC-2021-0342574,0,0,0.12443219108818677
LC-2019-0180113,0,0,0.022264962417118353
LC-2019-0480219,0,0,0.02525606782682295
LC-2023-0492297,0,0,0.0555627177357249
LC-2023-0212704,0,0,0.24214836580677188
LC-2019-0466155,0,0,0.021046034267582253
LC-2019-0258240,0,0,0.15640848848273803
LC-2021-0406673,0,0,0.004478973248057216
LC-2023-0467118,0,1,0.005567944323287668
LC-2020-0017158,0,0,0.12528767308077243
LC-2025-0774823,0,0,0.11246349976076557
LC-2019-0640539,0,0,0.0894358696181621
LC-2022-0177253,0,0,0.21107488958356174
LC-2022-0431945,0,0,0.3954997611077901
LC-2023-0388704,0,0,0.020173499616734952
LC-2019-0679643,0,0,0.008091819487316541
LC-2022-0665705,0,0,0.10307266147643222
LC-2025-0286697,0,0,0.27983536199615977
LC-2019-0311830,0,0,0.026650355889289736
LC-2023-0680937,0,0,0.015195258155624572
LC-2023-0409771,0,0,0.18784572178771053
LC-2020-0539942,0,0,0.04700993452941669
LC-2019-0746124,0,0,0.0
LC-2022-0356861,0,0,0.0004963634299968018
LC-2025-0372103,0,0,0.23016949054879274
LC-2024-0170441,0,0,0.007036839189346262
LC-2021-0406735,0,0,0.004478973248057216
LC-2024-0750979,0,0,0.016328530064665437
LC-2025-0846339,0,0,0.0394036883946215
LC-2023-0456400,0,0,0.29428669172684063
LC-2023-0448955,0,0,0.2739747964900684
LC-2019-0511225,0,0,0.013770459764585437
LC-2024-0602149,0,0,0.013593432826108092
LC-2019-0600561,0,0,0.03913912350495624
LC-2021-0345529,0,0,0.3558497536642122
LC-2024-0272330,0,0,0.03527165545521883
LC-2021-0211446,0,0,7.342177634956852e-05
LC-2024-0569266,0,0,0.06576679957552774
LC-2021-0315579,0,0,0.10068567242441824
LC-2021-0449524,0,0,0.004276416224823124
LC-2021-0586648,0,0,0.1269132764312647
LC-2024-0292648,0,0,0.009472386677841576
LC-2024-0634588,0,0,0.008578790625995607
LC-2020-0519730,0,0,0.01074049988910665
LC-2024-0592604,0,0,0.33127763493229045
LC-2021-0489153,0,0,0.0016342424655880028
LC-2025-0776922,0,0,0.10065380740596863
LC-2019-0330294,0,0,0.022702623801667158
LC-2022-0461637,0,0,0.13626403245541557
LC-2022-0280514,0,0,0.0006985840022907585
LC-2024-0663434,0,0,0.0790062412784148
LC-2025-0865877,0,0,0.20901034842094152
LC-2025-0788177,0,0,0.0007952155505291389
LC-2019-0766463,0,0,0.05654576223284028
LC-2022-0188683,0,0,0.18575647743314014
LC-2023-0236996,0,0,0.08509248795159496
LC-2019-0267446,0,0,0.026212899715648108
LC-2025-0842364,0,0,0.10477620541935904
LC-2020-0074612,0,0,0.06675127139298125
LC-2019-0484612,0,0,0.059177005178358125
LC-2022-0061904,0,0,0.14053744891890585
LC-2024-0181083,0,0,0.30882024547321785
LC-2020-0137396,0,0,0.029470001697576458
LC-2023-0677663,0,0,0.05633192526055793
LC-2024-0372405,0,0,0.0030127856754782125
LC-2021-0224237,0,0,0.002016703633145297
LC-2025-0489616,0,0,0.03892162731568809
LC-2025-0475192,0,0,0.028913682808759784
LC-2019-0513136,0,0,0.044994578571630466
LC-2019-0399840,0,0,0.04319161154358159
LC-2024-0320099,0,0,0.03337905570540912
LC-2024-0668526,0,0,0.17508598224280272
LC-2025-0463828,0,0,0.056122741201780096
LC-2025-0074597,0,0,0.14273951743169022
HC-2023-0358409,1,0,0.3912234008560691
LC-2025-0783334,0,0,0.005221993088794288
LC-2021-0583168,0,0,0.12359835861414072
LC-2025-0845298,0,0,0.0004963634299968018
LC-2022-0202873,0,0,0.4055425766199393
LC-2023-0354540,0,0,0.1185382102638491
LC-2019-0338138,0,0,0.03759479863829714
LC-2025-0898892,0,0,0.13794639993178257
LC-2023-0663216,0,0,0.02849184665099325
LC-2019-0262534,0,0,0.010587648386514594
LC-2024-0611745,0,0,0.15735759207189162
LC-2025-0616031,0,0,0.0034369252338003063
LC-2024-0642426,0,0,0.034689314809600004
LC-2019-0388116,0,0,0.02791283357319577
LC-2022-0313759,0,0,0.08422871039373087
LC-2024-0398601,0,0,0.003821030205028229
LC-2025-0353866,0,0,0.07614271258793655
LC-2020-0437860,0,0,0.23300110971014887
LC-2023-0228611,0,0,0.1281724577215142
LC-2021-0197757,0,0,0.035464859093976245
LC-2022-0555017,0,0,0.08337395798678855
LC-2019-0395040,0,0,0.051431137637479016
LC-2023-0288577,0,0,0.11157622630340819
LC-2020-0612971,0,0,0.11746541901312645
LC-2023-0358616,0,0,0.3788863741102304
LC-2020-0635237,0,0,0.06942634287978686
LC-2023-0207059,0,0,0.0065254619812242474
LC-2025-0963275,0,0,0.04413425430194048
LC-2024-0506796,0,0,0.17242947947761716
LC-2024-0113919,0,0,0.13523426048972254
LC-2024-0601213,0,0,0.1156317348877863
LC-2025-0211410,0,0,0.02525561019861753
LC-2025-0058478,0,0,0.003360491323529419
LC-2025-0867818,0,0,0.002521093524743996
LC-2025-0275601,0,0,0.16791165334435515
LC-2022-0512213,0,0,0.09357677259687129
LC-2025-0742547,0,0,0.006833402777667819
LC-2023-0017259,0,0,0.053954379150257886
LC-2023-0716742,0,0,0.16025940039303632
LC-2020-0515040,0,0,0.09247921712989557
LC-2023-0343770,0,0,0.0012324532557198185
LC-2020-0189696,0,0,0.5410772466067261
LC-2024-0084071,0,0,0.014879574857931241
LC-2019-0664272,0,0,0.020417131919474137
LC-2019-0504713,0,0,0.039211940658382585
LC-2022-0108750,0,0,0.4238690264314923
LC-2022-0017559,0,0,0.49048794069913176
LC-2024-0723701,0,0,0.25057933695525014
LC-2023-0288710,0,0,0.09225010245925869
LC-2024-0644638,0,0,0.0004963634299968018
LC-2020-0194059,0,0,0.2873297091520789
LC-2023-0356534,0,0,0.03512504853881656
LC-2019-0318567,0,0,0.1547562409675082
LC-2025-0874938,0,0,0.01754160449283068
LC-2025-0140891,0,0,0.25863292835511825
LC-2025-0486825,0,0,0.3734362539255116
LC-2023-0098377,0,0,0.057272940910827144
LC-2019-0368223,0,1,0.008222414954845497
LC-2024-0727681,0,0,0.1416633403414927
LC-2025-0753383,0,0,0.09530794940807792
LC-2020-0431513,0,0,0.06137108099513942
LC-2022-0436466,0,0,0.116917709318354
LC-2023-0676887,0,0,0.19474430098447712
LC-2024-0668703,0,0,0.3197091199237299
LC-2023-0667726,0,0,0.0009904891602002567
LC-2022-0274184,0,0,0.04344614919134381
LC-2021-0087205,0,0,0.0011045253252438395
HC-2024-0081774,1,0,0.18463600149613404
LC-2019-0415404,0,0,0.028359150585283315
LC-2022-0125817,0,0,0.21227445316136445
LC-2022-0247745,0,0,0.0043303909028240654
LC-2025-0425913,0,0,0.6070036064292125
LC-2023-0345270,0,1,0.07437676655265213
LC-2020-0134625,0,0,0.321612322148471
LC-2021-0522289,0,0,0.07015144172566265
LC-2019-0033174,0,0,0.0635237178649669
LC-2021-0343401,0,0,0.09512122826508757
LC-2023-0338780,0,0,0.1618582148593083
LC-2020-0485290,0,0,0.09375149309012473
LC-2019-0004622,0,0,0.02115660079770805
LC-2024-0320036,0,0,0.015412084100121267
LC-2019-0518601,0,0,0.007345544733744498
LC-2025-0051194,0,0,0.00862023829748682
LC-2025-0496995,0,0,0.190078152202174
LC-2022-0609276,0,0,0.09976926833090642
LC-2025-0839700,0,0,0.09225900780714577
LC-2025-0367308,0,0,0.17240066299151505
LC-2021-0420073,0,1,0.010381742974239123
LC-2019-0209351,0,0,0.009683147512817984
LC-2020-0056047,0,0,0.04763403115127578
LC-2023-0266689,0,0,0.003216586293386578
LC-2022-0312638,0,0,0.09301994144250517
LC-2025-0920094,0,0,0.1486563234853312
LC-2019-0654446,0,0,0.0004229416536472334
LC-2019-0738172,0,0,0.09755802781757991
LC-2021-0338860,0,0,0.18218112426794833
LC-2023-0660851,0,0,0.024161818052883567
LC-2021-0027767,0,0,0.0163885506634895
LC-2024-0367533,0,0,0.006363281047702135
LC-2025-0015511,0,0,0.011699022804396038
LC-2025-0624275,0,0,0.10842886796435741
LC-2020-0571911,0,0,0.009175839447533236
LC-2025-0293960,0,0,0.30981738163248607
LC-2019-0744779,0,0,0.016286547117246867
LC-2024-0431408,0,0,0.12045639564044103
LC-2024-0597260,0,0,0.11719450496698192
LC-2023-0448056,0,0,0.0390492569985848
LC-2023-0362460,0,0,0.004671332963836047
LC-2020-0662098,0,0,0.007324953550864011
LC-2025-0678946,0,0,0.12268383546764972
LC-2020-0604967,0,0,0.45254653036059006
LC-2019-0040263,0,0,0.004688629609975287
LC-2025-0937892,0,0,0.03848625882028379
LC-2025-0731697,0,0,0.009379738841108518
LC-2021-0616129,0,0,0.0136214765723021
LC-2019-0383499,0,0,0.006440825513697794
LC-2025-0234173,0,0,0.06841191747023612
LC-2019-0180636,0,1,0.041357876887995394
LC-2019-0603874,0,0,0.0
LC-2019-0531841,0,0,0.035984425255833494
LC-2024-0216848,0,0,0.10480378009290074
LC-2023-0410429,0,0,0.04552198204186297
LC-2023-0332360,0,0,0.008501428999008144
LC-2021-0183088,0,0,0.061802805581175055
LC-2025-0833519,0,0,0.018797068012872155
LC-2025-0053803,0,0,0.07459396520773125
LC-2020-0537945,0,0,0.27833346055341546
LC-2021-0527067,0,0,0.0007876922712552258
LC-2023-0067329,0,0,0.0703020148308236
LC-2023-0337371,0,0,0.01998728763670204
LC-2019-0432998,0,0,0.02731404596824088
LC-2021-0392527,0,0,0.06322424554531572
LC-2022-0598161,0,0,0.05216343434874248
LC-2020-0642549,0,0,0.21605701937395255
LC-2019-0104729,0,0,0.012035294722114613
LC-2023-0643766,0,0,0.06675638291551379
LC-2019-0320631,0,0,0.00681333168530471
LC-2020-0475967,0,0,0.14079355145606784
LC-2025-0493615,0,0,0.04934463464339385
LC-2020-0263429,0,0,0.004842987261610041
LC-2020-0675042,0,0,0.038152019971494214
LC-2025-0104105,0,0,0.018032823240128417
LC-2020-0310717,0,0,0.23421331405827467
LC-2022-0069514,0,0,0.16395698446996027
LC-2025-0971107,0,0,0.0018810473661358563
LC-2025-0611654,0,0,0.005131855616041197
LC-2024-0555982,0,0,0.0004963634299968018
HC-2022-0006551,1,0,0.7109324401032262
LC-2019-0185123,0,0,0.006554201666027379
LC-2019-0449044,0,0,0.059958098203634534
LC-2022-0305223,0,0,0.27999956404790177
LC-2020-0628972,0,0,0.07991861729133859
LC-2020-0239324,0,0,0.08558682441540003
LC-2022-0698488,0,0,0.6398314916149285
LC-2021-0403944,0,0,0.05088140604381369
LC-2023-0735128,0,0,0.009321423076852048
LC-2022-0458750,0,0,0.049210129213316994
LC-2024-0673330,0,0,0.00020222057229395674
LC-2019-0212196,0,0,0.014779035525204315
LC-2022-0018662,0,0,0.09083442103940051
LC-2025-0851124,0,0,0.00866113658889221
LC-2024-0515041,0,0,0.005449882338098018
LC-2021-0426889,0,0,0.0051599831619771755
LC-2020-0142597,0,0,0.08520454497082819
LC-2023-0572445,0,0,0.003035766795275366
LC-2023-0294244,0,0,0.06998478901847129
LC-2023-0030201,0,0,0.14296367687933903
LC-2025-0351636,0,0,0.19374302600421223
LC-2022-0612832,0,0,0.09448695344488238
LC-2021-0408525,0,0,0.0897821246429194
LC-2025-0386412,0,0,7.342177634956852e-05
LC-2019-0577576,0,0,0.04470820538405907
LC-2024-0634909,0,0,0.05817028725558338
LC-2023-0490550,0,0,0.06683432788756206
LC-2025-0897902,0,0,0.12170105867877068
HC-2019-0069533,1,0,0.4640933612838212
LC-2024-0037137,0,0,0.21428962692083406
LC-2025-0764395,0,0,0.17046182077946295
LC-2024-0681964,0,0,0.06181244744452651
LC-2020-0549513,0,0,0.1587081335283008
LC-2024-0396565,0,0,0.07631554244475354
LC-2024-0056570,0,0,0.050843900386483
LC-2025-0855802,0,0,0.11763874085371168
LC-2019-0290324,0,0,0.03442199234474704
LC-2023-0213465,0,0,0.12015543737648475
LC-2024-0567299,0,0,0.0071270948220681285
LC-2020-0602915,0,0,0.3012654697180947
LC-2023-0706397,0,0,0.0036275035204386863
LC-2025-0242836,0,0,0.2625315985535846
LC-2025-0801392,0,0,0.1447289433568844
LC-2020-0596198,0,0,7.342177634956852e-05
LC-2024-0585554,0,0,0.29684459611211267
LC-2022-0228609,0,0,0.05489130543906274
LC-2021-0077085,0,0,0.013871093936716629
LC-2023-0440714,0,0,0.02130274782140638
LC-2020-0084093,0,0,0.11890114905162504
LC-2024-0582110,0,0,0.04680099808656028
LC-2023-0609366,0,0,0.011046641667905916
LC-2024-0325563,0,0,0.006547804623815534
LC-2023-0061468,0,0,0.07649943371826333
LC-2022-0349580,0,0,0.07653942551923416
LC-2023-0486116,0,0,0.01461449730001157
LC-2023-0221706,0,0,0.04722871147364557
LC-2025-0214370,0,0,0.06827500360919216
LC-2025-0607770,0,0,0.1741812024883305
LC-2019-0359827,0,0,0.022896163083154807
LC-2020-0659643,0,0,0.015236289399721256
LC-2023-0610631,0,0,0.04407678339155153
LC-2022-0448733,0,0,0.2400394131702647
LC-2019-0473355,0,0,0.01677720678396718
LC-2022-0280524,0,0,0.08204281554914356
LC-2021-0173598,0,0,0.1434167006452702
LC-2024-0068748,0,0,0.05114374451126911
LC-2021-0004505,0,0,0.1445311987168992
LC-2019-0062027,0,0,0.14258585448573066
LC-2020-0175754,0,0,0.06653487110386162
LC-2021-0629152,0,0,0.014532131063988046
LC-2023-0431286,0,0,0.18413994125195327
LC-2023-0486523,0,0,0.04737386718792953
LC-2021-0176319,0,0,0.0731051049326017
LC-2019-0281771,0,0,0.04544827975652671
LC-2024-0464107,0,0,0.16155916154534153
LC-2019-0735625,0,0,0.0
LC-2022-0652263,0,0,0.08618731721056024
LC-2023-0704512,0,0,0.1829146618708336
LC-2025-0885259,0,0,0.05186964488878407
LC-2024-0171570,0,0,0.02820928024650997
LC-2023-0628372,0,0,0.003869220098814756
LC-2024-0678032,0,0,0.40290405881074565
LC-2022-0499404,0,0,0.014829313857333803
LC-2020-0144534,0,0,0.11671810417571397
LC-2022-0448876,0,0,0.018311184698796522
LC-2024-0207981,0,0,0.07932278647271815
LC-2022-0612501,0,0,0.0
LC-2025-0391811,0,1,0.001081703704790743
LC-2021-0483620,0,0,0.2968407353007727
LC-2019-0342697,0,0,0.10865171853833253
LC-2024-0379420,0,0,7.342177634956852e-05
LC-2019-0758380,0,0,0.04890749839577744
LC-2025-0940757,0,0,0.10535203786474856
LC-2023-0622310,0,0,0.06893892966961031
LC-2021-0535286,0,0,0.011510512004463342
LC-2019-0046465,0,0,0.015947959925621962
LC-2024-0107936,0,0,0.014390699945878572
LC-2020-0646202,0,0,0.010767780272244207
LC-2025-0379575,0,0,0.012787642213825308
LC-2024-0658135,0,0,7.342177634956852e-05
LC-2024-0295087,0,0,0.0004229416536472334
LC-2024-0310724,0,0,0.011182778962197526
LC-2023-0362301,0,0,0.1361160544289784
LC-2024-0430434,0,0,0.03947424784172703
LC-2024-0458508,0,0,0.07070015092832249
LC-2024-0777189,0,0,0.2382293439344867
LC-2019-0340677,0,0,0.06956273470038979
LC-2025-0762381,0,0,0.20730724958799132
LC-2023-0222345,0,0,0.1489884117421785
LC-2024-0149593,0,0,0.002271888423606711
LC-2019-0013235,0,0,0.019289931214873785
LC-2020-0247636,0,0,0.32251092638965206
LC-2020-0623533,0,0,0.07573720749886616
LC-2025-0403432,0,0,0.08121151718553449
LC-2023-0310890,0,0,0.07150829677009427
LC-2024-0179906,0,0,0.053592870635740406
LC-2021-0037706,0,0,0.28752153358846205
LC-2019-0251207,0,0,0.01245667854959677
LC-2024-0131617,0,0,0.07314580236138056
LC-2021-0044254,0,0,0.32335917645960216
LC-2022-0308474,0,0,0.10073629169867909
LC-2019-0349622,0,0,0.08894305143793967
LC-2025-0365019,0,0,0.09417252326016926
LC-2022-0432251,0,0,0.21425424214254435
LC-2021-0438783,0,0,0.0002756423486435253
LC-2019-0588516,0,0,0.04957697313653855
LC-2025-0923632,0,0,0.02612982443190011
LC-2024-0499663,0,0,0.00803173648497405
LC-2021-0423884,0,0,0.10486608592284466
LC-2023-0508805,0,0,0.0810320876483473
LC-2024-0425403,0,0,0.019934465323796124
LC-2024-0762914,0,0,0.17403379296124669
LC-2024-0693096,0,0,0.17543585856509583
LC-2019-0143956,0,0,0.02869801691416545
LC-2025-0204087,0,0,0.06252420040241094
LC-2023-0148768,0,0,0.4177300039690136
LC-2021-0428987,0,0,0.1715078662109622
LC-2025-0561619,0,0,0.0006985840022907585
LC-2025-0863745,0,0,0.13036270632032576
LC-2021-0254063,0,0,0.35335774047516333
LC-2024-0013303,0,0,0.05823245491600571
LC-2020-0616836,0,0,0.017563840162583652
LC-2025-0433000,0,0,0.20877926684615894
LC-2019-0422361,0,0,0.14424799129488294
LC-2022-0009708,0,0,0.008045385232866721
LC-2023-0661027,0,0,0.05502921872692487
LC-2020-0669106,0,0,0.009708132078217352
LC-2020-0049599,0,0,0.28708781963274976
LC-2020-0295349,0,0,0.12215489369001992
LC-2019-0674084,0,0,0.16148155489263025
LC-2021-0632768,0,0,0.12434767212015987
LC-2025-0166503,0,0,0.16424008652149585
LC-2019-0359062,0,0,0.09048569980996998
LC-2019-0389140,0,0,0.011013787111766366
LC-2023-0719513,0,0,0.709670869722022
LC-2022-0212670,0,0,0.015669828587712483
LC-2025-0055771,0,0,0.009997932544012328
LC-2025-0949068,0,0,0.006554365226196413
LC-2025-0840468,0,0,0.016229451576010002
LC-2025-0769544,0,0,0.3399932572715049
LC-2020-0087664,0,0,0.40940601204582583
LC-2025-0675917,0,0,0.012737213605637555
LC-2021-0030803,0,0,0.013104681729966346
LC-2025-0615198,0,0,0.010834688514391979
LC-2024-0384774,0,0,0.39825851285065583
LC-2022-0353328,0,0,0.0068935276515171085
LC-2021-0644837,0,0,0.003413566130552233
LC-2021-0174371,0,0,0.005866130264940095
LC-2019-0225170,0,0,0.009331091787834962
LC-2021-0476986,0,0,0.07658802896944278
LC-2021-0334815,0,0,0.6511145010612573
LC-2025-0313822,0,0,0.5888819250048016
LC-2023-0508891,0,0,0.10342155399368776
LC-2024-0102632,0,0,0.13216967276774608
LC-2025-0761626,0,0,0.022473573034845006
LC-2019-0780588,0,0,0.002332791660245182
LC-2019-0487529,0,0,0.06304720395836572
LC-2021-0140938,0,0,0.11936432840552637
LC-2020-0482438,0,0,0.07923593008984767
LC-2020-0441335,0,0,0.3637009811759527
LC-2021-0045556,0,0,0.09616029290074243
LC-2025-0174354,0,0,0.05951776776299119
LC-2022-0157254,0,0,0.16127984045784266
LC-2019-0385060,0,0,0.014198012775952491
HC-2020-0498750,1,0,0.448548091383619
LC-2024-0395819,0,0,0.15832463169416566
LC-2021-0177758,0,0,0.16562324494266878
LC-2023-0660542,0,0,0.4690148804950548
LC-2020-0673267,0,0,0.0006985840022907585
LC-2025-0965965,0,0,0.0583281649409314
LC-2024-0142041,0,0,0.043565363478118624
LC-2025-0511487,0,0,0.12061566333697998
LC-2020-0012993,0,0,0.020237394369887945
LC-2020-0087570,0,0,0.15179560318003538
LC-2023-0449414,0,0,0.1201962854313162
LC-2023-0481560,0,0,0.037684652924872546
LC-2022-0394716,0,0,0.547580653412639
LC-2019-0461541,0,0,0.1256055611418866
LC-2021-0065288,0,0,0.1286017647860661
LC-2025-0218176,0,0,0.22245944322659394
LC-2024-0098126,0,0,0.07578255725701409
LC-2023-0061140,0,0,0.24174750081218552
LC-2025-0430741,0,0,0.11082526566040515
LC-2020-0165783,0,0,0.05351982378268
LC-2020-0460793,0,0,0.02380733541738532
LC-2023-0102468,0,0,0.1477702987310657
LC-2024-0533454,0,0,0.21239184425630808
LC-2023-0538598,0,0,0.017928875497555372
LC-2022-0164843,0,0,0.11852386820879587
LC-2025-0472545,0,0,0.02040317539695133
LC-2019-0210840,0,0,0.02102961621324153
LC-2025-0351717,0,0,0.058324771272803465
LC-2019-0117201,0,0,0.047603999484661284
LC-2019-0411898,0,0,0.007181275700986736
LC-2023-0215646,0,0,0.017952679192476072
LC-2022-0295724,0,0,0.14826222804782385
LC-2024-0709305,0,0,0.019385629067624022
LC-2023-0695049,0,0,0.2825854766871455
LC-2021-0527290,0,0,0.07566293088689006
LC-2024-0751121,0,0,0.01185772074824023
LC-2023-0732740,0,1,0.011768928240400892
LC-2025-0443135,0,1,0.043007356343009
LC-2025-0954923,0,0,0.07074862114958898
LC-2019-0471557,0,0,0.013972444405515485
LC-2022-0234675,0,0,0.25235785217387907
LC-2025-0102555,0,0,0.03194836953179524
LC-2020-0489981,0,0,0.05017899445313795
LC-2023-0231293,0,0,0.0528310286087936
LC-2022-0495434,0,0,0.017065930338538714
LC-2023-0528527,0,0,0.03068566947749529
LC-2021-0589031,0,0,0.22132902187606512
LC-2019-0780544,0,0,0.028211980776327184
LC-2025-0395418,0,0,0.026914586016649353
LC-2022-0368420,0,0,0.07766530585326625
LC-2024-0750964,0,0,0.07233429189248286
LC-2022-0490727,0,0,0.11234297498310455
LC-2019-0619763,0,0,0.01744263980143076
LC-2025-0321926,0,0,0.04910387969919872
LC-2019-0278161,0,0,0.017328052091979084
LC-2023-0069559,0,0,0.22685606154959534
LC-2019-0068429,0,0,0.0022208408872622268
LC-2024-0046338,0,0,0.07041153944714598
LC-2025-0257694,0,0,0.0006251622259411901
LC-2021-0481133,0,0,0.09452573152604149
LC-2023-0121531,0,0,0.07812954398602763
LC-2024-0379617,0,0,0.08135717308870212
LC-2025-0023937,0,0,0.1458753584021533
LC-2021-0644585,0,0,0.003426391893595062
LC-2024-0490606,0,0,0.24750275886140574
LC-2022-0007428,0,0,0.29757091414162296
LC-2024-0615951,0,0,0.004596006439328904
LC-2019-0334876,0,0,0.04280757386119111
LC-2024-0405146,0,0,0.07735188394045946
LC-2019-0152684,0,0,0.03410601585878427
LC-2022-0203027,0,0,0.040632937979950476
LC-2022-0613479,0,0,0.02119347164920468
LC-2023-0720158,0,0,0.0
LC-2025-0480098,0,0,0.010608506042803114
LC-2024-0179061,0,0,0.18767553449557944
HC-2024-0725170,1,0,0.5340023782528585
LC-2024-0741460,0,0,0.18472104431833836
LC-2021-0113536,0,0,0.09150981417404769
LC-2025-0837722,0,0,0.37375643257147495
LC-2022-0302380,0,0,0.12467110871065364
LC-2024-0558843,0,0,0.011284249344372412
LC-2024-0520178,0,0,0.13828940636262688
LC-2020-0319746,0,0,0.12321482478595684
LC-2021-0348070,0,0,0.1239078912207146
LC-2025-0532171,0,0,0.007842756565251921
LC-2025-0403391,0,0,0.11701192187786111
LC-2025-0681234,0,0,0.006398105182290304
LC-2019-0556739,0,0,0.030935391731274353
LC-2025-0282363,0,0,0.01074864173636474
LC-2022-0646693,0,0,0.10619571721532135
LC-2023-0647873,0,0,0.06541831005022634
LC-2019-0089957,0,0,0.03279261145689902
LC-2023-0152018,0,0,0.026517962335669384
LC-2021-0259429,0,0,0.07733712433632062
LC-2022-0486370,0,0,0.0140687160092738
LC-2022-0391512,0,0,0.06186821638169227
LC-2019-0153913,0,0,0.0492084719398121
LC-2024-0517991,0,0,0.03643612878098538
LC-2023-0533688,0,0,0.06016469736899133
LC-2024-0132463,0,0,0.00595602934565587
LC-2021-0112200,0,0,0.11852229791353147
LC-2020-0285487,0,0,0.11866366649570974
LC-2024-0093599,0,0,0.0753968456814876
LC-2023-0087907,0,0,0.0366501354611585
LC-2024-0566498,0,0,0.17854556283378684
LC-2025-0511310,0,0,0.08123719793967404
LC-2023-0599606,0,0,0.33943584658640974
LC-2025-0535823,0,0,0.489006987948936
LC-2022-0459809,0,0,0.37979836034736436
LC-2019-0308262,0,0,0.004868576640170873
LC-2022-0112764,0,0,0.3528203608543384
LC-2022-0521427,0,0,0.09665543907921627
LC-2023-0180222,0,0,0.026022322045395296
LC-2020-0560509,0,0,0.30951314764622667
LC-2022-0122494,0,1,0.20596152307524845
LC-2024-0412825,0,0,0.0049223245066282026
LC-2019-0799168,0,0,0.09017200106344586
LC-2022-0261592,0,0,0.23946650337862033
LC-2020-0497231,0,0,0.08485586836145159
LC-2025-0243677,0,0,0.06873292933064594
LC-2024-0110131,0,0,0.19986422972738588
LC-2020-0120967,0,0,0.045233772090866674
LC-2024-0359576,0,0,0.008999841849016744
LC-2022-0406868,0,0,0.13677646390669285
LC-2023-0574583,0,0,0.022245151217095905
LC-2024-0116571,0,0,0.0008611140476047944
LC-2025-0427324,0,0,0.11994696718887031
LC-2024-0646419,0,0,0.008656679213728707
LC-2022-0136326,0,0,0.010633716662420366
LC-2019-0084667,0,0,0.0384201273445218
LC-2023-0718415,0,0,0.0043303909028240654
LC-2020-0661296,0,0,0.07614363064543028
LC-2025-0436705,0,0,0.16731941016992583
LC-2025-0824347,0,0,0.026866549927692867
LC-2023-0412734,0,0,0.05746210928001073
LC-2022-0642210,0,0,0.07081524563529816
LC-2024-0777926,0,0,0.09325951443962298
HC-2023-0556572,1,0,0.2942914913007693
LC-2020-0545658,0,0,0.00595602934565587
LC-2024-0260872,0,0,0.0020302663953653917
LC-2024-0472129,0,0,0.01905361023689411
LC-2022-0377294,0,0,0.001081703704790743
LC-2021-0277696,0,0,0.11149924715547357
LC-2020-0614044,0,0,0.16110257112733298
LC-2023-0288920,0,0,7.342177634956852e-05
LC-2025-0419621,0,0,0.0002756423486435253
LC-2021-0228271,0,0,0.0030127856754782125
HC-2020-0668209,1,0,0.12266802171472639
LC-2023-0276645,0,0,0.014408194915123695
LC-2025-0618781,0,0,0.07206617049021624
LC-2023-0586227,0,0,0.010433691448417867
LC-2024-0317907,0,1,0.18596820720001223
LC-2025-0567289,0,0,0.17461374606835448
LC-2025-0303665,0,0,0.1198611831593102
LC-2020-0540599,0,0,0.07024119821728486
LC-2025-0130471,0,0,0.007789044612560969
LC-2023-0584197,0,0,0.03783620162359011
LC-2023-0631772,0,0,0.0011927097324942134
LC-2019-0522853,0,0,0.029582970968157856
LC-2025-0720549,0,0,0.07215772154395345
LC-2020-0504125,0,0,0.05630640203475748
LC-2024-0510368,0,0,0.024773952065173698
LC-2020-0533823,0,0,0.21186673568680667
LC-2020-0241826,0,0,0.005978631158527172
LC-2021-0596629,0,0,0.0
LC-2024-0623914,0,0,0.0963574573538027
LC-2021-0530871,0,0,0.006513864261432531
LC-2025-0255230,0,0,0.009523691963121557
LC-2020-0587722,0,0,0.03533794811335431
LC-2023-0553583,0,0,0.0419010184328338
LC-2019-0421797,0,0,0.013560621227201596
LC-2020-0056831,0,0,0.011672637527762639
LC-2025-0821324,0,0,0.017993588488444925
LC-2020-0550418,0,0,0.02693144902749898
LC-2023-0276140,0,0,0.020914100343060637
LC-2023-0685619,0,0,0.0
LC-2021-0174281,0,0,0.12124020273387633
LC-2019-0234461,0,0,0.0661598842402921
LC-2022-0234593,0,1,0.4433769243778896
LC-2023-0644230,0,0,0.024286559755296463
LC-2021-0465765,0,0,0.023834572326892747
LC-2022-0630614,0,0,0.1373104119614099
LC-2021-0437624,0,0,0.0048000185241812545
LC-2022-0392852,0,0,0.12281576027118593
LC-2023-0664748,0,0,0.0007118622577623397
LC-2023-0244998,0,0,0.15107128174985912
LC-2022-0021342,0,0,0.14242736271214546
LC-2025-0565287,0,0,0.0006985840022907585
LC-2025-0211765,0,0,0.023362553021345284
LC-2023-0072335,0,0,0.028107467790541248
LC-2023-0588566,0,0,0.017490832535510092
LC-2025-0639265,0,0,0.016418332318165522
LC-2025-0904535,0,0,0.0
LC-2025-0656456,0,0,0.06247324021567566
LC-2024-0685019,0,0,0.004713334606410948
LC-2019-0549674,0,0,0.041588722142072376
LC-2023-0606697,0,0,0.04422898333784876
LC-2020-0052812,0,0,0.2749467485353037
LC-2024-0106018,0,0,0.18141501620266484
LC-2023-0400402,0,0,0.0092717157794137
LC-2023-0532791,0,0,0.0886030573405684
LC-2020-0240564,0,0,0.038297415359560126
LC-2022-0682898,0,0,0.2250829031123851
LC-2022-0258384,0,0,0.04597640314748404
LC-2023-0585756,0,0,0.12315727135984257
LC-2024-0036617,0,0,0.006430696045369087
LC-2024-0422639,0,0,0.14141702826679015
LC-2023-0206979,0,0,0.01487358242108348
LC-2020-0125642,0,0,0.0564266483315104
LC-2020-0377780,0,0,0.3751211195622291
LC-2025-0928301,0,0,0.40883306439419603
LC-2025-0177686,0,0,0.005588593580217719
LC-2024-0609656,0,0,0.17029386757366438
LC-2022-0559915,0,0,0.2723260954974206
LC-2019-0267664,0,0,0.015617452559116644
LC-2021-0409938,0,0,0.001081703704790743
LC-2019-0030300,0,0,0.09002032944389139
LC-2023-0333104,0,0,0.0002756423486435253
LC-2020-0663249,0,0,0.0038415580392870945
LC-2025-0102406,0,0,0.04741518943137274
HC-2023-0621949,1,0,0.42760478217346615
LC-2021-0244489,0,0,0.06761483789486558
LC-2022-0344014,0,0,0.019407189837225503
LC-2023-0431857,0,0,0.3699723023760489
LC-2021-0280871,0,0,0.5645513793612182
LC-2022-0073908,0,0,0.3015148692665543
LC-2021-0436013,0,0,0.0004229416536472334
LC-2022-0661029,0,0,0.1191178716826958
LC-2019-0520567,0,0,0.23200446686307197
LC-2021-0452268,0,0,0.014307933081302106
LC-2021-0269687,0,0,0.08877212862550589
LC-2025-0306385,0,0,0.03928308373923588
HC-2023-0042678,1,1,0.36388125806064897
LC-2021-0333147,0,0,0.0034851901409787313
LC-2022-0425703,0,0,0.005208847593595881
LC-2024-0471361,0,0,0.052547567198996246
LC-2024-0019756,0,0,0.148373287026693
LC-2023-0744169,0,0,0.0006985840022907585
LC-2023-0121167,0,0,0.06062421067643964
LC-2025-0121862,0,0,0.00020222057229395674
LC-2019-0662109,0,0,0.1358586767840244
LC-2024-0585189,0,0,0.09930523105305337
LC-2025-0794834,0,0,0.13292421795088571
LC-2019-0302213,0,0,0.010989879188098527
LC-2024-0357256,0,0,0.123076587881118
LC-2022-0473893,0,0,0.001081703704790743
LC-2021-0461104,0,0,0.031106764548816418
LC-2022-0000064,0,0,0.07415749991962456
LC-2024-0607457,0,0,0.0004963634299968018
LC-2019-0235718,0,0,0.025012143430997568
LC-2022-0420862,0,0,0.024315928416766205
LC-2024-0254714,0,0,0.00811880757353997
LC-2020-0243425,0,0,0.09307704627908862
LC-2023-0614964,0,0,0.002441910122304809
LC-2025-0505951,0,0,0.16921697920830897
LC-2022-0351616,0,0,0.35202416361810696
LC-2025-0174139,0,0,0.3538230882300302
LC-2025-0220279,0,0,0.005810676946801081
LC-2020-0660745,0,0,0.002296583234287832
LC-2020-0606287,0,0,0.19904499072258916
LC-2024-0158868,0,0,0.006425874412024757
LC-2023-0738062,0,0,0.003321576481850542
LC-2023-0048278,0,0,0.23570992564921084
LC-2024-0023360,0,0,0.0758239683088497
LC-2023-0448980,0,0,0.03450024382347135
LC-2023-0273428,0,0,0.0025376006927314352
LC-2019-0490031,0,0,0.0004229416536472334
LC-2021-0578775,0,0,0.11196324539035865
LC-2024-0381075,0,0,0.05065206781993961
LC-2023-0204818,0,0,0.044104259582019925
LC-2020-0067818,0,0,0.3349630926523289
LC-2019-0601399,0,0,0.019302962089148314
LC-2021-0096453,0,0,0.11592381928197211
HC-2021-0325539,1,0,0.5461357858626464
LC-2019-0499676,0,0,0.013506516090123299
LC-2022-0392599,0,0,0.10215138581019469
LC-2020-0035587,0,0,0.17355466499705374
LC-2020-0626499,0,0,0.2272380456455679
LC-2023-0173130,0,0,0.2593617355865123
LC-2022-0644612,0,0,0.055591348655901894
LC-2022-0096391,0,0,0.10248112399106361
LC-2019-0110219,0,0,0.027391670717675263
LC-2024-0260865,0,0,0.006766999082292562
LC-2025-0134113,0,0,0.021336544998806592
LC-2022-0648305,0,0,0.0789487390987079
LC-2025-0756549,0,0,0.03994195816241623
LC-2025-0653726,0,0,0.010941222205684902
LC-2023-0071361,0,0,0.15580193487710806
LC-2025-0682624,0,0,0.0011321891251130582
LC-2025-0526911,0,0,0.35337005600850707
LC-2024-0774999,0,0,0.06192149065562148
LC-2019-0785939,0,0,0.0
LC-2022-0089741,0,0,0.20273547338879097
LC-2021-0560990,0,0,0.08324152093124704
LC-2024-0257531,0,0,0.031515955846090134
LC-2022-0206665,0,0,0.06840378353026413
LC-2023-0586280,0,0,0.0484058140335978
LC-2022-0045137,0,0,0.18515908846620097
LC-2025-0917275,0,0,0.06647048309725431
HC-2024-0594676,1,0,0.6327555768899564
LC-2019-0287379,0,0,0.018005952945734517
LC-2019-0333184,0,0,0.049806544610037556
LC-2020-0079390,0,0,0.13759466803510534
LC-2025-0460166,0,0,0.034936706987076314
LC-2023-0692774,0,0,0.17008321222912667
LC-2025-0763894,0,0,0.058477008750201905
LC-2024-0602264,0,0,0.03508793938134654
LC-2024-0464765,0,0,0.0810034768384556
LC-2024-0133250,0,0,0.01586571203121159
LC-2021-0593659,0,0,0.16656946510564022
LC-2022-0460630,0,0,0.10552286141296366
LC-2021-0587380,0,0,0.06328862010703597
LC-2019-0433795,0,0,0.028428699410385377
LC-2023-0277252,0,0,0.01915741226972193
LC-2025-0875713,0,0,0.1330663515946529
LC-2025-0795166,0,0,0.02153370475791929
LC-2023-0231227,0,0,0.005819834799622332
LC-2023-0210894,0,0,0.11465471779785201
LC-2022-0591146,0,0,0.1461308386105782
LC-2024-0165312,0,0,0.046039079396454845
LC-2019-0623698,0,0,0.017551074411409576
LC-2019-0337581,0,0,0.07288172562165174
LC-2025-0370444,0,0,0.02730299412125066
LC-2020-0448790,0,0,0.36994741036968853
LC-2019-0489696,0,0,0.018821959950453188
LC-2025-0606541,0,0,0.1808417220266593
LC-2019-0644628,0,0,0.05351078682449007
LC-2022-0628332,0,0,0.08272149422143107
LC-2024-0458560,0,0,0.09624236778459477
LC-2021-0404453,0,0,0.09059407290712086
LC-2024-0068436,0,0,0.008143843344688517
LC-2021-0453352,0,0,0.00949756970455936
LC-2025-0965739,0,0,0.055268676504568966
HC-2025-0511675,1,0,0.06472464220924942
LC-2021-0531433,0,0,0.3738297567485997
LC-2023-0612176,0,0,0.3117454369223031
LC-2019-0254236,0,0,0.025309564550317343
LC-2023-0451808,0,0,0.09323314983710224
LC-2021-0590122,0,0,0.16559454906169221
LC-2024-0176549,0,0,0.1980685523117519
LC-2024-0157488,0,0,0.0783073762958347
LC-2023-0482259,0,0,0.010425083281073388
LC-2021-0261175,0,0,0.011342459975508161
LC-2019-0704373,0,0,0.06006561757623825
LC-2021-0263433,0,0,0.04525400814300233
LC-2025-0272275,0,0,0.03890469498793763
LC-2021-0507669,0,0,0.007941123701745118
LC-2022-0063053,0,0,0.027279171732545845
LC-2021-0100746,0,0,0.18269577871641457
LC-2020-0489275,0,0,0.20087035601265732
LC-2022-0445107,0,0,0.06905247765976989
LC-2024-0346243,0,0,0.7135786209172801
LC-2023-0478486,0,0,0.047536908008269686
LC-2022-0023204,0,0,0.019128233199838494
LC-2021-0328123,0,0,0.150859098563999
LC-2022-0553378,0,0,0.011852064556669819
LC-2024-0343668,0,0,0.38423205430167867
LC-2023-0142612,0,0,0.05165551971331832
LC-2020-0091990,0,0,0.1450343538585572
LC-2020-0489047,0,0,0.03449769840370359
LC-2024-0033303,0,0,0.0015419629574606436
LC-2024-0756193,0,0,0.00020222057229395674
LC-2019-0160836,0,0,0.005814260362750817
LC-2024-0384989,0,0,0.004700513337525016
LC-2025-0787094,0,0,0.2739467096035719
LC-2025-0936516,0,0,0.14669629944168222
LC-2020-0533147,0,0,0.06347663854559359
LC-2023-0567736,0,0,0.0006985840022907585
LC-2022-0427149,0,0,0.0006251622259411901
LC-2020-0301290,0,0,0.027299574126248744
LC-2023-0253408,0,0,0.004146421392032981
LC-2023-0526026,0,0,0.07923612515959405
LC-2025-0194282,0,0,0.034778383523962016
LC-2019-0366612,0,0,0.025114938272128396
LC-2025-0804773,0,0,0.13111505903114695
LC-2024-0023070,0,0,0.23927858803779053
LC-2022-0592726,0,0,0.15238319436154535
LC-2020-0190503,0,0,0.05074725814283479
LC-2019-0204056,0,0,0.006771230335497136
LC-2025-0571161,0,0,0.06314777929356316
LC-2025-0947653,0,0,0.00726537243223537
LC-2022-0685246,0,0,7.342177634956852e-05
LC-2022-0147127,0,0,0.15469665192776058
LC-2023-0212601,0,0,0.08011154853006555
LC-2022-0575250,0,0,0.028418652976615992
LC-2023-0286351,0,1,0.13341967470650065
LC-2022-0370946,0,0,0.0581515297370016
LC-2019-0530601,0,0,0.01952251446598851
LC-2021-0464708,0,0,0.010918583730241538
LC-2022-0039362,0,1,0.0009153679983132447
LC-2025-0681105,0,0,0.01296951781903666
LC-2023-0144264,0,0,0.005949465450942386
LC-2022-0543626,0,0,0.5542462091325109
LC-2022-0264361,0,0,0.001081703704790743
LC-2025-0215707,0,0,0.002752765805692796
LC-2024-0223595,0,0,0.1350150071103408
LC-2022-0062143,0,0,0.016752391157028895
LC-2024-0022996,0,0,0.21596994263446717
LC-2022-0000299,0,0,0.009011304162218943
LC-2019-0713995,0,0,0.23119332231125342
LC-2024-0461664,0,1,0.01722362781231574
LC-2022-0099082,0,0,0.0008288155314413557
LC-2023-0534131,0,0,0.031432068920089484
LC-2019-0177671,0,0,0.04220269895096293
LC-2025-0247376,0,0,0.050070637098139914
LC-2023-0581910,0,0,0.17379040789889535
LC-2022-0351888,0,0,0.007464572197862782
LC-2023-0322318,0,0,0.02244146136060964
LC-2022-0575905,0,0,0.09203308532988962
LC-2025-0272454,0,0,0.0011927097324942134
LC-2023-0202761,0,1,0.001081703704790743
LC-2019-0335801,0,0,0.01613776772788169
LC-2023-0435414,0,0,0.022344481939599255
LC-2020-0235199,0,0,0.7059854765209788
LC-2020-0258090,0,0,0.22487607006562566
LC-2024-0024092,0,0,0.10256372550983821
LC-2024-0394063,0,0,0.057711323356221575
LC-2021-0313832,0,0,0.12310394974708169
LC-2025-0912767,0,0,0.39735727810956173
LC-2024-0425108,0,0,0.4444592256402512
LC-2019-0198647,0,0,0.030794195618682428
LC-2024-0227867,0,0,0.28606417164242026
LC-2023-0022425,0,0,0.09378578974130508
LC-2019-0100455,0,0,0.21564671153241968
LC-2022-0537311,0,1,0.14247225942009353
LC-2021-0246685,0,0,0.06951099517256369
LC-2023-0024577,0,0,0.17379309518265929
LC-2022-0436296,0,0,0.15544006595150278
LC-2025-0215501,0,0,0.3495164649728942
LC-2022-0039495,0,0,0.02604627228397669
LC-2021-0456658,0,0,0.003304916493818701
LC-2024-0488062,0,0,0.06262319611981067
LC-2019-0402254,0,0,0.013772299120759562
LC-2023-0673193,0,0,0.03575895476042779
LC-2024-0593323,0,0,0.11613111841577183
LC-2019-0014956,0,0,0.024393221117466304
LC-2021-0308486,0,1,0.1050823233454015
LC-2023-0537601,0,0,0.026156445885854515
LC-2021-0052487,0,0,0.0022827844353347417
LC-2025-0267193,0,0,0.19341747770030193
LC-2024-0359581,0,0,0.0009140828300562965
LC-2019-0018751,0,0,0.0131180231257875
LC-2025-0254944,0,0,0.01402215794704848
LC-2020-0584877,0,0,0.14459504803724993
LC-2025-0876424,0,0,0.1117013997406196
LC-2019-0791863,0,0,0.2666301964096766
LC-2023-0478764,0,0,0.0006985840022907585
LC-2019-0593249,0,0,0.059588246579373436
LC-2023-0455604,0,0,0.17204773343158689
LC-2019-0246987,0,0,0.08301086802402807
LC-2022-0140466,0,0,0.03241357671987784
LC-2023-0507220,0,0,0.15950161684393765
LC-2019-0441144,0,0,0.029347403080137422
LC-2019-0464541,0,0,0.023233368257155326
LC-2021-0585069,0,0,0.05003240176302624
LC-2020-0249873,0,0,0.10300115750192182
LC-2019-0218286,0,0,0.061430062775158965
LC-2019-0418501,0,0,0.004732952626564621
LC-2025-0861680,0,0,0.12655521506854173
LC-2023-0495509,0,0,0.08224316589686417
LC-2023-0715841,0,0,0.04948553122827806
LC-2022-0254177,0,0,0.45447110795205165
LC-2021-0580192,0,0,0.013548142794835303
LC-2025-0780691,0,0,0.05798064040223336
LC-2023-0743596,0,0,0.04303698584830275
LC-2023-0003084,0,0,0.07438599174598726
LC-2025-0093673,0,0,0.058232991907213566
LC-2023-0283241,0,0,0.22177079989404025
LC-2019-0337198,0,0,0.20573991275650283
LC-2025-0220299,0,0,0.07924480383770788
LC-2023-0123476,0,0,0.046282386122276975
LC-2020-0098033,0,0,0.34494934910994524
LC-2020-0079395,0,0,0.09243062046373147
LC-2023-0624290,0,0,0.0030355617276179637
LC-2021-0498620,0,0,0.060302252979092016
LC-2019-0530057,0,0,0.018661523802283426
LC-2019-0257439,0,0,0.06503693865114911
LC-2019-0687756,0,0,0.08311651240821441
LC-2023-0084807,0,0,0.009703061832523856
LC-2023-0564070,0,0,0.13837639620701508
LC-2022-0175614,0,0,0.13734922896434051
LC-2019-0616982,0,0,0.06562816349441344
LC-2024-0144346,0,0,0.2452749911837566
LC-2025-0858848,0,0,0.014953107588178615
LC-2020-0157994,0,0,0.43407272983054235
LC-2022-0565339,0,0,0.12704037334848986
LC-2022-0275726,0,0,0.10671831969136601
LC-2024-0729076,0,0,0.5638551734542103
LC-2022-0475781,0,0,0.06444798076631472
LC-2020-0297498,0,0,0.012811747898316104
LC-2019-0227401,0,0,0.009552964179636102
LC-2021-0150355,0,0,0.08195536341875574
LC-2023-0382133,0,0,0.10483857113264243
LC-2019-0185523,0,0,0.028016097237854892
HC-2024-0714979,1,0,0.45545641316595104
HC-2023-0023011,1,0,0.43466029703423253
LC-2024-0635775,0,0,0.5171902721394944
LC-2024-0148947,0,0,0.014303986943155787
LC-2025-0057925,0,0,0.006754102407053445
LC-2019-0036762,0,0,0.01486899445941825
LC-2024-0768536,0,0,0.18836093775097545
LC-2021-0446993,0,0,0.008969617119934313
LC-2025-0260042,0,0,0.0956733962716367
LC-2025-0632368,0,0,0.047337246963002066
HC-2022-0154560,1,0,0.6780348977788337
LC-2019-0177772,0,0,0.018551229017292874
LC-2025-0870120,0,0,0.17157831663372697
LC-2024-0732725,0,0,0.06627573842751927
LC-2024-0736505,0,0,0.01860773878674121
LC-2020-0563953,0,0,0.0006985840022907585
LC-2024-0240962,0,0,0.40647824571346514
LC-2019-0021434,0,0,0.035549030627425
LC-2022-0131077,0,0,0.014036420004762995
LC-2024-0679408,0,0,0.12906382728873153
LC-2022-0356961,0,0,0.02615236562636918
LC-2023-0140576,0,0,0.09127727199477426
LC-2021-0079075,0,0,0.05610340749663473
LC-2019-0128794,0,0,0.15148060310406866
LC-2020-0255441,0,0,0.0951919555273904
LC-2025-0683821,0,0,0.002090653690392752
LC-2019-0576748,0,0,0.009451847176684753
LC-2025-0654542,0,0,0.0
LC-2019-0446591,0,0,0.05557383001625209
LC-2021-0629150,0,0,0.012080445669673505
LC-2022-0159244,0,0,0.09038828455700947
LC-2023-0033193,0,0,0.08487997102408616
LC-2020-0243248,0,0,0.02395513578948828
LC-2021-0564295,0,0,0.15688081787204478
LC-2021-0015635,0,0,0.1549161445952209
LC-2021-0634782,0,0,0.016406319116376075
LC-2019-0021896,0,0,0.03626221999419381
LC-2023-0338235,0,0,0.03166755253667633
LC-2021-0131459,0,0,0.04409553627068649
LC-2025-0585380,0,0,0.0002756423486435253
LC-2023-0485334,0,0,0.07425958908417898
LC-2023-0733304,0,0,0.003211345558258276
LC-2025-0812904,0,0,0.14210614068103522
LC-2025-0906005,0,0,0.002296583234287832
LC-2021-0032734,0,0,0.06893125797129245
LC-2025-0778491,0,0,0.045852181076179103
LC-2021-0459686,0,0,7.342177634956852e-05
LC-2025-0491162,0,0,0.0016677120367455188
LC-2023-0338202,0,0,0.05863192299218894
LC-2021-0645417,0,0,0.0034295643320365783
LC-2021-0181184,0,0,0.13815629588034828
LC-2024-0050208,0,0,0.1365582263846881
LC-2023-0740785,0,0,0.0009140828300562965
LC-2024-0101491,0,0,0.08822130814587094
LC-2025-0368603,0,0,0.1933115526943267
LC-2025-0395838,0,0,0.0074570422765894585
LC-2025-0005543,0,0,0.06806412077196299
HC-2019-0492988,1,0,0.5523515164588908
LC-2019-0710148,0,0,0.038076964547262754
LC-2024-0426061,0,0,0.20456767301413056
LC-2024-0779150,0,0,0.0006985840022907585
LC-2021-0615964,0,0,0.005994351490739627
LC-2019-0735456,0,0,0.004640149378677322
LC-2021-0316565,0,0,0.09414479004131147
LC-2021-0148293,0,0,0.01935822108607937
LC-2020-0062092,0,0,0.41355939457129887
LC-2023-0714881,0,0,0.09307888941764335
LC-2023-0637402,0,0,0.003186413956628922
LC-2025-0899843,0,0,0.09187346610099807
LC-2019-0701564,0,0,0.060937764531447385
LC-2019-0076410,0,0,0.0258049225091505
LC-2023-0677061,0,0,0.033402680428996676
LC-2019-0250693,0,0,0.07355588900267049
LC-2021-0036779,0,0,0.15781287408232184
LC-2024-0131055,0,0,0.5249876586431871
LC-2024-0011844,0,0,0.025354196663871748
LC-2024-0585553,0,1,0.2646760457274619
LC-2022-0516004,0,0,0.031885837745306685
LC-2023-0147184,0,0,0.08986946027676215
LC-2021-0631292,0,0,0.08663951391065262
LC-2021-0500729,0,0,0.08757554132495483
LC-2019-0185036,0,0,0.03053429163896875
LC-2025-0430635,0,0,0.08108892189351369
LC-2025-0645657,0,0,0.09688961560140473
LC-2025-0356670,0,0,0.14095839012233832
LC-2022-0356827,0,0,0.03555122303297528
LC-2024-0423966,0,0,0.057176639542867794
LC-2020-0568661,0,0,0.004700513337525016
LC-2020-0246487,0,0,0.10209339746971685
LC-2019-0562861,0,0,0.13460265175355562
LC-2023-0050004,0,0,0.15054858600166834
LC-2023-0542097,0,0,0.7138128372330863
LC-2019-0519078,0,0,0.014776663519504898
LC-2019-0114406,0,0,0.0035136830179518003
LC-2023-0085060,0,0,0.0016008887552406415
LC-2019-0446441,0,0,0.04469479940716933
LC-2019-0071767,0,0,0.3185506267247418
LC-2023-0728735,0,0,0.005980873463094398
LC-2025-0808896,0,0,0.12723986253660768
LC-2024-0679561,0,0,0.05987323763487761
LC-2021-0603610,0,0,0.014262537424303303
LC-2022-0143023,0,1,0.04091715368004902
LC-2020-0160090,0,0,0.4101222474547569
LC-2020-0550785,0,0,0.17069157191849563
LC-2022-0594002,0,0,0.057142071355818974
LC-2019-0722597,0,0,0.002427173904107813
LC-2025-0723469,0,0,0.006848965154278548
LC-2024-0163251,0,0,0.06403277763887966
LC-2021-0627407,0,0,0.1070358346587399
LC-2022-0409867,0,0,0.1244726605075329
LC-2019-0387939,0,0,0.012909045580955854
LC-2021-0610019,0,1,0.003735817219044
LC-2020-0272104,0,0,0.04225941407431508
LC-2019-0018425,0,0,0.07593025496686528
LC-2022-0253353,0,0,0.02522813749728721
LC-2021-0336246,0,0,0.11567958057294449
LC-2023-0289304,0,0,0.020795907988807327
LC-2022-0580780,0,0,0.12918006237085897
LC-2019-0109281,0,0,0.009751583925764138
LC-2023-0054519,0,0,0.1104637063477087
LC-2021-0521318,0,0,0.40926553441291685
LC-2024-0645487,0,0,0.29522158708902313
LC-2025-0198804,0,0,0.13036286813519457
LC-2021-0090590,0,0,0.04419680491119061
LC-2024-0165116,0,0,0.050049765452375584
LC-2024-0346716,0,0,0.09778997278120923
LC-2024-0711734,0,0,0.008119129723164876
LC-2020-0610792,0,0,0.09726742593401266
LC-2019-0199493,0,0,0.03849992395210428
LC-2019-0087234,0,0,0.02373316693681039
LC-2021-0349197,0,0,0.07938725924338055
LC-2022-0629015,0,0,0.0044131801028383585
LC-2023-0083210,0,0,0.024302231803672178
LC-2021-0261233,0,0,0.0570436065834294
LC-2022-0405672,0,1,0.04177661573494764
LC-2020-0544310,0,0,0.04891483691394966
LC-2025-0772736,0,1,0.030148754288775444
LC-2022-0591025,0,0,0.3695920325802018
LC-2023-0340710,0,1,0.1576733824117541
LC-2025-0850719,0,0,0.10985986258615929
LC-2025-0008540,0,0,0.07224927567993744
LC-2022-0468797,0,0,0.09505234719166028
LC-2019-0379741,0,0,0.014617093946618967
LC-2023-0427652,0,0,0.005523263601609262
LC-2023-0166830,0,0,0.0
LC-2019-0414282,0,0,0.015595462368163799
LC-2020-0134862,0,0,0.16691486538239653
LC-2022-0109855,0,0,0.020780961275585666
LC-2025-0738076,0,0,0.0002756423486435253
LC-2021-0078164,0,0,0.01331197181683664
LC-2019-0562952,0,0,0.017394060152303492
LC-2022-0297165,0,0,0.049321630839815674
LC-2024-0477187,0,0,0.07372297627891305
LC-2024-0658745,0,0,0.03430313621115383
LC-2025-0744366,0,0,0.0006985840022907585
LC-2023-0471331,0,0,0.5507795293382857
LC-2020-0665268,0,0,0.017052451220843156
LC-2023-0740448,0,0,0.2200112394017779
LC-2025-0930320,0,0,0.04837685589893304
LC-2025-0650966,0,0,0.13694319536342894
LC-2025-0022901,0,0,0.015079890726524138
LC-2023-0537381,0,0,0.015913289751623365
LC-2022-0524909,0,1,0.16128646169729
LC-2022-0195660,0,0,0.1541094353678047
LC-2025-0873724,0,0,0.31619821862661346
LC-2025-0581143,0,0,0.00997608054200965
LC-2024-0246420,0,0,0.0639392330398986
LC-2025-0585366,0,0,0.0016677120367455188
LC-2019-0022026,0,0,0.08052991745397463
LC-2024-0136850,0,0,0.08080651145698002
LC-2022-0203872,0,0,0.036925025968451985
LC-2024-0756263,0,0,0.004795413605323815
LC-2021-0458165,0,0,0.0056398865633447304
LC-2024-0443400,0,0,0.12858229290344947
LC-2024-0441869,0,0,0.005663611234516912
LC-2019-0729854,0,0,0.0
LC-2023-0135903,0,0,0.18507707309307986
LC-2021-0012733,0,0,0.095378358834689
LC-2023-0559802,0,0,0.08262694282127983
LC-2023-0429886,0,0,0.2939478803890025
LC-2023-0723233,0,0,0.11022617659535858
LC-2019-0439310,0,0,0.029683232061514683
LC-2019-0536215,0,0,0.2029331386561019
LC-2025-0185509,0,0,0.0031125494773134393
LC-2022-0638052,0,0,0.06757017591849096
LC-2021-0140871,0,0,0.07254388079940767
LC-2024-0635482,0,0,0.048853427908149866
LC-2019-0349372,0,0,0.06158151797517721
LC-2022-0371208,0,0,0.01727770974294341
LC-2019-0405034,0,0,0.019370951661984773
LC-2019-0196937,0,0,0.009185214673473994
LC-2022-0078791,0,0,0.03468414487943234
LC-2025-0707884,0,0,0.03483885328897221
LC-2021-0125036,0,0,0.12159098118286778
LC-2021-0542963,0,0,0.0013131226577483626
LC-2021-0330256,0,0,0.04426066001666493
LC-2021-0266420,0,0,0.05916383931407341
LC-2019-0534618,0,0,0.025373450979422008
LC-2024-0277245,0,0,0.03966480871590374
LC-2022-0537972,0,0,0.004106838967084837
LC-2025-0841606,0,0,7.342177634956852e-05
LC-2021-0177584,0,0,0.6927937651812616
LC-2019-0309834,0,0,0.031789883657920286
LC-2024-0652268,0,0,0.12283789741919678
LC-2019-0021352,0,0,0.015605265344215923
LC-2024-0256397,0,0,0.1210790868960872
LC-2023-0594790,0,0,0.024050617704943985
LC-2025-0467664,0,0,0.014351292170044239
LC-2025-0920149,0,0,0.0075248087275455264
LC-2025-0322621,0,0,0.02780040267801425
LC-2025-0285502,0,0,7.342177634956852e-05
LC-2021-0427152,0,0,0.011976943080449805
LC-2021-0086528,0,0,0.15825786883291057
LC-2022-0634183,0,0,0.008479492443696985
LC-2025-0791052,0,0,0.06749351398251172
LC-2023-0542957,0,0,0.17963060035217202
LC-2023-0172896,0,0,0.08297943455817737
LC-2019-0306494,0,0,0.02028240829964501
LC-2025-0670229,0,0,0.32531893346633983
LC-2024-0425233,0,0,0.02250671519922734
LC-2023-0563304,0,0,0.010256775956055952
LC-2020-0099356,0,0,0.06820358069649635
LC-2024-0298849,0,0,0.026635665402220125
LC-2019-0292942,0,0,0.1369686814556683
LC-2020-0156220,0,0,0.03134466695421
LC-2023-0593763,0,0,0.0006985840022907585
LC-2021-0618850,0,0,0.17262300425729407
LC-2025-0556379,0,0,0.0006985840022907585
LC-2025-0787148,0,1,0.031428898120318446
LC-2019-0666208,0,0,0.015517532922540983
LC-2023-0706125,0,0,0.015270465008917546
LC-2019-0000686,0,0,0.034841744475406486
LC-2025-0849111,0,0,0.11221751266753321
LC-2025-0884257,0,0,0.008103667008112504
LC-2024-0346232,0,0,0.08731912794813983
LC-2025-0019422,0,0,0.027889919165180986
LC-2022-0088107,0,0,0.017028783049298012
LC-2019-0040002,0,0,0.020424592620842993
LC-2021-0134758,0,0,0.22141463298572883
LC-2024-0238623,0,0,0.04037568940221366
LC-2022-0622362,0,0,0.10729242104265557
LC-2022-0146844,0,1,0.08126153956853158
LC-2022-0103964,0,0,0.01152993697439617
LC-2025-0967575,0,0,0.3618099917824281
LC-2020-0449441,0,0,0.15262373346889288
LC-2022-0295676,0,0,0.03999088710771262
LC-2023-0594781,0,0,0.004827343760942736
LC-2022-0430077,0,0,0.10136106145342545
LC-2021-0166035,0,0,0.1464976956908005
LC-2023-0382622,0,1,0.08369268465810692
LC-2024-0716628,0,0,0.3665144267716788
LC-2019-0774590,0,0,0.09553896142286898
LC-2023-0117599,0,0,0.044657279507255634
LC-2023-0162485,0,0,0.06038861021322644
LC-2025-0052891,0,0,0.07502514378704644
LC-2022-0143720,0,0,0.007154635137051052
LC-2023-0438905,0,0,0.07132014074375118
LC-2025-0794185,0,0,0.004087567648861617
LC-2025-0722793,0,0,7.342177634956852e-05
LC-2021-0175157,0,0,0.0006251622259411901
LC-2022-0222835,0,0,0.06357855233304097
LC-2024-0551233,0,0,0.3890577333920278
LC-2025-0318326,0,0,0.09639084203554159
LC-2019-0764926,0,0,0.1564868329117173
LC-2023-0161902,0,0,0.11586852133660264
LC-2022-0313910,0,0,0.20947515437587916
LC-2019-0493285,0,0,0.030063778336156734
LC-2024-0248390,0,0,0.0028530508856649955
LC-2025-0949331,0,0,0.08121391611878748
LC-2019-0471210,0,0,0.02527478208724118
LC-2021-0456804,0,0,0.0400408127906388
LC-2022-0655945,0,0,0.03256075575904284
LC-2024-0539989,0,0,0.20517487330567863
LC-2023-0417461,0,0,7.342177634956852e-05
LC-2023-0139735,0,0,0.1483994957221462
LC-2020-0498336,0,0,0.11405263576326224
LC-2019-0581454,0,0,0.020563266375646302
LC-2024-0730003,0,0,0.021264294225675207
LC-2022-0394121,0,0,0.05816796773768019
LC-2021-0511772,0,0,0.07381031662026358
LC-2023-0485946,0,0,0.07278531957377257
LC-2019-0068253,0,0,0.04646492636225684
LC-2023-0144904,0,0,0.005810676946801081
LC-2020-0169449,0,0,0.5347800926328922
LC-2024-0766848,0,0,0.1594620955799878
LC-2023-0058640,0,0,0.21415183878210978
LC-2023-0173292,0,0,0.3753445112162578
LC-2021-0499668,0,0,0.0004963634299968018
LC-2025-0446596,0,0,0.11771381627471786
LC-2020-0192676,0,0,0.05608198398804727
LC-2024-0489650,0,0,0.04823103292515512
LC-2019-0635165,0,0,0.06700232281006434
LC-2025-0300993,0,0,0.06188706353091348
LC-2024-0356816,0,0,0.2657836278286285
LC-2022-0563007,0,0,0.41881331952369216
LC-2019-0492929,0,0,0.0030926499682929344
LC-2025-0208158,0,0,0.013734841916550625
LC-2022-0164172,0,0,0.09756330440729713
LC-2019-0262633,0,0,0.07167078699170176
LC-2023-0633217,0,0,0.0002756423486435253
LC-2019-0283977,0,0,0.021238252312536156
LC-2021-0540259,0,0,0.07067004546409905
LC-2023-0404607,0,0,0.03827875236089794
LC-2020-0620797,0,0,0.01607031335654543
LC-2020-0446769,0,0,0.015214000802946027
LC-2024-0155346,0,0,0.10093205149081631
LC-2023-0715105,0,0,0.018495311930850314
LC-2023-0280299,0,0,0.31620830563891233
LC-2023-0388997,0,0,0.003360491323529419
LC-2021-0336375,0,0,0.05385610921414233
LC-2019-0754933,0,0,0.0088289557042283
LC-2020-0655570,0,0,0.0037932248618946602
LC-2023-0145458,0,0,0.12645155798595456
LC-2024-0400622,0,0,0.024093615361862032
LC-2019-0164287,0,0,0.04263692145404211
LC-2024-0730196,0,0,0.2366501827551755
LC-2025-0660746,0,0,0.03710354579658428
LC-2021-0194894,0,0,0.2665638117158991
LC-2019-0424417,0,0,0.011589078155524141
LC-2023-0681676,0,0,0.1145612960540573
LC-2022-0045981,0,0,0.12091861588519393
LC-2022-0262552,0,0,0.07750228721260422
LC-2024-0570272,0,0,0.0029693988648209994
LC-2021-0149869,0,0,0.08260212548031286
LC-2022-0609212,0,0,0.06431228307451581
LC-2025-0679232,0,0,0.008861804524524858
LC-2023-0708159,0,0,0.046307278328899054
LC-2021-0252130,0,0,0.08430676837573994
LC-2022-0372870,0,0,0.07110424323519078
LC-2019-0064933,0,0,0.07952755783420462
LC-2019-0753872,0,0,0.023398940257823516
LC-2022-0419982,0,0,0.025002228135542776
LC-2019-0166317,0,0,0.028314432580350237
LC-2025-0969155,0,0,0.12934469347613725
LC-2020-0433565,0,0,0.4697261082056039
LC-2024-0082101,0,0,0.6099011651015435
LC-2025-0269656,0,0,0.13446330288941832
LC-2020-0433823,0,0,0.09942850840868493
LC-2019-0388582,0,0,0.20113331381571808
LC-2019-0702096,0,0,0.02067231236436806
LC-2022-0050224,0,0,0.15196573890740844
LC-2025-0275994,0,0,0.5499089658337194
LC-2024-0494148,0,0,0.09988696479830071
LC-2024-0780934,0,0,0.34685583877469284
LC-2022-0453900,0,0,0.1303521043111551
LC-2022-0540781,0,0,0.4331207175082987
LC-2024-0710149,0,0,0.004034444753711737
LC-2025-0708825,0,0,0.22347246230695916
LC-2023-0507225,0,0,0.07877736972031672
LC-2021-0250022,0,0,0.17307122756065507
LC-2023-0602117,0,0,0.006909697909594385
LC-2022-0237040,0,0,0.17874281158294603
LC-2023-0468973,0,0,0.016165031687622372
LC-2021-0303268,0,0,0.10933547972209538
LC-2023-0289039,0,0,0.042614560089292215
LC-2024-0497625,0,0,0.1361717193361249
LC-2023-0030148,0,0,0.20799289588133046
LC-2021-0406723,0,0,0.009288827645997666
LC-2024-0018012,0,1,0.13292377936747712
LC-2021-0619535,0,0,0.014200881678019209
LC-2022-0578290,0,0,0.048817890514443386
LC-2019-0669905,0,0,0.0065100851243096855
LC-2021-0624747,0,0,0.004822287821857854
LC-2025-0616410,0,0,0.045998786866899864
LC-2019-0170298,0,0,0.05189914778830304
LC-2019-0562048,0,0,0.19192956400390798
LC-2022-0410406,0,0,0.22968680999155897
LC-2025-0307960,0,0,0.08752837627924141
LC-2022-0684125,0,0,0.0002756423486435253
LC-2021-0426133,0,0,0.00860680712764719
LC-2019-0785509,0,0,0.007959340127461627
LC-2024-0004969,0,0,0.18825425423384587
LC-2024-0450698,0,0,0.0877757318102136
LC-2019-0149832,0,0,0.0052691913746086136
LC-2025-0576314,0,0,0.002126825259900069
LC-2022-0573611,0,0,0.18465873272445485
LC-2023-0549473,0,0,0.23333427149882496
LC-2019-0229889,0,0,0.009812993923125603
LC-2019-0113192,0,0,0.07095120443623858
LC-2025-0460165,0,0,0.27297940319672576
LC-2020-0484178,0,0,0.0625665719977794
LC-2023-0703058,0,0,0.0002756423486435253
LC-2025-0615638,0,0,0.33245470985232584
LC-2022-0311084,0,0,0.13156100845420415
LC-2025-0769435,0,0,0.10607373362475749
LC-2023-0615678,0,0,0.42690374893021726
LC-2019-0437683,0,0,0.02221222991320157
LC-2019-0326447,0,0,0.01061625232857283
LC-2024-0128342,0,1,0.006521838240967912
LC-2022-0413978,0,0,0.0708094446988145
LC-2023-0403744,0,0,0.3120234580517927
LC-2021-0494882,0,0,0.005573708856949475
LC-2023-0630743,0,0,0.11913340449210763
LC-2023-0696770,0,0,0.20270547242222237
LC-2022-0609605,0,0,0.03797075324882106
LC-2021-0270630,0,0,0.00824792418050287
LC-2025-0126701,0,0,0.011411320609971284
LC-2023-0420219,0,0,0.4925714893980316
LC-2023-0057061,0,0,0.12209251509950256
LC-2020-0006236,0,0,0.17258751172056452
LC-2022-0701111,0,0,0.30553323840165314
LC-2025-0356657,0,0,0.08166629987792363
LC-2025-0060369,0,0,0.011524981227987991
LC-2023-0264618,0,0,0.42388800032349294
LC-2024-0294003,0,0,0.23321290810233783
LC-2022-0082607,0,0,0.06735434602142833
LC-2021-0191414,0,0,0.28569157711648635
LC-2025-0594849,0,1,0.049483919051650185
LC-2024-0169381,0,0,0.014491400289872329
LC-2024-0376257,0,0,0.011790957539380758
LC-2019-0420377,0,0,0.09520933532174437
LC-2021-0190782,0,0,0.18314229267813936
LC-2020-0209909,0,0,0.3899287151344979
LC-2023-0240200,0,1,0.001081703704790743
LC-2023-0301861,0,0,0.012277525855699552
LC-2022-0607301,0,0,0.014519880470562695
LC-2024-0677014,0,0,0.12819473687245622
LC-2024-0724657,0,0,0.22140829412678792
LC-2020-0574872,0,0,0.002296583234287832
LC-2025-0016885,0,0,0.021119260175946928
LC-2025-0607779,0,0,0.0006985840022907585
LC-2023-0722244,0,0,0.01455806199810613
LC-2020-0503794,0,0,0.07718720070949774
LC-2020-0641990,0,0,0.02192388165628542
LC-2022-0559296,0,0,0.04447938523259385
LC-2021-0399916,0,1,0.24974956468995896
LC-2024-0424801,0,0,0.4283061312342033
LC-2024-0292901,0,0,0.02364203475835568
LC-2019-0328481,0,0,0.0925021507825933
LC-2019-0780587,0,0,0.03191807502112643
LC-2024-0029179,0,0,0.09984469101038793
LC-2023-0723485,0,0,0.03329256378658138
LC-2025-0378201,0,0,0.2273375169475026
LC-2020-0034364,0,0,0.011177487840683
LC-2020-0651050,0,0,0.015089106272234388
LC-2025-0956956,0,0,0.03381286708467002
LC-2024-0601333,0,0,0.08963441311801347
LC-2025-0926414,0,0,0.11794337267342371
LC-2025-0603672,0,0,0.39054300320625596
LC-2019-0081786,0,0,0.5740899436265412
LC-2019-0158227,0,0,0.03855667265007931
LC-2022-0246762,0,0,0.12166023292898466
LC-2024-0250703,0,0,0.0002756423486435253
LC-2021-0122819,0,0,0.06701233904902273
LC-2024-0389342,0,0,0.17890716437512444
LC-2019-0606783,0,0,0.22444767695614545
LC-2022-0552892,0,0,0.003618908885559761
LC-2020-0571236,0,0,0.012353251904509461
LC-2023-0238732,0,0,0.061734204259871896
LC-2021-0336287,0,0,0.09106942713646575
LC-2022-0649356,0,0,0.003321576481850542
LC-2021-0531108,0,0,0.07925099405112876
LC-2023-0227995,0,0,0.4563844536594216
LC-2024-0133308,0,0,0.24655747376856504
LC-2022-0041510,0,0,0.10611335733308229
LC-2023-0737806,0,0,0.014382002594933368
LC-2019-0263576,0,0,0.016113539896185157
LC-2021-0413130,0,0,0.05199131239509831
LC-2022-0238731,0,0,0.11032911409534446
LC-2025-0699203,0,0,0.06021522180023135
LC-2023-0450123,0,0,0.05895970349242191
LC-2024-0181276,0,0,0.059360130198616544
LC-2022-0488534,0,0,0.07807738750471956
LC-2019-0025428,0,0,0.0015274669788910727
LC-2020-0586387,0,0,0.009969059297820245
LC-2023-0478248,0,0,0.08499537678273353
LC-2023-0530707,0,0,0.016333212952556134
LC-2020-0068156,0,0,0.1607175056134371
LC-2023-0496541,0,0,0.0002756423486435253
LC-2025-0845532,0,0,0.09613178702353058
LC-2023-0109907,0,0,0.005433617630091461
LC-2019-0561458,0,0,0.04691669617441498
LC-2022-0508230,0,0,0.1852565340935497
LC-2024-0046634,0,0,0.15658534523973114
LC-2023-0041880,0,0,0.25714988102785147
LC-2025-0185103,0,0,0.1403249374016821
LC-2024-0758265,0,0,0.057949145757777785
LC-2019-0310076,0,0,0.05830719007054816
LC-2019-0522275,0,0,0.02335967016653289
LC-2019-0207601,0,0,0.012896947139664154
LC-2021-0512249,0,0,0.00020222057229395674
LC-2021-0084330,0,0,0.2089912833329971
LC-2025-0898856,0,0,0.012829783451703557
LC-2022-0632251,0,0,0.0018094860877451643
LC-2023-0101250,0,0,0.02518911993387309
HC-2022-0171761,1,0,0.7670286461978759
LC-2024-0080227,0,0,0.001081703704790743
LC-2023-0474597,0,0,0.009725861966087695
LC-2022-0579642,0,0,0.5310182073654633
LC-2022-0344910,0,0,0.08071092722471905
LC-2022-0262516,0,0,0.0168462805146128
LC-2025-0143111,0,0,0.22846488201506876
LC-2019-0593747,0,0,0.053738060375120494
LC-2020-0444072,0,0,0.08094063001703891
LC-2021-0519071,0,0,0.5015632212297413
LC-2025-0014673,0,0,0.07185534241883547
LC-2023-0139618,0,0,0.028120162118276767
LC-2024-0294716,0,0,0.005996650510596708
LC-2019-0734433,0,0,0.0025074352483709815
LC-2023-0115261,0,0,0.0013801676738873648
LC-2020-0575706,0,0,0.010800279958684569
LC-2025-0157228,0,0,0.08618478795373587
LC-2024-0760132,0,0,0.6074991117138397
LC-2021-0600363,0,0,0.3383300473661358
LC-2019-0610787,0,0,0.06708142407532955
LC-2025-0558325,0,0,0.003475309078134416
LC-2023-0553597,0,0,0.15215897155045463
LC-2023-0432527,0,0,0.2237867641293603
LC-2025-0942244,0,0,0.22602726902119677
LC-2025-0794107,0,0,0.06424192006416082
LC-2025-0804818,0,0,0.010014145579792648
LC-2025-0392047,0,0,0.03144526196574759
LC-2019-0272951,0,0,0.1626706199649722
LC-2024-0009792,0,0,0.1965823468862109
LC-2025-0614673,0,0,0.011425355609530967
LC-2025-0159267,0,0,0.12922780964361133
LC-2022-0244592,0,0,0.06240745078915051
LC-2021-0496439,0,0,0.22339847216913195
LC-2023-0081231,0,0,0.0013801676738873648
LC-2025-0918743,0,0,0.10499606398486776
LC-2024-0522481,0,0,0.26849047473862414
LC-2022-0246428,0,0,0.00910119808876771
LC-2023-0001796,0,0,0.1408346366430025
LC-2023-0021097,0,0,0.049371839963981916
LC-2022-0640370,0,0,0.18411170792567227
LC-2023-0556135,0,0,0.24095078318056465
LC-2021-0338734,0,0,0.14950641905819112
LC-2019-0402239,0,0,0.039559520216140245
LC-2022-0461623,0,0,0.02115420182892025
LC-2025-0932257,0,0,0.05779156907750162
LC-2023-0710807,0,0,0.45855995332438065
LC-2024-0723220,0,0,0.009121520142113641
LC-2022-0258335,0,0,0.11420982398144006
LC-2024-0097591,0,0,0.33774776763454284
LC-2024-0490681,0,0,0.2374314453343872
LC-2024-0010455,0,0,0.03426615629148429
LC-2024-0458523,0,0,0.04593782269482328
LC-2024-0690889,0,0,0.028725640859982336
LC-2025-0334513,0,0,0.358901086515113
LC-2023-0532388,0,0,0.02627602575048087
LC-2023-0120143,0,0,0.1786227128827652
LC-2021-0349916,0,0,0.06180417555623283
LC-2022-0505909,0,0,0.08349017030959839
LC-2019-0323545,0,0,0.0014912092409580966
LC-2020-0131341,0,0,0.013933600841287612
LC-2022-0209626,0,0,0.09391004215426728
LC-2019-0472795,0,0,0.03298852578269847
LC-2022-0443656,0,0,0.003991571740699203
LC-2022-0594136,0,0,0.015215603973712579
LC-2020-0093173,0,1,0.02806098889695998
LC-2025-0619058,0,0,0.002491104646591043
LC-2023-0413534,0,0,0.005333453026661113
LC-2024-0745734,0,0,0.0018364630378819597
LC-2020-0044657,0,0,0.11431458340004362
LC-2020-0633970,0,0,0.0013131226577483626
LC-2021-0314289,0,0,0.020203982241149193
LC-2024-0208021,0,0,0.012168219190583925
LC-2019-0274076,0,0,0.07370645441959217
LC-2019-0564224,0,0,0.06743000934681681
LC-2024-0720048,0,0,0.017975192215940086
LC-2023-0520858,0,0,0.035416679541379385
LC-2025-0514905,0,0,0.03718448062486402
LC-2025-0810276,0,0,0.10686258307506194
LC-2025-0058629,0,0,0.2047113445390222
LC-2024-0494743,0,0,0.21278026778809
LC-2023-0095729,0,0,0.03755476323499145
LC-2024-0455485,0,0,0.06976709969317611
LC-2023-0564083,0,0,0.0002756423486435253
LC-2019-0414788,0,0,0.01785603236023169
LC-2022-0135565,0,0,0.024891657609945474
LC-2024-0577776,0,0,0.3510574618144041
LC-2023-0096620,0,0,0.4954349563189773
LC-2021-0066539,0,0,0.10129409856934793
LC-2022-0107012,0,0,0.5141676989407827
LC-2021-0297392,0,0,0.07191810968219896
LC-2024-0617597,0,0,0.012721370933739717
LC-2022-0041022,0,0,0.004276416224823126
LC-2019-0119649,0,0,0.03997667301947227
LC-2025-0730735,0,0,0.13212686652800235
LC-2022-0052743,0,0,0.10942708227946954
LC-2023-0653382,0,0,0.24633294568812694
LC-2019-0650866,0,0,0.08915534507759658
LC-2025-0254966,0,0,0.1486890173670796
LC-2019-0331602,0,0,0.09803809935677926
LC-2025-0167024,0,0,0.05601545193036581
LC-2022-0274191,0,0,0.027827453809426056
LC-2020-0080149,0,0,0.09408794139417832
LC-2025-0322492,0,0,0.017701573582033617
LC-2022-0655698,0,0,0.32648745712194094
LC-2022-0617258,0,0,0.009108703069853357
LC-2023-0501527,0,0,0.016304377316290485
LC-2022-0601005,0,0,0.19614173789463252
LC-2022-0287970,0,0,0.054188640483917846
LC-2022-0139041,0,0,0.01632425628236226
LC-2019-0789257,0,0,0.023278249397512548
LC-2022-0351595,0,0,0.41719806610651916
LC-2024-0050661,0,0,0.09502251879138889
LC-2022-0465838,0,0,0.14154640789263012
LC-2024-0719304,0,0,0.15206448297415162
LC-2023-0405518,0,0,0.16572977837881367
LC-2021-0095739,0,0,0.11126184531918878
LC-2019-0239504,0,0,0.015704047960595074
LC-2021-0532802,0,0,0.026430098138713373
LC-2021-0376368,0,0,0.12039520348534455
LC-2023-0260116,0,0,0.35546128663694304
LC-2025-0699775,0,0,0.011397282276567642
LC-2024-0211447,0,0,0.0067565322813860195
LC-2022-0518609,0,0,0.015520191448380431
LC-2020-0472606,0,1,0.024772340421117697
LC-2021-0436297,0,0,0.1698624887099971
LC-2023-0708405,0,1,0.15246018498226527
LC-2019-0050947,0,0,0.03215820027203355
LC-2021-0633419,0,0,0.17839397877118338
LC-2023-0629016,0,0,0.160937925665568
LC-2019-0359154,0,0,0.015746716223553052
LC-2024-0353239,0,0,0.17861877361825948
LC-2023-0542691,0,0,0.043162454607600376
LC-2019-0629939,0,0,0.014593695302599597
LC-2020-0622226,0,0,0.003653621184035902
LC-2023-0664270,0,0,0.06381003939059841
LC-2019-0285390,0,0,0.03381361231365239
LC-2022-0287037,0,0,0.32076744576617083
LC-2023-0163749,0,0,0.08709239416048938
LC-2023-0328390,0,0,0.15746574687350798
LC-2019-0594203,0,0,0.03961269327569147
LC-2023-0303540,0,0,0.03437147834717941
LC-2021-0189606,0,0,0.1035582170513727
LC-2019-0631538,0,0,0.01512592642335574
LC-2025-0702174,0,0,0.14535244226572236
LC-2022-0491742,0,0,0.021331223437907873
LC-2025-0319645,0,0,0.0028333411553240068
LC-2024-0560484,0,0,0.013077393043937329
LC-2023-0686366,0,0,0.04843765154005175
LC-2022-0552550,0,0,0.0004963634299968018
LC-2023-0328161,0,0,0.15281338408080822
LC-2024-0336525,0,0,0.16744723575178735
LC-2024-0280011,0,0,7.342177634956852e-05
LC-2019-0274109,0,0,0.17171405447609042
LC-2025-0527195,0,0,0.003567354018486305
LC-2019-0042727,0,0,0.04622445433551261
LC-2024-0370585,0,0,0.2677705079511098
LC-2025-0705351,0,0,0.013356733690004391
LC-2024-0061509,0,0,0.1849655336157393
LC-2019-0214983,0,0,0.0039575762109088355
LC-2023-0338176,0,0,0.021884350294027546
LC-2019-0407724,0,0,0.014263750022458251
LC-2021-0337131,0,0,0.10750157909900876
LC-2019-0265211,0,0,0.04578268787505074
LC-2019-0376277,0,0,0.03428459784640889
LC-2025-0535075,0,0,0.1429300227854812
LC-2021-0153926,0,0,0.0899283496277627
LC-2019-0677868,0,0,0.002901872654521136
LC-2019-0167212,0,0,0.02345723131886746
LC-2019-0141320,0,0,0.23542217176047087
LC-2024-0409639,0,1,0.07189976012914649
LC-2025-0152267,0,0,0.0388042927782422
LC-2021-0231665,0,0,0.008827569873559904
LC-2024-0774161,0,1,0.003025060850490557
LC-2021-0583919,0,0,0.29652701335534615
LC-2025-0765332,0,0,0.11369975363782371
LC-2024-0189849,0,0,0.0006985840022907585
LC-2021-0076074,0,0,0.035555082115512726
LC-2019-0122280,0,0,0.14493236909874826
LC-2025-0144448,0,0,0.42125148636923526
LC-2025-0414244,0,0,0.10172740605166272
LC-2025-0896137,0,0,0.21779705482259146
LC-2022-0305963,0,0,0.07064366876577244
LC-2024-0653972,0,0,0.1315437548865287
LC-2021-0374928,0,0,0.0004229416536472334
LC-2023-0739260,0,0,0.017364466740480453
LC-2021-0278769,0,0,0.04645643689553898
LC-2025-0808073,0,0,0.2872753759025327
LC-2025-0272186,0,0,0.09975367440899915
LC-2022-0579621,0,0,0.4938370050446359
LC-2019-0383215,0,0,0.00803854866197844
LC-2025-0733093,0,0,0.4203260413652664
LC-2019-0504380,0,0,0.03682485521251092
LC-2022-0604563,0,0,0.10548677677008789
LC-2022-0265155,0,0,0.08425491949542029
LC-2025-0359229,0,0,0.07331127497459476
LC-2022-0111952,0,0,0.006631699175118062
LC-2022-0580612,0,0,0.001081703704790743
LC-2023-0462624,0,0,0.7687565663869155
LC-2024-0335355,0,0,0.07430211367352259
LC-2025-0256258,0,0,0.2158254274426624
LC-2021-0143404,0,0,0.07835377356165842
LC-2020-0501593,0,0,0.2383793357963982
LC-2019-0070055,0,0,0.05220880067513035
LC-2021-0112781,0,0,0.09142623737259811
LC-2025-0303009,0,0,0.0741360443014936
LC-2025-0872633,0,0,0.03172036490855839
LC-2022-0555293,0,0,0.028561093262592072
LC-2019-0541299,0,0,0.026975754175267118
LC-2022-0381674,0,0,0.4412904996882673
LC-2025-0493638,0,0,0.1427873543937829
LC-2025-0876222,0,0,0.07033206566910574
LC-2019-0386149,0,0,0.09284660897196803
LC-2021-0633817,0,0,0.4696530538208751
LC-2019-0671887,0,0,0.13947936758911006
LC-2024-0215732,0,0,0.013999834817452402
LC-2024-0062891,0,0,0.0004963634299968018
LC-2019-0466217,0,0,0.0013131226577483626
LC-2024-0237944,0,0,0.023366339822702843
LC-2024-0391328,0,0,0.0052859850364862845
LC-2022-0225281,0,0,0.1737825758471364
LC-2023-0388461,0,0,0.01224797245765281
LC-2024-0157297,0,0,0.19995413552945507
LC-2025-0812909,0,0,0.038281204489895575
LC-2019-0509488,0,0,0.07891684591723058
LC-2025-0749888,0,0,0.032720433611427256
LC-2019-0618708,0,0,0.0513879453685215
LC-2022-0116682,0,0,0.0683391303548264
LC-2021-0035638,0,0,0.013631029586384888
LC-2020-0641853,0,0,0.005817728965311911
LC-2021-0068783,0,0,0.09085949703916044
LC-2020-0254501,0,0,0.0
LC-2019-0816722,0,0,0.008901664712077728
LC-2023-0130366,0,0,0.09503268510799863
LC-2019-0040966,0,0,0.022859241591026785
LC-2024-0690402,0,0,0.14342279259452814
LC-2019-0054502,0,0,0.2514887187894216
LC-2022-0432674,0,0,0.04314405326068429
LC-2025-0002808,0,0,0.11111326254497152
LC-2021-0187855,0,0,0.08443452037693641
LC-2022-0626802,0,0,0.16168092609931378
LC-2020-0662831,0,0,0.00877495764547183
LC-2025-0142026,0,0,0.2522368112285321
LC-2024-0120119,0,0,0.35243256999012557
LC-2022-0228391,0,0,0.10573780800164266
LC-2024-0068067,0,0,0.19215385175834623
LC-2021-0491854,0,0,0.08376609702994803
LC-2023-0026029,0,0,0.22938573265569487
LC-2019-0421934,0,0,0.1400267993336798
LC-2020-0113366,0,0,0.06554826779072276
LC-2021-0423623,0,0,0.006862583707158694
LC-2025-0353995,0,0,0.0006985840022907585
HC-2025-0363774,1,0,0.5569169691511517
LC-2020-0192686,0,0,0.1467489874369779
LC-2025-0760556,0,0,0.003567354018486305
LC-2023-0138013,0,0,0.4013624904755595
LC-2025-0705580,0,0,0.01144438324275194
LC-2019-0386115,0,0,0.0004229416536472334
LC-2025-0151412,0,0,0.06740075730934468
LC-2024-0572764,0,0,0.16225750637002445
LC-2024-0067985,0,0,0.10579164408506445
LC-2024-0073922,0,0,0.20727900389937431
LC-2022-0405866,0,0,0.0171328392798319
LC-2022-0554585,0,0,0.05132147523840398
LC-2020-0569288,0,0,0.005069890419099772
LC-2022-0530606,0,0,0.0066759126436466846
LC-2024-0156324,0,0,0.07441652811705261
LC-2024-0565052,0,1,0.009812722568535815
LC-2025-0811216,0,0,0.017677072374628452
LC-2025-0310075,0,0,0.05723268485773721
LC-2025-0498297,0,0,0.015363211262700143
LC-2024-0586827,0,0,0.5078062450887973
LC-2020-0616610,0,0,0.042708069687941205
LC-2019-0147285,0,0,0.025871864020801678
LC-2023-0459487,0,0,0.3699704526760624
LC-2021-0388832,0,0,0.0043303909028240654
LC-2019-0602996,0,0,0.014466768760010544
LC-2022-0390697,0,0,0.17678356681561072
LC-2021-0424846,0,0,0.04728149436317941
LC-2021-0574037,0,0,0.5712500510231463
LC-2025-0572957,0,0,0.009197531388510975
LC-2023-0137773,0,0,0.37011039696146786
LC-2025-0379253,0,0,0.13059319556776272
LC-2025-0267286,0,0,0.004686523514503927
LC-2020-0433449,0,0,0.17177373457898684
LC-2021-0517880,0,0,0.09671688493298358
LC-2019-0616260,0,0,0.010640830111639285
LC-2020-0159189,0,0,0.10868965039111841
LC-2024-0066381,0,0,0.20168696686838739
LC-2025-0910390,0,0,0.06322925842847611
LC-2023-0497586,0,0,0.16825279469424984
LC-2020-0106920,0,0,0.19448985814932404
LC-2020-0445006,0,0,0.12290500558272262
LC-2025-0444268,0,0,0.44346020368631367
HC-2023-0709833,1,0,0.5008713710441444
LC-2025-0844263,0,0,0.00935255268366478
LC-2025-0950461,0,0,0.020167010593170193
LC-2025-0589642,0,0,0.027241597595894344
LC-2023-0706869,0,0,0.09444874649913995
LC-2020-0361852,0,0,0.19353766316655122
LC-2021-0543390,0,0,0.1294077207536781
LC-2023-0735791,0,0,0.010977022924277229
LC-2021-0482260,0,0,0.07566455073255325
LC-2020-0226584,0,0,0.20149685490839558
LC-2022-0524640,0,0,0.017507414873475614
LC-2019-0683552,0,0,0.021001590607002244
LC-2021-0598275,0,0,0.00856853624115128
LC-2021-0524372,0,0,0.16056521762676257
LC-2020-0108353,0,0,0.2358392806738292
LC-2024-0611467,0,0,0.027715889598194446
LC-2025-0025607,0,0,0.0557655148158751
LC-2022-0123452,0,0,0.0809121835401902
LC-2024-0512191,0,0,0.13862491733849525
LC-2023-0596924,0,0,0.2840105867571983
LC-2025-0888163,0,0,0.37262706780199245
LC-2020-0243296,0,0,0.04057214436124669
LC-2019-0280674,0,0,0.0243661360186049
LC-2025-0059475,0,0,0.021941884705360116
LC-2023-0320068,0,0,0.1463010903758628
LC-2023-0411524,0,0,0.0006985840022907585
LC-2025-0050864,0,0,0.07255670036455977
LC-2025-0444247,0,0,0.0380219222889268
LC-2019-0713195,0,0,0.02865796153032468
LC-2024-0497930,0,0,0.005527690402769308
LC-2020-0021280,0,0,0.08047829140905102
LC-2021-0006243,0,0,0.09696383452143145
LC-2019-0222445,0,0,0.4550219756597605
LC-2021-0422463,0,0,0.14865427559651845
LC-2020-0538816,0,0,0.1784358767942655
LC-2025-0622718,0,0,0.005224535043393085
LC-2025-0103120,0,0,0.2044103515071965
LC-2021-0468048,0,0,0.11359725980840985
LC-2024-0066409,0,1,0.16031712032184844
LC-2025-0155134,0,0,0.1064193682050027
LC-2022-0467441,0,0,0.26875899284267996
LC-2022-0124655,0,0,0.000809511602072585
LC-2023-0404813,0,0,0.0002756423486435253
LC-2023-0705644,0,0,0.006284884073391157
LC-2021-0431930,0,0,0.0034585033812651973
LC-2020-0530719,0,0,0.0034208017263731056
LC-2020-0489792,0,0,0.6062716660503369
LC-2024-0160009,0,0,0.0016008887552406415
LC-2019-0347161,0,0,0.06262023273659231
LC-2024-0360075,0,0,0.009344314947708094
LC-2022-0416020,0,0,0.07023969151211062
LC-2023-0100457,0,0,0.0032001652973507127
LC-2024-0150088,0,0,0.08453797481178908
LC-2024-0615819,0,0,0.07314277920630403
LC-2023-0077628,0,0,0.42616702087265645
LC-2021-0014746,0,0,0.0613046903940969
LC-2023-0403527,0,0,0.08276872919187296
LC-2025-0749272,0,0,0.008917477061492636
LC-2025-0364476,0,0,0.0043303909028240654
LC-2021-0502920,0,0,0.026343650948478795
LC-2024-0676189,0,0,0.004254018727492193
LC-2020-0383282,0,0,0.10780498686528889
LC-2021-0417535,0,0,0.09808171509949722
LC-2022-0304639,0,0,0.029552738306121103
LC-2024-0484739,0,0,0.137586220347747
LC-2023-0147825,0,0,0.029643114097504003
LC-2024-0512467,0,0,0.047213882893479026
LC-2023-0148697,0,0,0.022551037342648513
LC-2021-0623189,0,0,0.0
LC-2023-0183080,0,0,0.022875661362545454
LC-2024-0552266,0,0,0.0021405513552205367
LC-2019-0141593,0,0,0.03955590691837391
LC-2019-0294460,0,0,0.03088834343227944
LC-2024-0159346,0,0,0.15491512599544588
LC-2025-0794892,0,0,0.03524127607729996
LC-2023-0632925,0,0,0.26097762452176904
LC-2023-0155740,0,0,0.05483621240847076
LC-2019-0649893,0,0,0.018267978941445624
LC-2025-0331623,0,0,0.06099545414907517
LC-2024-0740985,0,0,0.1897149466986796
LC-2023-0481160,0,0,0.0861345118878374
LC-2022-0488735,0,0,0.1533152545525718
LC-2024-0786511,0,0,0.007330350701800501
LC-2021-0045240,0,0,0.07591931392810952
LC-2025-0251564,0,0,0.2083973050043877
LC-2025-0306688,0,0,0.1608028476085658
LC-2022-0216199,0,0,0.1278300686430742
LC-2022-0635908,0,0,0.28554432098492827
LC-2021-0434879,0,0,0.0007876922712552258
LC-2019-0670474,0,0,0.016772360577194764
LC-2019-0013857,0,0,0.017643674233754757
LC-2021-0427534,0,0,0.017483971215884665
LC-2022-0247183,0,0,0.04001664314426987
LC-2022-0192385,0,0,0.17562949960600002
LC-2025-0609031,0,0,0.02981870925317143
LC-2020-0110744,0,0,0.08050247325158305
LC-2019-0813696,0,0,0.09180392731919858
LC-2023-0044118,0,0,0.31975655265867187
LC-2024-0553692,0,0,0.34399880520222387
LC-2020-0459319,0,0,0.023010687528360704
LC-2023-0451715,0,1,0.026231907451979647
LC-2019-0123239,0,0,0.06564490001048902
LC-2019-0672538,0,0,0.007494071862523741
LC-2021-0263102,0,0,0.12344993375000515
LC-2022-0108570,0,0,0.007515805564035642
LC-2024-0298737,0,0,0.05974050072361685
LC-2020-0208623,0,0,0.0737069700484214
LC-2025-0833098,0,0,0.13477826930728506
LC-2021-0192945,0,0,0.0007876922712552258
LC-2025-0816438,0,0,0.009253931865297622
LC-2022-0049412,0,0,0.002717389327240831
LC-2024-0385329,0,0,0.0030098968056053717
HC-2024-0635178,1,0,0.3264944977895316
LC-2024-0346523,0,0,0.03858587323665729
LC-2023-0533442,0,0,0.06103844406287377
LC-2024-0728185,0,0,0.0074614577597712775
LC-2022-0696006,0,0,0.004974922833904851
LC-2025-0456283,0,0,0.008061267659156131
HC-2023-0161579,1,0,0.537399039264933
LC-2022-0070624,0,0,0.0036401171939917138
LC-2020-0562240,0,0,0.3887596321925899
LC-2020-0682893,0,0,0.010127470114820378
LC-2019-0667985,0,0,0.0313976237574554
LC-2021-0455610,0,0,0.004812879463728883
LC-2025-0601730,0,0,0.14750002538372264
LC-2024-0180390,0,0,0.07134881710761835
LC-2024-0258100,0,0,0.012513596293970052
LC-2022-0195457,0,0,0.12571853099246078
LC-2023-0281967,0,0,0.0007118622577623397
LC-2019-0013850,0,0,0.08805502414880617
LC-2022-0273908,0,0,0.028417183373936186
LC-2022-0381023,0,0,0.15216925089763061
LC-2023-0178498,0,0,0.13726000112027564
LC-2024-0414757,0,0,0.09044185393319974
LC-2022-0485326,0,0,0.0
LC-2023-0179991,0,0,0.24792505950626567
LC-2025-0862315,0,0,0.021769056168880443
LC-2024-0113905,0,0,0.09137645587468093
LC-2023-0100879,0,0,0.01729439264937383
LC-2024-0458352,0,0,0.23081977412416962
LC-2022-0034059,0,0,0.058398624209201
LC-2022-0550043,0,0,0.3412854634992995
LC-2020-0132882,0,0,0.06691274288906662
LC-2019-0657113,0,0,0.01594150938955787
LC-2025-0042715,0,0,0.0009153679983132447
LC-2022-0016254,0,0,0.037683005145954816
LC-2025-0564946,0,1,0.0002756423486435253
LC-2019-0365035,0,0,0.1183698177994839
LC-2024-0037425,0,0,0.1626469547848688
LC-2022-0685239,0,0,0.0841929109452945
LC-2025-0005212,0,0,0.09380906972868398
LC-2019-0327646,0,0,0.03570554662138211
LC-2019-0027208,0,0,0.06314993787199272
LC-2022-0319467,0,0,0.04290409950272827
LC-2025-0165509,0,0,0.009287807206359083
LC-2021-0430216,0,0,0.0004229416536472334
LC-2025-0952025,0,0,0.3188221266341171
LC-2024-0278381,0,0,0.03558580183090575
LC-2021-0041539,0,0,0.3802794811829313
LC-2025-0685701,0,0,0.048944659801092624
LC-2023-0709376,0,0,0.014812103247929975
LC-2021-0595345,0,0,0.1314457253403158
LC-2024-0701115,0,0,0.32726260826584974
LC-2022-0130873,0,0,0.42422299261857815
LC-2023-0244030,0,0,0.01540246151036382
LC-2022-0159098,0,0,0.03622992806448689
LC-2019-0618037,0,0,0.19449468081773957
LC-2023-0206924,0,0,0.08783218419487632
LC-2023-0572585,0,0,0.0014330753674875957
LC-2022-0452081,0,0,0.12432335073446604
LC-2023-0175194,0,0,0.046207595201634304
LC-2022-0345124,0,0,0.5682012129545134
LC-2025-0398057,0,0,0.009167625018018422
LC-2022-0311225,0,0,0.11172811582862292
LC-2022-0347759,0,0,0.1811970151380029
LC-2023-0522074,0,0,0.004075365715213077
LC-2024-0253495,0,0,0.09522623763952122
LC-2022-0230156,0,0,0.10635012665209029
LC-2025-0747892,0,0,0.5262899571310968
LC-2020-0067413,0,0,0.05332559467111138
LC-2025-0006777,0,0,0.19097898397676855
LC-2025-0950332,0,1,0.04468265513399463
LC-2021-0153815,0,0,0.03758282699313211
LC-2025-0930755,0,0,0.020543998260260866
LC-2025-0788111,0,0,0.3633069388445782
LC-2020-0660121,0,0,0.00785620881192584
LC-2019-0350680,0,0,0.011273222449289482
LC-2021-0454655,0,0,0.06272214240974495
LC-2023-0512215,0,0,0.07965281935932131
LC-2020-0553609,0,0,0.009258851485959896
LC-2021-0250065,0,0,0.1502546627321796
LC-2023-0649862,0,0,0.06027047585375143
LC-2019-0433054,0,0,0.022423672403062846
LC-2024-0455584,0,0,0.09864480617521457
LC-2025-0820079,0,0,0.1694158660415593
LC-2025-0707751,0,0,0.03374243893137816
LC-2020-0449424,0,0,0.15286246215308258
LC-2024-0445639,0,0,0.48631444792113315
LC-2021-0034628,0,0,0.43605378149226903
LC-2025-0213740,0,0,0.12953400618957928
LC-2021-0379731,0,0,0.12760880578006342
LC-2020-0481519,0,0,0.36451742976123447
LC-2021-0319621,0,0,0.3386028548487825
LC-2020-0226581,0,0,0.13184393526970928
LC-2025-0495395,0,0,0.09426166702435018
LC-2019-0775565,0,0,0.01907281910894666
LC-2020-0650434,0,0,0.059995254309044295
LC-2025-0166069,0,0,0.05707401152359676
LC-2023-0720591,0,0,0.040310103286703806
LC-2022-0577005,0,0,0.04560686389587839
LC-2023-0621020,0,0,0.2627695080308044
LC-2021-0160369,0,0,0.08771186709163217
LC-2025-0272662,0,0,0.013294867647569285
LC-2020-0245886,0,0,0.04003192190349858
LC-2022-0394458,0,0,0.00477162603901356
LC-2019-0050069,0,0,0.03312909926370727
LC-2019-0282841,0,0,0.017308424030951026
LC-2019-0400466,0,0,0.006131967698852028
LC-2020-0103770,0,0,0.014021599242861713
LC-2024-0752314,0,0,0.0600335009303125
LC-2019-0496118,0,0,0.28924794159263933
LC-2023-0377139,0,0,0.11685188453878755
LC-2019-0057798,0,0,0.102913358973802
LC-2022-0439661,0,0,0.1251411237104576
LC-2022-0134807,0,0,0.022642378794512464
LC-2025-0438672,0,0,0.005246391778879832
LC-2025-0821584,0,0,0.0004963634299968018
LC-2021-0010725,0,0,0.10632096691790688
LC-2019-0574048,0,0,0.01772310044768524
LC-2024-0769072,0,0,0.12110367774898653
LC-2024-0747032,0,0,0.0009140828300562965
LC-2020-0539552,0,0,0.024052578330775704
LC-2021-0143364,0,0,0.2423604774934592
LC-2021-0213988,0,0,0.0006985840022907585
LC-2025-0672639,0,0,0.04776464778251132
LC-2025-0090665,0,0,0.019766465841895852
LC-2019-0531548,0,0,0.08972190854289512
LC-2022-0325931,0,0,0.019424816512003774
LC-2024-0361101,0,0,0.10943165547943394
LC-2019-0085951,0,0,0.009915427715125668
LC-2019-0591238,0,0,0.024335261948511225
LC-2025-0667313,0,0,0.009387590999957625
LC-2023-0014347,0,0,0.09335151128332461
LC-2019-0179839,0,0,0.08567154590997068
LC-2023-0711297,0,0,0.023859771263590738
LC-2019-0235737,0,0,0.010128738540056938
LC-2019-0292337,0,0,0.10483914039949037
LC-2024-0616482,0,0,0.012918270609572664
LC-2023-0262900,0,0,0.001803109327534598
LC-2024-0260857,0,0,0.14088652894164153
LC-2023-0008120,0,0,0.2746615480293567
LC-2019-0380285,0,0,0.0031093088899630627
LC-2019-0223307,0,0,0.035564562813840066
LC-2025-0338536,0,0,0.001803109327534598
LC-2020-0295115,0,0,0.1877506616047988
LC-2020-0438546,0,0,0.41082434363175124
LC-2023-0722193,0,0,0.05872231898743356
LC-2024-0626398,0,0,0.0075335862597506395
LC-2024-0417446,0,0,0.18882163190036352
LC-2024-0587873,0,0,0.14296849882364512
LC-2025-0103975,0,0,0.03346651200804029
LC-2021-0500745,0,0,0.021039505015329505
LC-2025-0338801,0,0,0.3430813535686751
LC-2025-0194324,0,0,0.16890883026937292
LC-2020-0623067,0,0,0.10364218621670435
LC-2022-0306696,0,0,0.06883691201631656
LC-2025-0569363,0,0,0.09321739207577096
LC-2024-0032605,0,0,0.31592082166190305
LC-2021-0423529,0,0,0.2596734271138618
LC-2025-0513243,0,0,0.010140932485906078
LC-2022-0411581,0,0,0.13097779646835123
LC-2024-0156690,0,0,0.0030272821786984983
LC-2020-0050933,0,0,0.03812966102057111
LC-2024-0347413,0,0,0.2812831808811275
LC-2019-0023868,0,0,0.029277278606885223
LC-2024-0248572,0,0,7.342177634956852e-05
LC-2021-0602064,0,0,0.0690948532948754
LC-2022-0034558,0,0,0.10027491390594555
LC-2025-0266996,0,0,0.05261951130787093
LC-2023-0420665,0,0,0.36424033052574495
LC-2025-0868418,0,0,0.10413482823233884
LC-2022-0053191,0,0,0.4762514165769997
LC-2021-0521245,0,0,0.0009022373077909242
LC-2019-0234783,0,0,0.028629031982412595
LC-2024-0254379,0,0,0.08063896974856906
LC-2019-0685223,0,0,0.10757097310276575
LC-2022-0012779,0,0,0.07811596855314723
LC-2021-0425139,0,0,0.28368071392750244
LC-2019-0412588,0,0,0.020152965042044967
LC-2022-0647614,0,0,0.05320807819975217
LC-2024-0339070,0,0,0.025506018644148646
LC-2020-0639897,0,0,0.05574353149062698
LC-2021-0246322,0,0,0.37704304853201626
LC-2023-0365956,0,0,0.013000262474850668
LC-2023-0169687,0,0,0.10053975277170281
LC-2022-0630966,0,0,0.09423606925836399
LC-2025-0501660,0,0,0.014902074210973998
LC-2021-0455696,0,0,0.2399571789255267
LC-2021-0446414,0,0,0.03811014877670638
LC-2024-0417445,0,0,0.1662778732641415
LC-2019-0407499,0,0,0.009942347633576515
LC-2021-0610897,0,0,0.11991239201727318
LC-2020-0091137,0,0,0.05628059948819466
LC-2020-0063000,0,0,0.010814028466249929
LC-2022-0490702,0,1,0.0004229416536472334
LC-2019-0191496,0,0,0.07969921018677689
HC-2019-0282465,1,0,0.413959259165796
LC-2025-0855432,0,0,0.01046165132805748
LC-2025-0456600,0,0,0.26180751654603934
LC-2021-0137832,0,0,0.0030595806948619368
LC-2022-0182529,0,0,0.3312016615882715
LC-2025-0826637,0,0,0.05987922580688404
LC-2021-0606395,0,0,0.17532068390996847
LC-2023-0531530,0,0,0.0040910005923890215
LC-2019-0513293,0,0,0.058827818748763694
LC-2020-0082089,0,0,0.10990857926158099
LC-2019-0598818,0,0,0.0667780138493278
LC-2022-0480991,0,0,0.23223901871838326
LC-2022-0630581,0,0,0.031702589480644756
LC-2019-0206391,0,0,0.006097233843210819
LC-2022-0008308,0,0,0.05269736572462846
LC-2024-0780685,0,0,0.0653744305479026
LC-2020-0674774,0,0,0.03212644318953937
